,tre_pos,rule,sens,spec,acc,mcc,pvalue,closest_subsite,dist_subsite
0,1,"POL=>CBH, not POL=>EGL",86.90658499,23.75565611,70.9382151,0.127093335,1.62149E-07,-5,13.01627834
1,1,"not POL=>CBH, POL=>EGL",13.09341501,76.24434389,29.0617849,-0.127093335,1.62149E-07,-5,13.01627834
2,2,"POL=>CBH, not POL=>EGL",75.65084227,37.55656109,66.01830664,0.128293291,1.1433E-07,-5,13.71576332
3,2,"not POL=>CBH, POL=>EGL",24.34915773,62.44343891,33.98169336,-0.128293291,1.1433E-07,-5,13.71576332
4,3,"ALI=>CBH, not ALI=>EGL",93.41500766,27.8280543,76.83066362,0.284581973,3.33177E-32,-6,13.54291813
5,3,"not ALI=>CBH, ALI=>EGL",6.584992343,72.1719457,23.16933638,-0.284581973,3.33177E-32,-6,13.54291813
6,4,"ALI=>CBH, not ALI=>EGL",94.86983155,30.99547511,78.71853547,0.350156041,5.5078E-48,-7,10.86274801
7,4,"not ALI=>CBH, ALI=>EGL",5.130168453,69.00452489,21.28146453,-0.350156041,5.5078E-48,-7,10.86274801
8,5,"POL=>CBH, not POL=>EGL",87.97856049,52.0361991,78.89016018,0.418907745,3.57236E-68,-7,9.963619169
9,5,"not POL=>CBH, POL=>EGL",12.02143951,47.9638009,21.10983982,-0.418907745,3.57236E-68,-7,9.963619169
10,6,"POL=>CBH, not POL=>EGL",43.18529862,86.87782805,54.23340961,0.272930759,7.1238E-30,-7,6.63233844
11,7,"POL=>CBH, not POL=>EGL",75.42113323,52.94117647,69.73684211,0.264824161,3.30982E-28,-7,6.506096166
12,7,"not POL=>CBH, POL=>EGL",24.57886677,47.05882353,30.26315789,-0.264824161,3.30982E-28,-7,6.506096166
13,8,"ALI=>CBH, not ALI=>EGL",62.32771822,34.38914027,55.26315789,-0.02958318,0.238077056,-7,9.824105926
14,8,"not ALI=>CBH, ALI=>EGL",37.67228178,65.61085973,44.73684211,0.02958318,0.238077056,-7,9.824105926
15,9,"NEG=>CBH, not NEG=>EGL",95.0229709,14.9321267,74.77116705,0.164337845,1.32101E-11,-6,11.15039702
16,9,"not NEG=>CBH, NEG=>EGL",4.977029096,85.0678733,25.22883295,-0.164337845,1.32101E-11,-6,11.15039702
17,10,"POL=>CBH, not POL=>EGL",68.91271057,78.73303167,71.39588101,0.418146008,5.17027E-68,-6,13.98319246
18,10,"not ALI=>CBH, ALI=>EGL",78.94333844,54.97737557,72.88329519,0.322871917,3.58549E-41,-6,13.98319246
19,10,"POL=>CBH, ALI=>EGL",73.9280245,66.85520362,72.1395881,0.36845408,7.68E-105,-6,13.98319246
20,11,"ARO=>CBH, not ARO=>EGL",86.29402757,21.04072398,69.79405034,0.087950943,0.000316699,-5,15.6150958
21,11,"not ARO=>CBH, ARO=>EGL",13.70597243,78.95927602,30.20594966,-0.087950943,0.000316699,-5,15.6150958
22,12,"ALI=>CBH, not ALI=>EGL",95.55895865,6.334841629,72.99771167,0.038058544,0.14319965,-5,15.03966186
23,12,"not ALI=>CBH, ALI=>EGL",4.441041348,93.66515837,27.00228833,-0.038058544,0.14319965,-5,15.03966186
24,13,"POL=>CBH, not POL=>EGL",41.42419602,80.31674208,51.25858124,0.19695734,2.90371E-16,-2,19.15938299
25,13,"not POS=>CBH, POS=>EGL",79.09647779,57.91855204,73.74141876,0.350212093,3.64807E-48,-2,19.15938299
26,13,"POL=>CBH, POS=>EGL",60.26033691,69.11764706,62.5,0.255794341,2.02127E-51,-2,19.15938299
27,14,"ALI=>CBH, not ALI=>EGL",94.18070444,12.44343891,73.51258581,0.109350756,7.91918E-06,-2,15.25448533
28,14,"not ALI=>CBH, ALI=>EGL",5.819295559,87.55656109,26.48741419,-0.109350756,7.91918E-06,-2,15.25448533
29,15,"POL=>CBH, not POL=>EGL",82.31240429,50.90497738,74.37070938,0.328801993,1.26097E-42,-2,19.49788243
30,15,"not POL=>CBH, POL=>EGL",17.68759571,49.09502262,25.62929062,-0.328801993,1.26097E-42,-2,19.49788243
31,16,"ARO=>CBH, not ARO=>EGL",72.28177642,89.14027149,76.54462243,0.538877787,7.3808E-112,-2,19.02915655
32,16,"not POL=>CBH, POL=>EGL",93.72128637,84.61538462,91.4187643,0.775414926,1.1155E-229,-2,19.02915655
33,16,"ARO=>CBH, POL=>EGL",83.00153139,86.87782805,83.98169336,0.638208045,0,-2,19.02915655
34,17,"POL=>CBH, not POL=>EGL",81.24042879,84.61538462,82.09382151,0.598528102,1.4178E-137,-1,21.63542162
35,17,"not ARO=>CBH, ARO=>EGL",97.70290965,74.43438914,91.81922197,0.77614748,4.9339E-230,-1,21.63542162
36,17,"POL=>CBH, ARO=>EGL",89.47166922,79.52488688,86.95652174,0.668102109,0,-1,21.63542162
37,18,"POS=>CBH, not POS=>EGL",44.10413476,29.41176471,40.38901602,-0.230256682,1.05074E-21,-1,23.5463223
38,18,"not POS=>CBH, POS=>EGL",55.89586524,70.58823529,59.61098398,0.230256682,1.05074E-21,-1,23.5463223
39,19,"ALI=>CBH, not ALI=>EGL",93.95099541,5.20361991,71.51029748,-0.015675525,0.59057563,-1,24.54180306
40,19,"not ALI=>CBH, ALI=>EGL",6.049004594,94.79638009,28.48970252,0.015675525,0.59057563,-1,24.54180306
41,20,"POL=>CBH, not POL=>EGL",83.07810107,7.918552036,64.07322654,-0.110683354,5.37098E-06,-1,27.46748956
42,20,"not POL=>CBH, POL=>EGL",16.92189893,92.08144796,35.92677346,0.110683354,5.37098E-06,-1,27.46748956
43,21,"ALI=>CBH, not ALI=>EGL",46.40122511,80.31674208,54.9771167,0.237406873,5.64355E-23,-1,29.17383369
44,21,"not POL=>CBH, POL=>EGL",65.54364472,35.52036199,57.95194508,0.009713817,0.727588927,-1,29.17383369
45,21,"ALI=>CBH, POL=>EGL",55.97243492,57.91855204,56.46453089,0.12090121,1.16409E-12,-1,29.17383369
46,22,"ALI=>CBH, not ALI=>EGL",45.32924962,57.239819,48.3409611,0.022460513,0.37685231,-1,31.71982588
47,22,"not ALI=>CBH, ALI=>EGL",54.67075038,42.760181,51.6590389,-0.022460513,0.37685231,-1,31.71982588
48,23,"ALI=>CBH, not ALI=>EGL",81.08728943,35.74660633,69.62242563,0.173421061,6.70285E-13,-1,31.30281936
49,23,"not ALI=>CBH, ALI=>EGL",18.91271057,64.25339367,30.37757437,-0.173421061,6.70285E-13,-1,31.30281936
50,24,"POL=>CBH, not POL=>EGL",55.6661562,98.19004525,66.4187643,0.474209281,5.3422E-87,-1,28.94143765
51,24,"not ALI=>CBH, ALI=>EGL",78.94333844,95.47511312,83.12356979,0.660610703,3.0627E-167,-1,28.94143765
52,24,"POL=>CBH, ALI=>EGL",67.30474732,96.83257919,74.77116705,0.55767964,6.9386E-238,-1,28.94143765
53,25,"ALI=>CBH, not ALI=>EGL",94.64012251,4.298642534,71.79633867,-0.02098341,0.451971218,-1,26.46451019
54,25,"not ALI=>CBH, ALI=>EGL",5.359877489,95.70135747,28.20366133,0.02098341,0.451971218,-1,26.46451019
55,26,"POL=>CBH, not POL=>EGL",76.9525268,75.11312217,76.48741419,0.470863168,8.72248E-86,-2,25.94325469
56,26,"not ALI=>CBH, ALI=>EGL",88.05513017,46.83257919,77.63157895,0.373832435,1.32399E-54,-2,25.94325469
57,26,"POL=>CBH, ALI=>EGL",82.50382848,60.97285068,77.05949657,0.418667655,8.0558E-135,-2,25.94325469
58,27,"POL=>CBH, not POL=>EGL",71.43950995,71.26696833,71.39588101,0.379952521,1.95848E-56,-2,25.46998309
59,27,"not POL=>CBH, POL=>EGL",28.56049005,28.73303167,28.60411899,-0.379952521,1.95848E-56,-2,25.46998309
60,28,"POL=>CBH, not POL=>EGL",43.33843798,48.41628959,44.62242563,-0.071978583,0.003135839,-2,22.73267436
61,28,"not POL=>CBH, POL=>EGL",56.66156202,51.58371041,55.37757437,0.071978583,0.003135839,-2,22.73267436
62,29,"POL=>CBH, not POL=>EGL",68.0704441,33.4841629,59.32494279,0.014447302,0.585615482,-2,22.02517529
63,29,"not POL=>CBH, POL=>EGL",31.9295559,66.5158371,40.67505721,-0.014447302,0.585615482,-2,22.02517529
64,30,"ALI=>CBH, not ALI=>EGL",63.24655436,89.59276018,69.90846682,0.459335068,9.79977E-82,-2,19.38231793
65,30,"not POL=>CBH, POL=>EGL",78.17764165,87.1040724,80.43478261,0.583616404,6.7307E-131,-2,19.38231793
66,30,"ALI=>CBH, POL=>EGL",70.71209801,88.34841629,75.17162471,0.516877816,1.3206E-204,-2,19.38231793
67,31,"POL=>CBH, not POL=>EGL",46.17151608,51.13122172,47.42562929,-0.023493952,0.353862708,-2,15.74275709
68,31,"not POL=>CBH, POL=>EGL",53.82848392,48.86877828,52.57437071,0.023493952,0.353862708,-2,15.74275709
69,32,"ALI=>CBH, not ALI=>EGL",96.24808576,2.488687783,72.54004577,-0.030157969,0.267105995,-2,13.36907631
70,32,"not ALI=>CBH, ALI=>EGL",3.751914242,97.51131222,27.45995423,0.030157969,0.267105995,-2,13.36907631
71,33,"ALI=>CBH, not ALI=>EGL",75.8805513,4.298642534,57.78032037,-0.21913215,9.74743E-20,-2,10.49122102
72,33,"not ALI=>CBH, ALI=>EGL",24.1194487,95.70135747,42.21967963,0.21913215,9.74743E-20,-2,10.49122102
73,34,"ALI=>CBH, not ALI=>EGL",96.24808576,15.15837104,75.74370709,0.199179396,2.08706E-16,-4,7.139392474
74,34,"not ALI=>CBH, ALI=>EGL",3.751914242,84.84162896,24.25629291,-0.199179396,2.08706E-16,-4,7.139392474
75,35,"NEG=>CBH, not NEG=>EGL",96.47779479,3.846153846,73.05491991,0.007554203,0.866410368,-3,4.856618425
76,35,"not NEG=>CBH, NEG=>EGL",3.522205207,96.15384615,26.94508009,-0.007554203,0.866410368,-3,4.856618425
77,36,"ALI=>CBH, not ALI=>EGL",60.87289433,74.88687783,64.41647597,0.311069422,2.33538E-38,-5,6.569729617
78,36,"not POL=>CBH, POL=>EGL",65.31393568,39.81900452,58.86727689,0.046484543,0.059274819,-5,6.569729617
79,36,"ALI=>CBH, POL=>EGL",63.09341501,57.35294118,61.64187643,0.180015454,2.844E-26,-5,6.569729617
80,37,"POL=>CBH, not POL=>EGL",94.10413476,74.88687783,89.24485126,0.708912708,3.2325E-192,-4,3.099657133
81,37,"not ALI=>CBH, ALI=>EGL",99.54058193,50.67873303,87.18535469,0.645734074,1.421E-159,-4,3.099657133
82,37,"POL=>CBH, ALI=>EGL",96.82235835,62.78280543,88.21510297,0.670741462,0,-4,3.099657133
83,38,"ARO=>CBH, not ARO=>EGL",94.18070444,70.58823529,88.21510297,0.677429639,1.184E-175,-4,3.208604309
84,38,"not ALI=>CBH, ALI=>EGL",98.54517611,33.4841629,82.09382151,0.473594368,1.87961E-86,-4,3.208604309
85,38,"ARO=>CBH, ALI=>EGL",96.36294028,52.0361991,85.15446224,0.575647144,3.9669E-253,-4,3.208604309
86,39,"POS=>CBH, not POS=>EGL",96.47779479,75.56561086,91.18993135,0.759175372,3.5751E-220,-5,3.565940114
87,39,"not ARO=>CBH, ARO=>EGL",100,60.40723982,89.98855835,0.729858307,1.7149E-203,-5,3.565940114
88,39,"POS=>CBH, ARO=>EGL",98.2388974,67.98642534,90.58924485,0.741205165,0,-5,3.565940114
89,40,"ARO=>CBH, not ARO=>EGL",93.33843798,64.02714932,85.92677346,0.610391808,6.6118E-143,-6,3.409562423
90,40,"not ARO=>CBH, ARO=>EGL",6.661562021,35.97285068,14.07322654,-0.610391808,6.6118E-143,-6,3.409562423
91,41,"ALI=>CBH, not ALI=>EGL",71.74578867,21.04072398,58.92448513,-0.071102771,0.003610289,-6,5.156784045
92,41,"not ALI=>CBH, ALI=>EGL",28.25421133,78.95927602,41.07551487,0.071102771,0.003610289,-6,5.156784045
93,42,"ARO=>CBH, not ARO=>EGL",93.03215926,32.12669683,77.63157895,0.321728354,9.02734E-41,-7,6.803020746
94,42,"not ARO=>CBH, ARO=>EGL",6.967840735,67.87330317,22.36842105,-0.321728354,9.02734E-41,-7,6.803020746
95,43,"POL=>CBH, not POL=>EGL",59.95405819,47.73755656,56.86498856,0.067738136,0.005497783,-7,9.129095855
96,43,"not POL=>CBH, POL=>EGL",40.04594181,52.26244344,43.13501144,-0.067738136,0.005497783,-7,9.129095855
97,44,"POL=>CBH, not POL=>EGL",46.93721286,96.3800905,59.43935927,0.392286868,4.81322E-60,-7,12.09196951
98,45,"POL=>CBH, not POL=>EGL",50.38284839,73.07692308,56.12128146,0.205204262,1.54092E-17,-7,11.8208411
99,45,"not ALI=>CBH, ALI=>EGL",79.86217458,38.91402715,69.50800915,0.188761524,4.94477E-15,-7,11.8208411
100,45,"POL=>CBH, ALI=>EGL",65.12251149,55.99547511,62.81464531,0.187197233,2.77761E-28,-7,11.8208411
101,46,"ALI=>CBH, not ALI=>EGL",72.28177642,74.88687783,72.94050343,0.419124802,2.55681E-68,-7,8.137919208
102,47,"ARO=>CBH, not ARO=>EGL",46.78407351,86.19909502,56.75057208,0.294702843,1.40134E-34,-7,3.888140831
103,48,"POL=>CBH, not POL=>EGL",81.69984686,71.71945701,79.17620137,0.498546216,5.95527E-96,-7,6.067238611
104,48,"not ALI=>CBH, ALI=>EGL",96.47779479,31.22171946,79.9771167,0.392308385,8.05615E-60,-7,6.067238611
105,48,"POL=>CBH, ALI=>EGL",89.08882083,51.47058824,79.57665904,0.431567638,4.2757E-143,-7,6.067238611
106,49,"POL=>CBH, not POL=>EGL",93.03215926,42.53393665,80.26315789,0.422090832,4.02917E-69,-7,2.67235421
107,49,"not POL=>CBH, POL=>EGL",6.967840735,57.46606335,19.73684211,-0.422090832,4.02917E-69,-7,2.67235421
108,50,"ALI=>CBH, not ALI=>EGL",96.78407351,21.94570136,77.8604119,0.300905314,9.73476E-36,-6,7.385743521
109,50,"not ALI=>CBH, ALI=>EGL",3.215926493,78.05429864,22.1395881,-0.300905314,9.73476E-36,-6,7.385743521
110,51,"ARO=>CBH, not ARO=>EGL",92.64931087,97.9638009,93.99313501,0.857322219,1.9611E-280,-5,3.587408484
111,51,"not ALI=>CBH, ALI=>EGL",97.54977029,43.21266968,83.81006865,0.531074614,1.9728E-108,-5,3.587408484
112,51,"ARO=>CBH, ALI=>EGL",95.09954058,70.58823529,88.90160183,0.694858385,0,-5,3.587408484
113,52,"POL=>CBH, not POL=>EGL",72.20520674,48.64253394,66.24713959,0.192612678,1.30126E-15,-6,4.195388692
114,52,"not POL=>CBH, POL=>EGL",27.79479326,51.35746606,33.75286041,-0.192612678,1.30126E-15,-6,4.195388692
115,53,"ALI=>CBH, not ALI=>EGL",90.73506891,78.50678733,87.64302059,0.679709772,7.0778E-177,-5,4.902027864
116,53,"not ARO=>CBH, ARO=>EGL",99.69372129,29.41176471,81.9221968,0.475503167,4.70412E-87,-5,4.902027864
117,53,"ALI=>CBH, ARO=>EGL",95.2143951,53.95927602,84.7826087,0.56610611,6.8808E-245,-5,4.902027864
118,54,"POL=>CBH, not POL=>EGL",91.57733538,63.57466063,84.49656751,0.575261958,3.9733E-127,-5,7.11320921
119,54,"not ALI=>CBH, ALI=>EGL",97.77947933,42.760181,83.86727689,0.533321223,2.493E-109,-5,7.11320921
120,54,"POL=>CBH, ALI=>EGL",94.67840735,53.16742081,84.1819222,0.54830822,7.6162E-230,-5,7.11320921
121,55,"POL=>CBH, not POL=>EGL",48.2388974,94.79638009,60.01144165,0.386672851,2.18563E-58,-5,7.941840915
122,55,"not ALI=>CBH, ALI=>EGL",89.96937213,67.42081448,84.26773455,0.579654639,4.5029E-129,-5,7.941840915
123,55,"POL=>CBH, ALI=>EGL",69.10413476,81.10859729,72.1395881,0.440129655,7.4514E-149,-5,7.941840915
124,56,"ARO=>CBH, not ARO=>EGL",95.86523737,95.70135747,95.82379863,0.893486145,2.0474E-304,-5,8.873282958
125,56,"not ALI=>CBH, ALI=>EGL",100,69.68325792,92.33409611,0.794977004,3.4371E-241,-5,8.873282958
126,56,"ARO=>CBH, ALI=>EGL",97.93261868,82.69230769,94.07894737,0.839812748,0,-5,8.873282958
127,57,"NEG=>CBH, not NEG=>EGL",60.6431853,72.62443439,63.67276888,0.28948484,1.98679E-33,-6,10.67091539
128,57,"not POL=>CBH, POL=>EGL",66.15620214,49.77375566,62.01372998,0.142742547,3.39597E-09,-6,10.67091539
129,57,"NEG=>CBH, POL=>EGL",63.39969372,61.19909502,62.84324943,0.2160773,3.69799E-37,-6,10.67091539
130,58,"POL=>CBH, not POL=>EGL",48.9280245,66.74208145,53.43249428,0.136916518,1.43595E-08,-6,13.88307336
131,58,"not ALI=>CBH, ALI=>EGL",70.75038285,35.29411765,61.78489703,0.056919269,0.020333665,-6,13.88307336
132,58,"POL=>CBH, ALI=>EGL",59.83920368,51.01809955,57.60869565,0.095347385,2.16471E-08,-6,13.88307336
133,59,"POL=>CBH, not POL=>EGL",79.01990812,33.03167421,67.39130435,0.122603569,4.15872E-07,-7,13.69144656
134,59,"not POL=>CBH, POL=>EGL",20.98009188,66.96832579,32.60869565,-0.122603569,4.15872E-07,-7,13.69144656
135,60,"ALI=>CBH, not ALI=>EGL",85.22205207,26.24434389,70.30892449,0.130647174,7.04131E-08,-7,10.33293141
136,60,"not ALI=>CBH, ALI=>EGL",14.77794793,73.75565611,29.69107551,-0.130647174,7.04131E-08,-7,10.33293141
137,61,"ALI=>CBH, not ALI=>EGL",95.86523737,24.43438914,77.80320366,0.304271778,1.50949E-36,-5,12.31814504
138,61,"not ALI=>CBH, ALI=>EGL",4.134762634,75.56561086,22.19679634,-0.304271778,1.50949E-36,-5,12.31814504
139,62,"ALI=>CBH, not ALI=>EGL",66.61562021,28.50678733,56.97940503,-0.045391834,0.065932649,-5,16.77991636
140,62,"not ALI=>CBH, ALI=>EGL",33.38437979,71.49321267,43.02059497,0.045391834,0.065932649,-5,16.77991636
141,63,"NEG=>CBH, not NEG=>EGL",68.68300153,48.64253394,63.61556064,0.157178789,7.31394E-11,-5,16.59096433
142,63,"not NEG=>CBH, NEG=>EGL",31.31699847,51.35746606,36.38443936,-0.157178789,7.31394E-11,-5,16.59096433
143,64,"ALI=>CBH, not ALI=>EGL",57.96324655,75.33936652,62.35697941,0.289512818,1.95755E-33,-5,15.57528468
144,64,"not NEG=>CBH, NEG=>EGL",79.55589587,30.09049774,67.04805492,0.099809702,4.00042E-05,-5,15.57528468
145,64,"ALI=>CBH, NEG=>EGL",68.75957121,52.71493213,64.70251716,0.193688139,3.64998E-30,-5,15.57528468
146,65,"ALI=>CBH, not ALI=>EGL",34.30321593,58.82352941,40.50343249,-0.062223435,0.010952894,-5,18.30234945
147,65,"not ALI=>CBH, ALI=>EGL",65.69678407,41.17647059,59.49656751,0.062223435,0.010952894,-5,18.30234945
148,66,"POL=>CBH, not POL=>EGL",69.98468606,45.92760181,63.90160183,0.145962809,1.49869E-09,-6,17.12844986
149,66,"not POL=>CBH, POL=>EGL",30.01531394,54.07239819,36.09839817,-0.145962809,1.49869E-09,-6,17.12844986
150,67,"ALI=>CBH, not ALI=>EGL",97.24349158,20.36199095,77.80320366,0.295882962,1.4098E-34,-5,12.30337596
151,67,"not ALI=>CBH, ALI=>EGL",2.756508423,79.63800905,22.19679634,-0.295882962,1.4098E-34,-5,12.30337596
152,68,"ALI=>CBH, not ALI=>EGL",83.6906585,38.46153846,72.25400458,0.232773649,4.22398E-22,-5,15.28080641
153,68,"not ALI=>CBH, ALI=>EGL",16.3093415,61.53846154,27.74599542,-0.232773649,4.22398E-22,-5,15.28080641
154,69,"POL=>CBH, not POL=>EGL",47.01378254,75.33936652,54.17620137,0.197283315,2.56138E-16,-6,17.0851255
155,69,"not POS=>CBH, POS=>EGL",82.69525268,34.38914027,70.4805492,0.180374895,7.75116E-14,-6,17.0851255
156,69,"POL=>CBH, POS=>EGL",64.85451761,54.86425339,62.32837529,0.174855426,7.1211E-25,-6,17.0851255
157,70,"POL=>CBH, not POL=>EGL",74.65543645,23.75565611,61.78489703,-0.015961407,0.546015306,-7,13.53056318
158,70,"not POL=>CBH, POL=>EGL",25.34456355,76.24434389,38.21510297,0.015961407,0.546015306,-7,13.53056318
159,71,"ALI=>CBH, not ALI=>EGL",97.32006126,18.77828054,77.45995423,0.278887508,7.35044E-31,-6,11.60836974
160,71,"not ALI=>CBH, ALI=>EGL",2.679938744,81.22171946,22.54004577,-0.278887508,7.35044E-31,-6,11.60836974
161,72,"ALI=>CBH, not ALI=>EGL",91.96018377,36.19909502,77.8604119,0.341279921,1.02859E-45,-6,9.417406553
162,72,"not ALI=>CBH, ALI=>EGL",8.039816233,63.80090498,22.1395881,-0.341279921,1.02859E-45,-6,9.417406553
163,73,"ALI=>CBH, not ALI=>EGL",97.09035222,15.15837104,76.37299771,0.224057824,2.2062E-20,-5,8.639834183
164,73,"not ALI=>CBH, ALI=>EGL",2.909647779,84.84162896,23.62700229,-0.224057824,2.2062E-20,-5,8.639834183
165,74,"NEG=>CBH, not NEG=>EGL",96.0949464,23.98190045,77.8604119,0.305206173,9.34132E-37,-6,7.296392739
166,74,"not NEG=>CBH, NEG=>EGL",3.905053599,76.01809955,22.1395881,-0.305206173,9.34132E-37,-6,7.296392739
167,75,"ALI=>CBH, not ALI=>EGL",96.55436447,21.49321267,77.57437071,0.288997835,4.44907E-33,-6,6.876961155
168,75,"not ALI=>CBH, ALI=>EGL",3.445635528,78.50678733,22.42562929,-0.288997835,4.44907E-33,-6,6.876961155
169,76,"ALI=>CBH, not ALI=>EGL",94.25727412,24.43438914,76.60183066,0.265367636,3.61881E-28,-6,7.723659307
170,76,"not ALI=>CBH, ALI=>EGL",5.742725881,75.56561086,23.39816934,-0.265367636,3.61881E-28,-6,7.723659307
171,77,"NEG=>CBH, not NEG=>EGL",79.7856049,71.94570136,77.80320366,0.47711756,5.02052E-88,-6,7.434274688
172,78,"ARO=>CBH, not ARO=>EGL",96.0949464,46.15384615,83.46681922,0.520231962,3.7313E-104,-6,9.904093465
173,78,"not ARO=>CBH, ARO=>EGL",3.905053599,53.84615385,16.53318078,-0.520231962,3.7313E-104,-6,9.904093465
174,79,"POL=>CBH, not POL=>EGL",48.62174579,84.16289593,57.60869565,0.290480145,1.21302E-33,-5,10.73765951
175,79,"not ARO=>CBH, ARO=>EGL",99.00459418,43.66515837,85.01144165,0.575210825,6.65E-127,-5,10.73765951
176,79,"POL=>CBH, ARO=>EGL",73.81316998,63.91402715,71.31006865,0.342203545,1.13117E-90,-5,10.73765951
177,80,"ALI=>CBH, not ALI=>EGL",68.60643185,88.23529412,73.56979405,0.495907661,5.44105E-95,-6,8.320268954
178,81,"POL=>CBH, not POL=>EGL",90.35222052,56.78733032,81.86498856,0.498171365,9.71236E-96,-5,4.110386496
179,81,"not POL=>CBH, POL=>EGL",9.647779479,43.21266968,18.13501144,-0.498171365,9.71236E-96,-5,4.110386496
180,82,"ARO=>CBH, not ARO=>EGL",94.94640123,68.32579186,88.21510297,0.674577977,3.5552E-174,-5,3.821502303
181,82,"not ALI=>CBH, ALI=>EGL",99.46401225,43.43891403,85.29748284,0.587107179,3.9593E-132,-5,3.821502303
182,82,"ARO=>CBH, ALI=>EGL",97.20520674,55.88235294,86.75629291,0.625971075,5.2212E-299,-5,3.821502303
183,83,"ALI=>CBH, not ALI=>EGL",96.24808576,1.809954751,72.36842105,-0.047524073,0.066947781,-5,8.892132963
184,83,"not ALI=>CBH, ALI=>EGL",3.751914242,98.19004525,27.63157895,0.047524073,0.066947781,-5,8.892132963
185,84,"ALI=>CBH, not ALI=>EGL",97.1669219,1.357466063,72.94050343,-0.041405544,0.120302882,-4,10.01253707
186,84,"not ALI=>CBH, ALI=>EGL",2.833078101,98.64253394,27.05949657,0.041405544,0.120302882,-4,10.01253707
187,85,"POL=>CBH, not POL=>EGL",92.57274119,34.84162896,77.97482838,0.339792066,2.55523E-45,-5,14.26553409
188,85,"not POL=>CBH, POL=>EGL",7.427258806,65.15837104,22.02517162,-0.339792066,2.55523E-45,-5,14.26553409
189,86,"POL=>CBH, not POL=>EGL",76.72281776,17.19457014,61.67048055,-0.064097043,0.008971635,-2,16.68444105
190,86,"not POL=>CBH, POL=>EGL",23.27718224,82.80542986,38.32951945,0.064097043,0.008971635,-2,16.68444105
191,87,"POL=>CBH, not POL=>EGL",82.77182236,39.14027149,71.73913043,0.227121466,4.09586E-21,-2,20.23107148
192,87,"not POL=>CBH, POL=>EGL",17.22817764,60.85972851,28.26086957,-0.227121466,4.09586E-21,-2,20.23107148
193,88,"ALI=>CBH, not ALI=>EGL",85.91117917,10.18099548,66.76201373,-0.050340931,0.043056399,-2,20.73043124
194,88,"not ALI=>CBH, ALI=>EGL",14.08882083,89.81900452,33.23798627,0.050340931,0.043056399,-2,20.73043124
195,89,"POL=>CBH, not POL=>EGL",64.5482389,55.88235294,62.35697941,0.180815568,6.20362E-14,-2,18.35730449
196,89,"not POL=>CBH, POL=>EGL",35.4517611,44.11764706,37.64302059,-0.180815568,6.20362E-14,-2,18.35730449
197,90,"ALI=>CBH, not ALI=>EGL",47.62633997,64.9321267,52.00228833,0.109849786,5.69658E-06,-2,17.38443393
198,90,"not POL=>CBH, POL=>EGL",59.26493109,49.32126697,56.75057208,0.075402843,0.001955338,-2,17.38443393
199,90,"ALI=>CBH, POL=>EGL",53.44563553,57.12669683,54.37643021,0.091916592,6.82056E-08,-2,17.38443393
200,91,"ALI=>CBH, not ALI=>EGL",95.63552833,0.904977376,71.6819222,-0.081935646,0.001053897,-2,11.67214744
201,91,"not ALI=>CBH, ALI=>EGL",4.364471669,99.09502262,28.3180778,0.081935646,0.001053897,-2,11.67214744
202,92,"POL=>CBH, not POL=>EGL",69.44869832,37.1040724,61.27002288,0.060952893,0.012792202,-4,13.56246559
203,92,"not POL=>CBH, POL=>EGL",30.55130168,62.8959276,38.72997712,-0.060952893,0.012792202,-4,13.56246559
204,93,"ALI=>CBH, not ALI=>EGL",96.17151608,10.85972851,74.59954233,0.132849498,5.48847E-08,-2,8.989608492
205,93,"not ALI=>CBH, ALI=>EGL",3.82848392,89.14027149,25.40045767,-0.132849498,5.48847E-08,-2,8.989608492
206,94,"POS=>CBH, not POS=>EGL",54.36447167,73.30316742,59.15331808,0.240849497,1.31502E-23,-4,8.778942272
207,94,"not POL=>CBH, POL=>EGL",66.46248086,32.80542986,57.95194508,-0.006749157,0.822899023,-4,8.778942272
208,94,"POS=>CBH, POL=>EGL",60.41347626,53.05429864,58.55263158,0.118242997,3.60009E-12,-4,8.778942272
209,95,"ARO=>CBH, not ARO=>EGL",87.21286371,85.52036199,86.78489703,0.68247148,2.4511E-178,-4,7.018781326
210,95,"not POL=>CBH, POL=>EGL",99.92343032,52.0361991,87.81464531,0.666883524,4.2721E-170,-4,7.018781326
211,95,"ARO=>CBH, POL=>EGL",93.56814701,68.77828054,87.29977117,0.652092161,0,-4,7.018781326
212,96,"ALI=>CBH, not ALI=>EGL",89.28024502,60.18099548,81.9221968,0.509106278,6.2274E-100,-4,8.269216041
213,96,"not ARO=>CBH, ARO=>EGL",99.23430322,57.239819,88.61556064,0.686579942,2.9846E-180,-4,8.269216041
214,96,"ALI=>CBH, ARO=>EGL",94.25727412,58.71040724,85.26887872,0.585258484,1.1945E-261,-4,8.269216041
215,97,"POL=>CBH, not POL=>EGL",94.48698315,71.49321267,88.67276888,0.690098377,3.1951E-182,-5,6.654573271
216,97,"not ALI=>CBH, ALI=>EGL",98.39203675,48.64253394,85.81235698,0.598229755,3.4386E-137,-5,6.654573271
217,97,"POL=>CBH, ALI=>EGL",96.43950995,60.0678733,87.24256293,0.641406568,0,-5,6.654573271
218,98,"POL=>CBH, not POL=>EGL",29.01990812,71.49321267,39.7597254,0.004920634,0.884692621,-6,8.791906814
219,98,"not POL=>CBH, POL=>EGL",70.98009188,28.50678733,60.2402746,-0.004920634,0.884692621,-6,8.791906814
220,99,"ALI=>CBH, not ALI=>EGL",35.29862175,80.76923077,46.79633867,0.150692627,4.34911E-10,-6,4.968344287
221,99,"not POL=>CBH, POL=>EGL",70.2143951,34.84162896,61.27002288,0.04748959,0.05409949,-6,4.968344287
222,99,"ALI=>CBH, POL=>EGL",52.75650842,57.80542986,54.03318078,0.091815405,7.05139E-08,-6,4.968344287
223,100,"POL=>CBH, not POL=>EGL",32.69525268,75.11312217,43.42105263,0.073567189,0.002560177,-6,4.116098589
224,100,"not ALI=>CBH, ALI=>EGL",75.26799387,44.11764706,67.39130435,0.184520852,1.94224E-14,-6,4.116098589
225,100,"POL=>CBH, ALI=>EGL",53.98162328,59.61538462,55.40617849,0.118206211,3.64605E-12,-6,4.116098589
226,101,"ARO=>CBH, not ARO=>EGL",36.67687596,97.73755656,52.11670481,0.333239168,9.47715E-44,-6,2.619834109
227,102,"POL=>CBH, not POL=>EGL",44.64012251,40.49773756,43.59267735,-0.129263413,8.8281E-08,-5,3.641159727
228,102,"not POL=>CBH, POL=>EGL",55.35987749,59.50226244,56.40732265,0.129263413,8.8281E-08,-5,3.641159727
229,103,"POL=>CBH, not POL=>EGL",94.56355283,48.64253394,82.95194508,0.507657672,2.7403E-99,-5,2.73954156
230,103,"not POL=>CBH, POL=>EGL",5.436447167,51.35746606,17.04805492,-0.507657672,2.7403E-99,-5,2.73954156
231,104,"ALI=>CBH, not ALI=>EGL",94.18070444,12.44343891,73.51258581,0.109350756,7.91918E-06,-4,3.165004822
232,104,"not ALI=>CBH, ALI=>EGL",5.819295559,87.55656109,26.48741419,-0.109350756,7.91918E-06,-4,3.165004822
233,105,"ALI=>CBH, not ALI=>EGL",95.0229709,84.38914027,92.33409611,0.796520141,3.014E-242,-4,4.794551043
234,105,"not POL=>CBH, POL=>EGL",98.39203675,81.22171946,94.05034325,0.838949831,1.6401E-268,-4,4.794551043
235,105,"ALI=>CBH, POL=>EGL",96.70750383,82.80542986,93.19221968,0.816335265,0,-4,4.794551043
236,106,"POL=>CBH, not POL=>EGL",91.73047473,88.46153846,90.90389016,0.771760146,1.4702E-227,-2,4.782161403
237,106,"not ALI=>CBH, ALI=>EGL",94.25727412,88.00904977,92.67734554,0.809773037,2.4519E-250,-2,4.782161403
238,106,"POL=>CBH, ALI=>EGL",92.99387443,88.23529412,91.79061785,0.790303651,0,-2,4.782161403
239,107,"POS=>CBH, not POS=>EGL",98.16232772,2.262443439,73.91304348,0.013368814,0.719065493,-2,2.826710799
240,107,"not POS=>CBH, POS=>EGL",1.837672282,97.73755656,26.08695652,-0.013368814,0.719065493,-2,2.826710799
241,108,"ALI=>CBH, not ALI=>EGL",79.40275651,2.262443439,59.89702517,-0.217593492,1.84247E-19,-2,6.827744903
242,108,"not ALI=>CBH, ALI=>EGL",20.59724349,97.73755656,40.10297483,0.217593492,1.84247E-19,-2,6.827744903
243,109,"ARO=>CBH, not ARO=>EGL",97.77947933,2.036199095,73.56979405,-0.005493752,0.967283258,-2,6.960649336
244,109,"not ARO=>CBH, ARO=>EGL",2.220520674,97.9638009,26.43020595,0.005493752,0.967283258,-2,6.960649336
245,110,"ALI=>CBH, not ALI=>EGL",97.32006126,1.583710407,73.11212815,-0.031114984,0.262196283,-2,12.07234791
246,110,"not ALI=>CBH, ALI=>EGL",2.679938744,98.41628959,26.88787185,0.031114984,0.262196283,-2,12.07234791
247,111,"ALI=>CBH, not ALI=>EGL",96.63093415,2.941176471,72.94050343,-0.010471406,0.777264131,-2,15.46041507
248,111,"not ALI=>CBH, ALI=>EGL",3.36906585,97.05882353,27.05949657,0.010471406,0.777264131,-2,15.46041507
249,112,"not NEG=>CBH, NEG=>EGL",75.8805513,47.28506787,68.64988558,0.219770949,6.95389E-20,-2,18.59724806
250,113,"NEG=>CBH, not NEG=>EGL",42.80245023,69.45701357,49.5423341,0.10890659,6.89024E-06,-2,19.88708729
251,113,"not POL=>CBH, POL=>EGL",57.58039816,41.62895928,53.54691076,-0.006957834,0.814058478,-2,19.88708729
252,113,"NEG=>CBH, POL=>EGL",50.1914242,55.54298643,51.54462243,0.049865217,0.003620579,-2,19.88708729
253,114,"NEG=>CBH, not NEG=>EGL",69.90811639,45.24886878,63.67276888,0.139148077,8.43433E-09,-3,19.68897327
254,114,"not NEG=>CBH, NEG=>EGL",30.09188361,54.75113122,36.32723112,-0.139148077,8.43433E-09,-3,19.68897327
255,115,"POL=>CBH, not POL=>EGL",72.89433384,72.1719457,72.71167048,0.402552627,3.79352E-63,-3,19.67086962
256,115,"not ALI=>CBH, ALI=>EGL",98.2388974,37.1040724,82.78032037,0.497008147,4.22338E-95,-3,19.67086962
257,115,"POL=>CBH, ALI=>EGL",85.56661562,54.63800905,77.74599542,0.40575773,1.0157E-126,-3,19.67086962
258,116,"POL=>CBH, not POL=>EGL",45.32924962,57.01357466,48.28375286,0.020480026,0.423180696,-2,18.2889932
259,116,"not POL=>CBH, POL=>EGL",54.67075038,42.98642534,51.71624714,-0.020480026,0.423180696,-2,18.2889932
260,117,"ARO=>CBH, not ARO=>EGL",98.54517611,0.452488688,73.74141876,-0.03998894,0.15579602,-3,12.18545139
261,117,"not ARO=>CBH, ARO=>EGL",1.45482389,99.54751131,26.25858124,0.03998894,0.15579602,-3,12.18545139
262,118,"POL=>CBH, not POL=>EGL",54.90045942,86.42533937,62.87185355,0.361479652,3.06993E-51,-2,15.52402317
263,118,"not NEG=>CBH, NEG=>EGL",75.11485452,62.66968326,71.96796339,0.345625902,5.7756E-47,-2,15.52402317
264,118,"POL=>CBH, NEG=>EGL",65.00765697,74.54751131,67.41990847,0.345590624,1.86647E-92,-2,15.52402317
265,119,"ALI=>CBH, not ALI=>EGL",75.95712098,13.12217195,60.06864989,-0.115971906,1.74029E-06,-2,16.47491454
266,119,"not ALI=>CBH, ALI=>EGL",24.04287902,86.87782805,39.93135011,0.115971906,1.74029E-06,-2,16.47491454
267,120,"ARO=>CBH, not ARO=>EGL",95.63552833,83.03167421,92.44851259,0.797718215,5.8207E-243,-1,15.68903109
268,120,"not ALI=>CBH, ALI=>EGL",97.1669219,81.90045249,93.30663616,0.818818446,7.1041E-256,-1,15.68903109
269,120,"ARO=>CBH, ALI=>EGL",96.40122511,82.46606335,92.87757437,0.807997899,0,-1,15.68903109
270,121,"POL=>CBH, not POL=>EGL",47.93261868,57.46606335,50.34324943,0.047041898,0.055924919,-1,18.65110051
271,121,"not POL=>CBH, POL=>EGL",52.06738132,42.53393665,49.65675057,-0.047041898,0.055924919,-1,18.65110051
272,122,"ALI=>CBH, not ALI=>EGL",97.54977029,5.429864253,74.25629291,0.073544725,0.003516146,-1,13.39646259
273,122,"not ALI=>CBH, ALI=>EGL",2.450229709,94.57013575,25.74370709,-0.073544725,0.003516146,-1,13.39646259
274,123,"ALI=>CBH, not ALI=>EGL",69.52526799,48.19004525,64.13043478,0.161484455,2.17426E-11,+1,18.70961779
275,123,"not ALI=>CBH, ALI=>EGL",30.47473201,51.80995475,35.86956522,-0.161484455,2.17426E-11,+1,18.70961779
276,124,"POL=>CBH, not POL=>EGL",64.5482389,73.30316742,66.76201373,0.330685904,3.84222E-43,+1,20.87858724
277,124,"not ALI=>CBH, ALI=>EGL",69.90811639,69.90950226,69.90846682,0.353039751,6.06323E-49,+1,20.87858724
278,124,"POL=>CBH, ALI=>EGL",67.22817764,71.60633484,68.33524027,0.341357572,3.03184E-90,+1,20.87858724
279,125,"POL=>CBH, not POL=>EGL",71.13323124,36.65158371,62.41418764,0.073269543,0.002666708,+1,19.1974106
280,125,"not POL=>CBH, POL=>EGL",28.86676876,63.34841629,37.58581236,-0.073269543,0.002666708,+1,19.1974106
281,126,"NEG=>CBH, not NEG=>EGL",98.00918836,0.678733032,73.39816934,-0.044648373,0.098677429,-1,18.30137298
282,126,"not NEG=>CBH, NEG=>EGL",1.990811639,99.32126697,26.60183066,0.044648373,0.098677429,-1,18.30137298
283,127,"ARO=>CBH, not ARO=>EGL",91.57733538,53.6199095,81.97940503,0.492505268,1.36347E-93,-1,13.19874735
284,127,"not ALI=>CBH, ALI=>EGL",92.34303216,53.6199095,82.55148741,0.506421438,7.4217E-99,-1,13.19874735
285,127,"ARO=>CBH, ALI=>EGL",91.96018377,53.6199095,82.26544622,0.499404233,5.3168E-191,-1,13.19874735
286,128,"POL=>CBH, not POL=>EGL",87.44257274,8.371040724,67.44851259,-0.057039914,0.021531218,-1,16.6838825
287,128,"not POL=>CBH, POL=>EGL",12.55742726,91.62895928,32.55148741,0.057039914,0.021531218,-1,16.6838825
288,129,"ARO=>CBH, not ARO=>EGL",94.41041348,7.692307692,72.48283753,0.038125736,0.139079994,-1,11.66521384
289,129,"not ARO=>CBH, ARO=>EGL",5.589586524,92.30769231,27.51716247,-0.038125736,0.139079994,-1,11.66521384
290,130,"NEG=>CBH, not NEG=>EGL",92.64931087,13.12217195,72.54004577,0.088504553,0.000314296,-1,15.46342989
291,130,"not NEG=>CBH, NEG=>EGL",7.350689127,86.87782805,27.45995423,-0.088504553,0.000314296,-1,15.46342989
292,131,"ALI=>CBH, not ALI=>EGL",98.77488515,0.226244344,73.85583524,-0.044240387,0.116581865,-1,12.57131062
293,131,"not ALI=>CBH, ALI=>EGL",1.225114855,99.77375566,26.14416476,0.044240387,0.116581865,-1,12.57131062
294,132,"NEG=>CBH, not NEG=>EGL",98.69831547,5.429864253,75.11441648,0.118558482,1.79686E-06,-1,14.5696278
295,132,"not NEG=>CBH, NEG=>EGL",1.301684533,94.57013575,24.88558352,-0.118558482,1.79686E-06,-1,14.5696278
296,133,"ALI=>CBH, not ALI=>EGL",93.18529862,13.57466063,73.05491991,0.105222699,1.70235E-05,-1,12.33061639
297,133,"not ALI=>CBH, ALI=>EGL",6.814701378,86.42533937,26.94508009,-0.105222699,1.70235E-05,-1,12.33061639
298,134,"POL=>CBH, not POL=>EGL",96.55436447,8.371040724,74.25629291,0.101246557,4.07998E-05,-1,16.30299616
299,134,"not POL=>CBH, POL=>EGL",3.445635528,91.62895928,25.74370709,-0.101246557,4.07998E-05,-1,16.30299616
300,135,"POL=>CBH, not POL=>EGL",71.20980092,63.80090498,69.33638444,0.314092376,4.56805E-39,-1,15.34069111
301,135,"not POS=>CBH, POS=>EGL",83.30781011,43.89140271,73.3409611,0.278539776,5.16416E-31,-1,15.34069111
302,135,"POL=>CBH, POS=>EGL",77.25880551,53.84615385,71.33867277,0.293362819,4.43105E-67,-1,15.34069111
303,136,"ALI=>CBH, not ALI=>EGL",98.16232772,1.131221719,73.62700229,-0.024039618,0.429722723,-1,10.8390185
304,136,"not ALI=>CBH, ALI=>EGL",1.837672282,98.86877828,26.37299771,0.024039618,0.429722723,-1,10.8390185
305,137,"ALI=>CBH, not ALI=>EGL",86.83001531,2.488687783,65.50343249,-0.151643568,4.09903E-10,-1,12.8649403
306,137,"not ALI=>CBH, ALI=>EGL",13.16998469,97.51131222,34.49656751,0.151643568,4.09903E-10,-1,12.8649403
307,138,"ALI=>CBH, not ALI=>EGL",99.15773354,1.131221719,74.37070938,0.013188014,0.792961493,-3,13.01493055
308,138,"not ALI=>CBH, ALI=>EGL",0.842266462,98.86877828,25.62929062,-0.013188014,0.792961493,-3,13.01493055
309,139,"ALI=>CBH, not ALI=>EGL",98.69831547,2.262443439,74.31350114,0.033862953,0.233000562,-3,8.693890835
310,139,"not ALI=>CBH, ALI=>EGL",1.301684533,97.73755656,25.68649886,-0.033862953,0.233000562,-3,8.693890835
311,140,"ALI=>CBH, not ALI=>EGL",94.64012251,32.35294118,78.89016018,0.358666579,2.77816E-50,-1,8.492965901
312,140,"not ALI=>CBH, ALI=>EGL",5.359877489,67.64705882,21.10983982,-0.358666579,2.77816E-50,-1,8.492965901
313,141,"POL=>CBH, not POL=>EGL",96.32465544,1.131221719,72.25400458,-0.064490837,0.011217811,-1,3.636912651
314,141,"not POL=>CBH, POL=>EGL",3.675344564,98.86877828,27.74599542,0.064490837,0.011217811,-1,3.636912651
315,142,"ALI=>CBH, not ALI=>EGL",94.02756508,18.09954751,74.82837529,0.183828578,3.20525E-14,-1,6.314669471
316,142,"not ALI=>CBH, ALI=>EGL",5.972434916,81.90045249,25.17162471,-0.183828578,3.20525E-14,-1,6.314669471
317,143,"ALI=>CBH, not ALI=>EGL",97.77947933,4.977375566,74.31350114,0.071198463,0.004904203,-1,3.488385189
318,143,"not ALI=>CBH, ALI=>EGL",2.220520674,95.02262443,25.68649886,-0.071198463,0.004904203,-1,3.488385189
319,144,"ALI=>CBH, not ALI=>EGL",98.77488515,8.823529412,76.02974828,0.189189001,9.03084E-15,-1,6.040298715
320,144,"not ALI=>CBH, ALI=>EGL",1.225114855,91.17647059,23.97025172,-0.189189001,9.03084E-15,-1,6.040298715
321,145,"ARO=>CBH, not ARO=>EGL",97.856049,1.131221719,73.39816934,-0.032343503,0.250108712,-2,2.714297949
322,145,"not ARO=>CBH, ARO=>EGL",2.143950995,98.86877828,26.60183066,0.032343503,0.250108712,-2,2.714297949
323,146,"ARO=>CBH, not ARO=>EGL",91.96018377,93.66515837,92.39130435,0.814564394,2.5547E-253,-1,7.884819567
324,146,"not ALI=>CBH, ALI=>EGL",93.03215926,80.99547511,89.98855835,0.736459466,2.4268E-207,-1,7.884819567
325,146,"ARO=>CBH, ALI=>EGL",92.49617152,87.33031674,91.18993135,0.775413806,0,-1,7.884819567
326,147,"ALI=>CBH, not ALI=>EGL",69.06584992,86.42533937,73.45537757,0.484850611,7.1007E-91,-1,7.12744446
327,147,"not POL=>CBH, POL=>EGL",69.75497703,85.29411765,73.68421053,0.481836111,9.07686E-90,-1,7.12744446
328,147,"ALI=>CBH, POL=>EGL",69.41041348,85.85972851,73.56979405,0.483328813,3.8873E-179,-1,7.12744446
329,148,"POL=>CBH, not POL=>EGL",44.25727412,94.11764706,56.86498856,0.350750855,2.54495E-48,-1,11.12686582
330,148,"not NEG=>CBH, NEG=>EGL",71.2863706,91.62895928,76.43020595,0.55011593,1.6722E-116,-1,11.12686582
331,148,"POL=>CBH, NEG=>EGL",57.77182236,92.87330317,66.64759725,0.442508448,1.8922E-150,-1,11.12686582
332,149,"ALI=>CBH, not ALI=>EGL",99.38744257,0.452488688,74.37070938,-0.009224957,0.983348949,-2,10.17501181
333,149,"not ALI=>CBH, ALI=>EGL",0.612557427,99.54751131,25.62929062,0.009224957,0.983348949,-2,10.17501181
334,150,"NEG=>CBH, not NEG=>EGL",80.01531394,58.82352941,74.65675057,0.369069255,2.58981E-53,-1,15.61861074
335,150,"not NEG=>CBH, NEG=>EGL",19.98468606,41.17647059,25.34324943,-0.369069255,2.58981E-53,-1,15.61861074
336,151,"ALI=>CBH, not ALI=>EGL",69.67840735,25.56561086,58.52402746,-0.045501777,0.065500715,-2,17.91358936
337,151,"not ALI=>CBH, ALI=>EGL",30.32159265,74.43438914,41.47597254,0.045501777,0.065500715,-2,17.91358936
338,152,"NEG=>CBH, not NEG=>EGL",95.32924962,57.46606335,85.75514874,0.597034901,9.5707E-137,-3,17.20954921
339,152,"not POL=>CBH, POL=>EGL",98.62174579,45.47511312,85.18306636,0.578981355,1.4147E-128,-3,17.20954921
340,152,"NEG=>CBH, POL=>EGL",96.9754977,51.47058824,85.46910755,0.585340074,1.1862E-261,-3,17.20954921
341,153,"ALI=>CBH, not ALI=>EGL",99.08116386,0.904977376,74.25629291,-0.000632519,0.792961493,-3,14.25860409
342,153,"not ALI=>CBH, ALI=>EGL",0.918836141,99.09502262,25.74370709,0.000632519,0.792961493,-3,14.25860409
343,154,"ALI=>CBH, not ALI=>EGL",96.63093415,14.25339367,75.80091533,0.197350466,4.07653E-16,-3,16.18013142
344,154,"not ALI=>CBH, ALI=>EGL",3.36906585,85.74660633,24.19908467,-0.197350466,4.07653E-16,-3,16.18013142
345,155,"ALI=>CBH, not ALI=>EGL",72.66462481,90.95022624,77.28832952,0.557856123,9.3639E-120,-3,18.19472297
346,155,"not POS=>CBH, POS=>EGL",87.67228178,65.61085973,82.09382151,0.529315104,6.5171E-108,-3,18.19472297
347,155,"ALI=>CBH, POS=>EGL",80.16845329,78.28054299,79.69107551,0.53402179,2.9529E-218,-3,18.19472297
348,156,"POL=>CBH, not POL=>EGL",55.05359877,53.84615385,54.74828375,0.077487711,0.001449665,-3,20.99550837
349,156,"not POL=>CBH, POL=>EGL",44.94640123,46.15384615,45.25171625,-0.077487711,0.001449665,-3,20.99550837
350,157,"POS=>CBH, not POS=>EGL",73.27718224,98.86877828,79.74828375,0.630370577,1.9222E-152,-1,19.62467157
351,158,"ARO=>CBH, not ARO=>EGL",80.78101072,99.09502262,85.41189931,0.710463256,3.6509E-193,-3,17.76078203
352,159,"ALI=>CBH, not ALI=>EGL",61.79173047,83.25791855,67.21967963,0.391630613,7.26795E-60,-3,21.56790533
353,159,"not NEG=>CBH, NEG=>EGL",94.94640123,31.67420814,78.94736842,0.358859889,2.50685E-50,-3,21.56790533
354,159,"ALI=>CBH, NEG=>EGL",78.36906585,57.46606335,73.08352403,0.337710937,2.43882E-88,-3,21.56790533
355,160,"POL=>CBH, not POL=>EGL",65.54364472,94.57013575,72.88329519,0.522583346,2.6622E-105,-5,18.07882555
356,160,"not ALI=>CBH, ALI=>EGL",70.98009188,54.75113122,66.87643021,0.233687453,2.66008E-22,-5,18.07882555
357,160,"POL=>CBH, ALI=>EGL",68.2618683,74.66063348,69.8798627,0.377291231,7.4249E-110,-5,18.07882555
358,161,"POL=>CBH, not POL=>EGL",94.86983155,15.83710407,74.88558352,0.173156923,9.52796E-13,-3,15.22187774
359,161,"not POL=>CBH, POL=>EGL",5.130168453,84.16289593,25.11441648,-0.173156923,9.52796E-13,-3,15.22187774
360,162,"POS=>CBH, not POS=>EGL",76.87595712,84.61538462,78.83295195,0.548814974,5.9855E-116,-5,18.25286338
361,162,"not ALI=>CBH, ALI=>EGL",93.2618683,45.47511312,81.1784897,0.453243862,1.80896E-79,-5,18.25286338
362,162,"POS=>CBH, ALI=>EGL",85.06891271,65.04524887,80.00572082,0.487263027,5.5725E-182,-5,18.25286338
363,163,"ALI=>CBH, not ALI=>EGL",98.85145482,14.25339367,77.45995423,0.275872995,4.14577E-30,-5,14.66511728
364,163,"not ALI=>CBH, ALI=>EGL",1.148545176,85.74660633,22.54004577,-0.275872995,4.14577E-30,-5,14.66511728
365,164,"ALI=>CBH, not ALI=>EGL",99.15773354,4.977375566,75.34324943,0.132062849,1.0419E-07,-3,14.47273443
366,164,"not ALI=>CBH, ALI=>EGL",0.842266462,95.02262443,24.65675057,-0.132062849,1.0419E-07,-3,14.47273443
367,165,"ALI=>CBH, not ALI=>EGL",97.1669219,2.488687783,73.22654462,-0.009159855,0.830079816,-3,14.68709371
368,165,"not ALI=>CBH, ALI=>EGL",2.833078101,97.51131222,26.77345538,0.009159855,0.830079816,-3,14.68709371
369,166,"POS=>CBH, not POS=>EGL",84.30321593,90.7239819,85.92677346,0.685223242,8.7568E-180,-5,15.07463138
370,166,"not ALI=>CBH, ALI=>EGL",94.18070444,35.52036199,79.34782609,0.379813581,3.17546E-56,-5,15.07463138
371,166,"POS=>CBH, ALI=>EGL",89.24196018,63.12217195,82.63729977,0.532929635,2.6202E-217,-5,15.07463138
372,167,"ARO=>CBH, not ARO=>EGL",98.08575804,18.09954751,77.8604119,0.29606713,1.43982E-34,-3,11.5676954
373,167,"not ARO=>CBH, ARO=>EGL",1.91424196,81.90045249,22.1395881,-0.29606713,1.43982E-34,-3,11.5676954
374,168,"ALI=>CBH, not ALI=>EGL",98.77488515,1.583710407,74.19908467,0.013678206,0.741085864,-3,9.24871733
375,168,"not ALI=>CBH, ALI=>EGL",1.225114855,98.41628959,25.80091533,-0.013678206,0.741085864,-3,9.24871733
376,169,"POL=>CBH, not POL=>EGL",92.34303216,19.68325792,73.97025172,0.169118899,2.91651E-12,-3,11.07180475
377,169,"not POL=>CBH, POL=>EGL",7.656967841,80.31674208,26.02974828,-0.169118899,2.91651E-12,-3,11.07180475
378,170,"ALI=>CBH, not ALI=>EGL",98.62174579,0.678733032,73.85583524,-0.02790794,0.360581426,-3,10.50898883
379,170,"not ALI=>CBH, ALI=>EGL",1.378254211,99.32126697,26.14416476,0.02790794,0.360581426,-3,10.50898883
380,171,"ARO=>CBH, not ARO=>EGL",98.00918836,2.714932127,73.91304348,0.021582597,0.475427658,-1,3.77705599
381,171,"not ARO=>CBH, ARO=>EGL",1.990811639,97.28506787,26.08695652,-0.021582597,0.475427658,-1,3.77705599
382,172,"ALI=>CBH, not ALI=>EGL",98.62174579,0.904977376,73.91304348,-0.018452968,0.599799401,-1,7.463046329
383,172,"not ALI=>CBH, ALI=>EGL",1.378254211,99.09502262,26.08695652,0.018452968,0.599799401,-1,7.463046329
384,173,"NEG=>CBH, not NEG=>EGL",97.54977029,3.167420814,73.68421053,0.019474169,0.52067116,-1,2.884948897
385,173,"not NEG=>CBH, NEG=>EGL",2.450229709,96.83257919,26.31578947,-0.019474169,0.52067116,-1,2.884948897
386,174,"POL=>CBH, not POL=>EGL",50.30627871,99.09502262,62.64302059,0.442797959,4.64575E-76,-1,3.357872903
387,174,"not ALI=>CBH, ALI=>EGL",51.68453292,98.19004525,63.44393593,0.444300501,1.44012E-76,-1,3.357872903
388,174,"POL=>CBH, ALI=>EGL",50.99540582,98.64253394,63.04347826,0.443512331,4.091E-151,-1,3.357872903
389,175,"POL=>CBH, not POL=>EGL",96.63093415,1.131221719,72.48283753,-0.058927474,0.021617861,-1,2.849259206
390,175,"not POL=>CBH, POL=>EGL",3.36906585,98.86877828,27.51716247,0.058927474,0.021617861,-1,2.849259206
391,176,"ALI=>CBH, not ALI=>EGL",98.46860643,7.239819005,75.40045767,0.146044249,2.78106E-09,-1,6.791354401
392,176,"not ALI=>CBH, ALI=>EGL",1.531393568,92.760181,24.59954233,-0.146044249,2.78106E-09,-1,6.791354401
393,177,"ALI=>CBH, not ALI=>EGL",94.18070444,68.09954751,87.58581236,0.658178485,6.7693E-166,-2,5.509587746
394,177,"not ARO=>CBH, ARO=>EGL",99.92343032,47.28506787,86.61327231,0.631124577,1.8137E-152,-2,5.509587746
395,177,"ALI=>CBH, ARO=>EGL",97.05206738,57.69230769,87.09954233,0.636592196,0,-2,5.509587746
396,178,"POS=>CBH, not POS=>EGL",66.92189893,92.760181,73.45537757,0.519166341,5.9726E-104,-2,7.621079641
397,178,"not ALI=>CBH, ALI=>EGL",99.23430322,41.17647059,84.55377574,0.561725939,4.5573E-121,-2,7.621079641
398,178,"POS=>CBH, ALI=>EGL",83.07810107,66.96832579,79.00457666,0.476630139,3.2606E-174,-2,7.621079641
399,179,"NEG=>CBH, not NEG=>EGL",93.03215926,99.09502262,94.56521739,0.871647364,7.938E-290,-3,2.627853249
400,180,"ALI=>CBH, not ALI=>EGL",96.47779479,82.57918552,92.96338673,0.810282259,1.3015E-250,-3,4.083378829
401,180,"not POL=>CBH, POL=>EGL",98.62174579,51.58371041,86.72768879,0.627525128,8.1759E-151,-3,4.083378829
402,180,"ALI=>CBH, POL=>EGL",97.54977029,67.08144796,89.84553776,0.719100648,0,-3,4.083378829
403,181,"POS=>CBH, not POS=>EGL",95.94180704,99.09502262,96.73913043,0.919107433,0,-5,2.758448249
404,181,"not ALI=>CBH, ALI=>EGL",99.31087289,51.13122172,87.12814645,0.642720926,4.1228E-158,-5,2.758448249
405,181,"POS=>CBH, ALI=>EGL",97.62633997,75.11312217,91.93363844,0.779425498,0,-5,2.758448249
406,182,"ARO=>CBH, not ARO=>EGL",98.39203675,19.90950226,78.54691076,0.328978571,2.29958E-42,-5,9.435778486
407,182,"not ARO=>CBH, ARO=>EGL",1.607963247,80.09049774,21.45308924,-0.328978571,2.29958E-42,-5,9.435778486
408,183,"ALI=>CBH, not ALI=>EGL",97.856049,30.31674208,80.77803204,0.422282904,4.9542E-69,-3,9.985639715
409,183,"not ALI=>CBH, ALI=>EGL",2.143950995,69.68325792,19.22196796,-0.422282904,4.9542E-69,-3,9.985639715
410,184,"POL=>CBH, not POL=>EGL",68.14701378,31.4479638,58.86727689,-0.00378177,0.921133354,-3,13.74900289
411,184,"not POL=>CBH, POL=>EGL",31.85298622,68.5520362,41.13272311,0.00378177,0.921133354,-3,13.74900289
412,185,"ALI=>CBH, not ALI=>EGL",98.46860643,9.954751131,76.08695652,0.194942679,1.20563E-15,-3,15.48369251
413,185,"not ALI=>CBH, ALI=>EGL",1.531393568,90.04524887,23.91304348,-0.194942679,1.20563E-15,-3,15.48369251
414,186,"NEG=>CBH, not NEG=>EGL",36.37059724,73.30316742,45.70938215,0.088809598,0.000257248,-3,13.69608678
415,186,"not ALI=>CBH, ALI=>EGL",84.30321593,32.35294118,71.16704805,0.181302541,5.85923E-14,-3,13.69608678
416,186,"NEG=>CBH, ALI=>EGL",60.33690658,52.8280543,58.4382151,0.115584381,1.0842E-11,-3,13.69608678
417,187,"ALI=>CBH, not ALI=>EGL",97.32006126,21.94570136,78.26086957,0.316928492,1.78571E-39,-5,12.72440302
418,187,"not ALI=>CBH, ALI=>EGL",2.679938744,78.05429864,21.73913043,-0.316928492,1.78571E-39,-5,12.72440302
419,188,"POL=>CBH, not POL=>EGL",98.00918836,22.85067873,79.00457666,0.349301855,1.24745E-47,-3,10.1640855
420,188,"not POL=>CBH, POL=>EGL",1.990811639,77.14932127,20.99542334,-0.349301855,1.24745E-47,-3,10.1640855
421,189,"ALI=>CBH, not ALI=>EGL",76.79938744,53.16742081,70.82379863,0.282188551,8.0969E-32,-5,12.80952686
422,189,"not ALI=>CBH, ALI=>EGL",23.20061256,46.83257919,29.17620137,-0.282188551,8.0969E-32,-5,12.80952686
423,190,"NEG=>CBH, not NEG=>EGL",63.32312404,66.5158371,64.13043478,0.261140582,1.73635E-27,-4,15.19106041
424,190,"not NEG=>CBH, NEG=>EGL",36.67687596,33.4841629,35.86956522,-0.261140582,1.73635E-27,-4,15.19106041
425,191,"ALI=>CBH, not ALI=>EGL",74.50229709,100,80.94965675,0.651846165,6.9129E-163,-4,14.62167218
426,192,"ARO=>CBH, not ARO=>EGL",94.25727412,100,95.70938215,0.897683621,2.7287E-307,-4,7.0312346
427,193,"POL=>CBH, not POL=>EGL",43.41500766,100,57.72311213,0.403093808,2.69056E-63,-4,10.9058619
428,194,"ALI=>CBH, not ALI=>EGL",85.68147014,100,89.3020595,0.775942012,4.5957E-230,-4,10.96218197
429,195,"POL=>CBH, not POL=>EGL",83.6906585,100,87.81464531,0.751499987,6.5328E-216,-3,8.131745639
430,196,"POL=>CBH, not POL=>EGL",49.15773354,100,62.01372998,0.443230356,3.34479E-76,-3,11.77156151
431,197,"POL=>CBH, not POL=>EGL",81.39356815,97.28506787,85.41189931,0.702793573,4.7491E-189,-3,9.251041603
432,198,"NEG=>CBH, not NEG=>EGL",73.20061256,99.09502262,79.74828375,0.631533039,5.3361E-153,-3,3.691763548
433,199,"ALI=>CBH, not ALI=>EGL",62.94027565,99.54751131,72.19679634,0.544099436,5.2311E-114,-4,6.951762756
434,200,"POL=>CBH, not POL=>EGL",89.73966309,99.32126697,92.1624714,0.824657675,1.285E-259,-4,3.509526582
435,201,"ALI=>CBH, not ALI=>EGL",55.20673813,99.32126697,66.36155606,0.481152859,1.62757E-89,-4,3.601462892
436,202,"ALI=>CBH, not ALI=>EGL",94.56355283,100,95.9382151,0.902639516,0,-4,6.457211442
437,203,"ALI=>CBH, not ALI=>EGL",46.47779479,99.54751131,59.89702517,0.419864253,1.52628E-68,-4,9.156031642
438,204,"ALI=>CBH, not ALI=>EGL",95.17611026,99.54751131,96.28146453,0.909436434,0,-4,10.727551
439,205,"POL=>CBH, not POL=>EGL",43.87442573,87.78280543,54.9771167,0.28689242,7.55989E-33,-3,13.86331906
440,205,"not ALI=>CBH, ALI=>EGL",77.56508423,52.0361991,71.10983982,0.280979331,1.47838E-31,-3,13.86331906
441,205,"POL=>CBH, ALI=>EGL",60.71975498,69.90950226,63.04347826,0.266733637,9.10299E-56,-3,13.86331906
442,206,"ARO=>CBH, not ARO=>EGL",64.70137825,88.00904977,70.59496568,0.458386306,2.09811E-81,-3,10.94976309
443,206,"not POL=>CBH, POL=>EGL",95.86523737,32.80542986,79.91990847,0.392345139,7.47583E-60,-3,10.94976309
444,206,"ARO=>CBH, POL=>EGL",80.28330781,60.40723982,75.25743707,0.385923767,7.9212E-115,-3,10.94976309
445,207,"ALI=>CBH, not ALI=>EGL",98.62174579,16.28959276,77.80320366,0.293282288,6.69508E-34,-3,10.99707128
446,207,"not ALI=>CBH, ALI=>EGL",1.378254211,83.71040724,22.19679634,-0.293282288,6.69508E-34,-3,10.99707128
447,208,"POL=>CBH, not POL=>EGL",68.68300153,71.04072398,69.2791762,0.350591687,2.72523E-48,-1,8.694476241
448,208,"not ALI=>CBH, ALI=>EGL",70.59724349,44.11764706,63.90160183,0.135891791,1.87612E-08,-1,8.694476241
449,208,"POL=>CBH, ALI=>EGL",69.64012251,57.57918552,66.59038902,0.244718046,3.39008E-47,-1,8.694476241
450,209,"ALI=>CBH, not ALI=>EGL",97.93261868,3.846153846,74.14187643,0.049356233,0.059040295,-1,10.05715067
451,209,"not ALI=>CBH, ALI=>EGL",2.067381317,96.15384615,25.85812357,-0.049356233,0.059040295,-1,10.05715067
452,210,"ALI=>CBH, not ALI=>EGL",98.69831547,2.262443439,74.31350114,0.033862953,0.233000562,-1,7.602164432
453,210,"not ALI=>CBH, ALI=>EGL",1.301684533,97.73755656,25.68649886,-0.033862953,0.233000562,-1,7.602164432
454,211,"ALI=>CBH, not ALI=>EGL",56.35528331,85.52036199,63.72997712,0.365338191,2.63614E-52,-1,8.377042828
455,211,"not POL=>CBH, POL=>EGL",59.64777948,80.09049774,64.81693364,0.345457205,6.13538E-47,-1,8.377042828
456,211,"ALI=>CBH, POL=>EGL",58.00153139,82.80542986,64.27345538,0.355117702,1.5833E-97,-1,8.377042828
457,212,"NEG=>CBH, not NEG=>EGL",97.32006126,2.262443439,73.28375286,-0.011458315,0.760116892,-1,2.86059839
458,212,"not NEG=>CBH, NEG=>EGL",2.679938744,97.73755656,26.71624714,0.011458315,0.760116892,-1,2.86059839
459,213,"ALI=>CBH, not ALI=>EGL",96.47779479,10.18099548,74.65675057,0.130285507,1.01923E-07,-1,7.213793789
460,213,"not ALI=>CBH, ALI=>EGL",3.522205207,89.81900452,25.34324943,-0.130285507,1.01923E-07,-1,7.213793789
461,214,"NEG=>CBH, not NEG=>EGL",96.63093415,2.036199095,72.71167048,-0.03378677,0.210522331,+1,2.928545125
462,214,"not NEG=>CBH, NEG=>EGL",3.36906585,97.9638009,27.28832952,0.03378677,0.210522331,+1,2.928545125
463,215,"ALI=>CBH, not ALI=>EGL",98.9280245,2.262443439,74.48512586,0.044465807,0.104667964,-1,7.679558615
464,215,"not ALI=>CBH, ALI=>EGL",1.071975498,97.73755656,25.51487414,-0.044465807,0.104667964,-1,7.679558615
465,216,"ARO=>CBH, not ARO=>EGL",97.93261868,31.90045249,81.23569794,0.439944105,8.2276E-75,-1,5.575678227
466,216,"not ARO=>CBH, ARO=>EGL",2.067381317,68.09954751,18.76430206,-0.439944105,8.2276E-75,-1,5.575678227
467,217,"NEG=>CBH, not NEG=>EGL",95.86523737,2.262443439,72.19679634,-0.043331286,0.095884551,-1,2.756141542
468,217,"not NEG=>CBH, NEG=>EGL",4.134762634,97.73755656,27.80320366,0.043331286,0.095884551,-1,2.756141542
469,218,"ALI=>CBH, not ALI=>EGL",88.43797856,8.371040724,68.19221968,-0.044767792,0.074603982,-1,6.800433857
470,218,"not ALI=>CBH, ALI=>EGL",11.56202144,91.62895928,31.80778032,0.044767792,0.074603982,-1,6.800433857
471,219,"POL=>CBH, not POL=>EGL",99.00459418,1.583710407,74.37070938,0.024043522,0.455348415,-1,9.823315756
472,219,"not POL=>CBH, POL=>EGL",0.995405819,98.41628959,25.62929062,-0.024043522,0.455348415,-1,9.823315756
473,220,"POL=>CBH, not POL=>EGL",77.02909648,34.61538462,66.30434783,0.115509812,1.87392E-06,-1,13.26908812
474,220,"not POL=>CBH, POL=>EGL",22.97090352,65.38461538,33.69565217,-0.115509812,1.87392E-06,-1,13.26908812
475,221,"ALI=>CBH, not ALI=>EGL",77.41194487,74.88687783,76.77345538,0.474123018,5.92867E-87,+2,12.98953057
476,221,"not POS=>CBH, POS=>EGL",98.62174579,57.91855204,88.32951945,0.675953454,8.85E-175,+2,12.98953057
477,221,"ALI=>CBH, POS=>EGL",88.01684533,66.40271493,82.55148741,0.540996117,6.7645E-224,+2,12.98953057
478,222,"POL=>CBH, not POL=>EGL",68.83614089,89.14027149,73.97025172,0.50575806,9.8131E-99,+2,9.674718264
479,222,"not ALI=>CBH, ALI=>EGL",70.13782542,87.33031674,74.48512586,0.502742832,1.40292E-97,+2,9.674718264
480,222,"POL=>CBH, ALI=>EGL",69.48698315,88.23529412,74.22768879,0.5042,8.8109E-195,+2,9.674718264
481,223,"POL=>CBH, not POL=>EGL",65.69678407,17.19457014,53.43249428,-0.162308777,1.74477E-11,+2,9.104160326
482,223,"not POL=>CBH, POL=>EGL",34.30321593,82.80542986,46.56750572,0.162308777,1.74477E-11,+2,9.104160326
483,224,"ALI=>CBH, not ALI=>EGL",94.48698315,45.92760181,82.20823799,0.482450906,8.11777E-90,+1,6.484485296
484,224,"not ALI=>CBH, ALI=>EGL",5.513016845,54.07239819,17.79176201,-0.482450906,8.11777E-90,+1,6.484485296
485,225,"ARO=>CBH, not ARO=>EGL",65.69678407,59.72850679,64.18764302,0.224920364,8.95601E-21,+1,6.876297537
486,225,"not ALI=>CBH, ALI=>EGL",67.61102603,57.46606335,65.04576659,0.223753986,1.42483E-20,+1,6.876297537
487,225,"ARO=>CBH, ALI=>EGL",66.65390505,58.59728507,64.61670481,0.224290655,6.56114E-40,+1,6.876297537
488,226,"POL=>CBH, not POL=>EGL",96.63093415,41.85520362,82.78032037,0.495781623,1.04666E-94,+1,3.841296974
489,226,"not POL=>CBH, POL=>EGL",3.36906585,58.14479638,17.21967963,-0.495781623,1.04666E-94,+1,3.841296974
490,227,"ALI=>CBH, not ALI=>EGL",91.34762634,8.823529412,70.4805492,0.002640195,0.989837913,+1,6.793533438
491,227,"not ALI=>CBH, ALI=>EGL",8.65237366,91.17647059,29.5194508,-0.002640195,0.989837913,+1,6.793533438
492,228,"ARO=>CBH, not ARO=>EGL",96.63093415,2.488687783,72.82608696,-0.021920079,0.447944424,+1,2.758465874
493,228,"not ARO=>CBH, ARO=>EGL",3.36906585,97.51131222,27.17391304,0.021920079,0.447944424,+1,2.758465874
494,229,"ALI=>CBH, not ALI=>EGL",85.52833078,25.11312217,70.25171625,0.122670107,4.28694E-07,-1,9.448387146
495,229,"not ALI=>CBH, ALI=>EGL",14.47166922,74.88687783,29.74828375,-0.122670107,4.28694E-07,-1,9.448387146
496,230,"ALI=>CBH, not ALI=>EGL",98.39203675,1.583710407,73.91304348,-0.000839657,0.853972572,-1,9.044882579
497,230,"not ALI=>CBH, ALI=>EGL",1.607963247,98.41628959,26.08695652,0.000839657,0.853972572,-1,9.044882579
498,231,"POL=>CBH, not POL=>EGL",55.28330781,25.7918552,47.82608696,-0.167954835,3.26405E-12,-1,13.5324552
499,231,"not POL=>CBH, POL=>EGL",44.71669219,74.2081448,52.17391304,0.167954835,3.26405E-12,-1,13.5324552
500,232,"POL=>CBH, not POL=>EGL",43.64471669,70.36199095,50.40045767,0.124218545,2.78677E-07,-1,13.16113047
501,232,"not ALI=>CBH, ALI=>EGL",66.3093415,43.43891403,60.52631579,0.088189929,0.000283561,-1,13.16113047
502,232,"POL=>CBH, ALI=>EGL",54.9770291,56.90045249,55.46338673,0.103331866,1.27306E-09,-1,13.16113047
503,233,"POL=>CBH, not POL=>EGL",42.95558959,76.69683258,51.48741419,0.175994918,2.84581E-13,-1,12.61168862
504,234,"ALI=>CBH, not ALI=>EGL",60.49004594,58.82352941,60.06864989,0.16895903,2.40636E-12,-1,13.63464663
505,235,"POL=>CBH, not POL=>EGL",61.63859112,97.28506787,70.65217391,0.513318081,1.1693E-101,-1,13.51817642
506,236,"POL=>CBH, not POL=>EGL",56.12557427,99.54751131,67.10526316,0.490207129,7.4688E-93,-1,13.35393136
507,237,"ALI=>CBH, not ALI=>EGL",40.88820827,76.92307692,50,0.160915185,2.54885E-11,-3,15.04687115
508,238,"ALI=>CBH, not ALI=>EGL",98.69831547,54.29864253,87.47139588,0.650471513,6.0525E-162,-1,12.39722568
509,239,"POL=>CBH, not POL=>EGL",55.20673813,65.61085973,57.8375286,0.180968168,5.86389E-14,-1,16.36755523
510,240,"ALI=>CBH, not ALI=>EGL",78.63705972,52.94117647,72.1395881,0.301424418,4.4055E-36,-2,14.19169205
511,241,"NEG=>CBH, not NEG=>EGL",50.38284839,70.13574661,55.37757437,0.179198365,1.03125E-13,+1,14.46288577
512,242,"NEG=>CBH, not NEG=>EGL",35.68147014,60.85972851,42.04805492,-0.03121707,0.212021976,-1,14.28760647
513,243,"ALI=>CBH, not ALI=>EGL",98.85145482,57.01357466,88.27231121,0.674977965,2.8594E-174,-1,10.51803141
514,244,"ALI=>CBH, not ALI=>EGL",87.74885145,75.7918552,84.72540046,0.612994572,3.4924E-144,+1,9.498647259
515,245,"ALI=>CBH, not ALI=>EGL",55.6661562,99.77375566,66.81922197,0.488809321,2.47272E-92,+1,6.812821339
516,246,"POL=>CBH, not POL=>EGL",54.05819296,99.77375566,65.61784897,0.476746762,6.52908E-88,+1,3.451710619
517,247,"ARO=>CBH, not ARO=>EGL",46.86064319,100,60.29748284,0.426998247,7.76451E-71,-2,2.661448135
518,248,"POL=>CBH, not POL=>EGL",51.0719755,100,63.44393593,0.456972027,6.70403E-81,+1,10.20607515
519,249,"POL=>CBH, not POL=>EGL",31.85298622,100,49.08466819,0.325112823,1.06804E-41,+2,10.42446458
520,250,"NEG=>CBH, not NEG=>EGL",49.23430322,99.54751131,61.95652174,0.439413161,6.34722E-75,+2,10.55140588
521,251,"POS=>CBH, not POS=>EGL",86.90658499,99.77375566,90.16018307,0.789838785,2.5998E-238,+2,3.438786699
522,252,"ARO=>CBH, not ARO=>EGL",84.99234303,82.80542986,84.43935927,0.6309394,1.1295E-152,+2,5.849719724
523,253,"ALI=>CBH, not ALI=>EGL",55.74272588,90.7239819,64.58810069,0.40688353,1.73779E-64,+2,12.61630143
524,254,"ALI=>CBH, not ALI=>EGL",85.14548239,51.58371041,76.6590389,0.373049206,2.08893E-54,-1,11.9266635
525,254,"not ALI=>CBH, ALI=>EGL",14.85451761,48.41628959,23.3409611,-0.373049206,2.08893E-54,-1,11.9266635
526,255,"ALI=>CBH, not ALI=>EGL",45.4058193,39.14027149,43.8215103,-0.134353995,2.66418E-08,-1,11.90199475
527,255,"not ALI=>CBH, ALI=>EGL",54.5941807,60.85972851,56.1784897,0.134353995,2.66418E-08,-1,11.90199475
528,256,"ALI=>CBH, not ALI=>EGL",97.70290965,1.583710407,73.39816934,-0.02154159,0.478023808,-1,8.405995339
529,256,"not ALI=>CBH, ALI=>EGL",2.297090352,98.41628959,26.60183066,0.02154159,0.478023808,-1,8.405995339
530,257,"NEG=>CBH, not NEG=>EGL",98.08575804,8.14479638,75.34324943,0.147566222,1.74759E-09,-1,6.185501416
531,257,"not NEG=>CBH, NEG=>EGL",1.91424196,91.85520362,24.65675057,-0.147566222,1.74759E-09,-1,6.185501416
532,258,"ALI=>CBH, not ALI=>EGL",64.47166922,94.57013575,72.08237986,0.513273817,1.2137E-101,+1,3.711861552
533,258,"not POS=>CBH, POS=>EGL",70.75038285,66.74208145,69.73684211,0.334531979,4.16381E-44,+1,3.711861552
534,258,"ALI=>CBH, POS=>EGL",67.61102603,80.6561086,70.90961098,0.422062113,4.9767E-137,+1,3.711861552
535,259,"NEG=>CBH, not NEG=>EGL",80.47473201,94.11764706,83.92448513,0.666665637,2.77E-170,+1,2.582478487
536,259,"not POL=>CBH, POL=>EGL",88.97396631,47.05882353,78.37528604,0.390540943,1.91131E-59,+1,2.582478487
537,259,"NEG=>CBH, POL=>EGL",84.72434916,70.58823529,81.14988558,0.528429184,1.0116E-213,+1,2.582478487
538,260,"ALI=>CBH, not ALI=>EGL",99.23430322,1.583710407,74.5423341,0.036230161,0.217060085,+1,4.784771562
539,260,"not ALI=>CBH, ALI=>EGL",0.765696784,98.41628959,25.4576659,-0.036230161,0.217060085,+1,4.784771562
540,261,"ALI=>CBH, not ALI=>EGL",99.08116386,2.262443439,74.59954233,0.052386977,0.051963134,+1,6.252894354
541,261,"not ALI=>CBH, ALI=>EGL",0.918836141,97.73755656,25.40045767,-0.052386977,0.051963134,+1,6.252894354
542,262,"NEG=>CBH, not NEG=>EGL",95.94180704,97.28506787,96.28146453,0.906160279,0,+2,4.07937664
543,262,"not ALI=>CBH, ALI=>EGL",98.16232772,82.35294118,94.16475973,0.842123242,1.5295E-270,+2,4.07937664
544,262,"NEG=>CBH, ALI=>EGL",97.05206738,89.81900452,95.22311213,0.872999847,0,+2,4.07937664
545,263,"ARO=>CBH, not ARO=>EGL",95.55895865,18.5520362,76.08695652,0.225960911,9.11509E-21,+1,7.277611803
546,263,"not ARO=>CBH, ARO=>EGL",4.441041348,81.4479638,23.91304348,-0.225960911,9.11509E-21,+1,7.277611803
547,264,"POL=>CBH, not POL=>EGL",94.86983155,2.036199095,71.39588101,-0.065943774,0.008738216,+2,6.774155634
548,264,"not POL=>CBH, POL=>EGL",5.130168453,97.9638009,28.60411899,0.065943774,0.008738216,+2,6.774155634
549,265,"POL=>CBH, not POL=>EGL",55.6661562,86.42533937,63.44393593,0.367729118,5.69868E-53,+2,10.50908401
550,265,"not ALI=>CBH, ALI=>EGL",56.66156202,81.22171946,62.87185355,0.329882692,6.09724E-43,+2,10.50908401
551,265,"POL=>CBH, ALI=>EGL",56.16385911,83.82352941,63.15789474,0.348700025,4.27296E-94,+2,10.50908401
552,266,"ARO=>CBH, not ARO=>EGL",97.856049,8.823529412,75.34324943,0.151220447,6.44767E-10,+2,10.6906297
553,266,"not ARO=>CBH, ARO=>EGL",2.143950995,91.17647059,24.65675057,-0.151220447,6.44767E-10,+2,10.6906297
554,267,"POS=>CBH, not POS=>EGL",97.62633997,60.40723982,88.21510297,0.670764316,3.6742E-172,+2,4.087835645
555,267,"not ALI=>CBH, ALI=>EGL",99.38744257,49.09502262,86.67048055,0.629254321,1.3292E-151,+2,4.087835645
556,267,"POS=>CBH, ALI=>EGL",98.50689127,54.75113122,87.44279176,0.649007113,0,+2,4.087835645
557,268,"ALI=>CBH, not ALI=>EGL",72.28177642,49.32126697,66.47597254,0.19941703,1.24203E-16,+2,10.36791912
558,268,"not ALI=>CBH, ALI=>EGL",27.71822358,50.67873303,33.52402746,-0.19941703,1.24203E-16,+2,10.36791912
559,269,"ALI=>CBH, not ALI=>EGL",97.62633997,28.73303167,80.20594966,0.399567973,5.93708E-62,+2,12.92585315
560,269,"not ALI=>CBH, ALI=>EGL",2.373660031,71.26696833,19.79405034,-0.399567973,5.93708E-62,+2,12.92585315
561,270,"POL=>CBH, not POL=>EGL",54.36447167,57.69230769,55.20594966,0.104846282,1.50142E-05,+2,14.75130667
562,270,"not POL=>CBH, POL=>EGL",45.63552833,42.30769231,44.79405034,-0.104846282,1.50142E-05,+2,14.75130667
563,271,"POL=>CBH, not POL=>EGL",45.32924962,75.7918552,53.03203661,0.187401483,7.31466E-15,+2,15.11020243
564,271,"not POS=>CBH, POS=>EGL",65.00765697,37.55656109,58.06636156,0.023271126,0.359931287,+2,15.11020243
565,271,"POL=>CBH, POS=>EGL",55.16845329,56.67420814,55.54919908,0.103046081,1.41419E-09,+2,15.11020243
566,272,"POL=>CBH, not POL=>EGL",67.84073507,50.90497738,63.5583524,0.168856219,2.51068E-12,+2,17.627292
567,272,"not POL=>CBH, POL=>EGL",32.15926493,49.09502262,36.4416476,-0.168856219,2.51068E-12,+2,17.627292
568,273,"ARO=>CBH, not ARO=>EGL",98.31546708,4.298642534,74.5423341,0.07507543,0.003106111,+2,16.22825409
569,273,"not ARO=>CBH, ARO=>EGL",1.684532925,95.70135747,25.4576659,-0.07507543,0.003106111,+2,16.22825409
570,274,"ARO=>CBH, not ARO=>EGL",89.73966309,0.678733032,67.21967963,-0.1549576,1.81463E-10,-1,12.85757347
571,274,"not ARO=>CBH, ARO=>EGL",10.26033691,99.32126697,32.78032037,0.1549576,1.81463E-10,-1,12.85757347
572,275,"ALI=>CBH, not ALI=>EGL",99.23430322,7.013574661,75.91533181,0.179434755,2.47592E-13,+2,17.50380656
573,275,"not ALI=>CBH, ALI=>EGL",0.765696784,92.98642534,24.08466819,-0.179434755,2.47592E-13,+2,17.50380656
574,276,"ALI=>CBH, not ALI=>EGL",65.00765697,47.73755656,60.64073227,0.114006531,2.47856E-06,+2,18.77480976
575,276,"not ALI=>CBH, ALI=>EGL",34.99234303,52.26244344,39.35926773,-0.114006531,2.47856E-06,+2,18.77480976
576,277,"ALI=>CBH, not ALI=>EGL",89.43338438,22.1719457,72.42562929,0.147607466,1.12333E-09,-1,22.7144018
577,277,"not ALI=>CBH, ALI=>EGL",10.56661562,77.8280543,27.57437071,-0.147607466,1.12333E-09,-1,22.7144018
578,280,"POS=>CBH, not POS=>EGL",44.48698315,89.59276018,55.89244851,0.308846342,8.03995E-38,+2,18.18475065
579,280,"not ALI=>CBH, ALI=>EGL",65.46707504,43.89140271,60.01144165,0.084298592,0.000525467,+2,18.18475065
580,280,"POS=>CBH, ALI=>EGL",54.9770291,66.74208145,57.95194508,0.188814939,9.46525E-29,+2,18.18475065
581,281,"POL=>CBH, not POL=>EGL",78.10107198,51.13122172,71.28146453,0.279190991,3.57039E-31,+2,21.27770131
582,281,"not POL=>CBH, POL=>EGL",21.89892802,48.86877828,28.71853547,-0.279190991,3.57039E-31,+2,21.27770131
583,282,"ALI=>CBH, not ALI=>EGL",99.00459418,0.226244344,74.02745995,-0.037506944,0.207868012,-1,18.42388303
584,282,"not ALI=>CBH, ALI=>EGL",0.995405819,99.77375566,25.97254005,0.037506944,0.207868012,-1,18.42388303
585,283,"NEG=>CBH, not NEG=>EGL",90.65849923,10.85972851,70.4805492,0.022271101,0.40187571,-1,20.28567292
586,283,"not NEG=>CBH, NEG=>EGL",9.341500766,89.14027149,29.5194508,-0.022271101,0.40187571,-1,20.28567292
587,284,"POL=>CBH, not POL=>EGL",98.46860643,6.561085973,75.22883295,0.132443125,7.84584E-08,-1,16.69528186
588,284,"not POL=>CBH, POL=>EGL",1.531393568,93.43891403,24.77116705,-0.132443125,7.84584E-08,-1,16.69528186
589,285,"POL=>CBH, not POL=>EGL",79.24961715,20.36199095,64.35926773,-0.00417024,0.915276533,-1,20.01637774
590,285,"not POL=>CBH, POL=>EGL",20.75038285,79.63800905,35.64073227,0.00417024,0.915276533,-1,20.01637774
591,286,"POS=>CBH, not POS=>EGL",58.57580398,12.44343891,46.91075515,-0.265731525,2.14504E-28,-1,19.24722531
592,286,"not POS=>CBH, POS=>EGL",41.42419602,87.55656109,53.08924485,0.265731525,2.14504E-28,-1,19.24722531
593,287,"POS=>CBH, not POS=>EGL",62.25114855,83.03167421,67.50572082,0.39369555,1.76077E-60,-1,19.51325971
594,287,"not ALI=>CBH, ALI=>EGL",66.53905054,75.7918552,68.87871854,0.370515794,9.44348E-54,-1,19.51325971
595,287,"POS=>CBH, ALI=>EGL",64.39509954,79.41176471,68.19221968,0.381655789,2.2493E-112,-1,19.51325971
596,288,"ARO=>CBH, not ARO=>EGL",54.82388974,17.64705882,45.42334096,-0.246248652,1.32863E-24,-1,16.2585253
597,288,"not ARO=>CBH, ARO=>EGL",45.17611026,82.35294118,54.57665904,0.246248652,1.32863E-24,-1,16.2585253
598,289,"POL=>CBH, not POL=>EGL",98.54517611,1.357466063,73.97025172,-0.003564027,0.934071241,-1,17.89678877
599,289,"not POL=>CBH, POL=>EGL",1.45482389,98.64253394,26.02974828,0.003564027,0.934071241,-1,17.89678877
600,290,"ALI=>CBH, not ALI=>EGL",98.9280245,0.226244344,73.97025172,-0.039853837,0.171327166,-1,13.95618363
601,290,"not ALI=>CBH, ALI=>EGL",1.071975498,99.77375566,26.02974828,0.039853837,0.171327166,-1,13.95618363
602,291,"ALI=>CBH, not ALI=>EGL",98.39203675,14.9321267,77.28832952,0.266304333,3.51926E-28,+1,16.82630947
603,291,"not ALI=>CBH, ALI=>EGL",1.607963247,85.0678733,22.71167048,-0.266304333,3.51926E-28,+1,16.82630947
604,292,"POL=>CBH, not POL=>EGL",98.9280245,0.452488688,74.02745995,-0.028273583,0.371760334,+1,13.42569089
605,292,"not POL=>CBH, POL=>EGL",1.071975498,99.54751131,25.97254005,0.028273583,0.371760334,+1,13.42569089
606,293,"POL=>CBH, not POL=>EGL",92.49617152,3.846153846,70.08009153,-0.064127717,0.010165793,+1,16.81023588
607,293,"not POL=>CBH, POL=>EGL",7.503828484,96.15384615,29.91990847,0.064127717,0.010165793,+1,16.81023588
608,294,"ARO=>CBH, not ARO=>EGL",98.9280245,0.452488688,74.02745995,-0.028273583,0.371760334,+1,13.12585873
609,294,"not ARO=>CBH, ARO=>EGL",1.071975498,99.54751131,25.97254005,0.028273583,0.371760334,+1,13.12585873
610,295,"ALI=>CBH, not ALI=>EGL",84.15007657,17.64705882,67.33409611,0.021145547,0.418173855,+1,19.1070674
611,295,"not ALI=>CBH, ALI=>EGL",15.84992343,82.35294118,32.66590389,-0.021145547,0.418173855,+1,19.1070674
612,296,"POL=>CBH, not POL=>EGL",68.30015314,50.90497738,63.90160183,0.17333401,6.48841E-13,+1,21.72821244
613,296,"not POL=>CBH, POL=>EGL",31.69984686,49.09502262,36.09839817,-0.17333401,6.48841E-13,+1,21.72821244
614,297,"POL=>CBH, not POL=>EGL",38.97396631,66.74208145,45.99542334,0.051311574,0.036755854,+1,20.06568947
615,297,"not POL=>CBH, POL=>EGL",61.02603369,33.25791855,54.00457666,-0.051311574,0.036755854,+1,20.06568947
616,298,"POL=>CBH, not POL=>EGL",68.14701378,36.42533937,60.12585812,0.042262593,0.087552852,+1,15.67859567
617,298,"not POL=>CBH, POL=>EGL",31.85298622,63.57466063,39.87414188,-0.042262593,0.087552852,+1,15.67859567
618,299,"NEG=>CBH, not NEG=>EGL",78.0245023,37.33031674,67.73455378,0.152424826,2.79208E-10,+1,16.34917859
619,299,"not NEG=>CBH, NEG=>EGL",21.9754977,62.66968326,32.26544622,-0.152424826,2.79208E-10,+1,16.34917859
620,300,"ALI=>CBH, not ALI=>EGL",96.86064319,3.393665158,73.22654462,0.006276957,0.91543226,+1,11.72788246
621,300,"not ALI=>CBH, ALI=>EGL",3.139356815,96.60633484,26.77345538,-0.006276957,0.91543226,+1,11.72788246
622,301,"POS=>CBH, not POS=>EGL",82.69525268,41.62895928,72.31121281,0.249517791,3.49704E-25,+1,16.18048929
623,301,"not POS=>CBH, POS=>EGL",17.30474732,58.37104072,27.68878719,-0.249517791,3.49704E-25,+1,16.18048929
624,302,"POS=>CBH, not POS=>EGL",87.97856049,1.583710407,66.13272311,-0.155592705,1.44733E-10,+1,11.94398228
625,302,"not POS=>CBH, POS=>EGL",12.02143951,98.41628959,33.86727689,0.155592705,1.44733E-10,+1,11.94398228
626,303,"ARO=>CBH, not ARO=>EGL",49.54058193,91.40271493,60.12585812,0.364547073,4.44433E-52,+1,18.20229107
627,303,"not ALI=>CBH, ALI=>EGL",55.13016845,57.01357466,55.60640732,0.105655617,1.28708E-05,+1,18.20229107
628,303,"ARO=>CBH, ALI=>EGL",52.33537519,74.2081448,57.86613272,0.23163268,1.84191E-42,+1,18.20229107
629,304,"ARO=>CBH, not ARO=>EGL",98.00918836,0.904977376,73.45537757,-0.036339091,0.191058253,+1,14.24412105
630,304,"not ARO=>CBH, ARO=>EGL",1.990811639,99.09502262,26.54462243,0.036339091,0.191058253,+1,14.24412105
631,305,"ALI=>CBH, not ALI=>EGL",93.10872894,11.08597285,72.36842105,0.067390456,0.006610881,-1,21.02111043
632,305,"not ALI=>CBH, ALI=>EGL",6.891271057,88.91402715,27.63157895,-0.067390456,0.006610881,-1,21.02111043
633,306,"POL=>CBH, not POL=>EGL",98.31546708,0.904977376,73.68421053,-0.027991524,0.345679958,-1,20.96394793
634,306,"not POL=>CBH, POL=>EGL",1.684532925,99.09502262,26.31578947,0.027991524,0.345679958,-1,20.96394793
635,307,"POL=>CBH, not POL=>EGL",56.7381317,65.15837104,58.86727689,0.190401974,2.66884E-15,-1,25.16387389
636,307,"not NEG=>CBH, NEG=>EGL",71.89892802,45.24886878,65.16018307,0.159211551,4.17539E-11,-1,25.16387389
637,307,"POL=>CBH, NEG=>EGL",64.31852986,55.20361991,62.01372998,0.172775641,2.53552E-24,-1,25.16387389
638,308,"ALI=>CBH, not ALI=>EGL",92.03675345,8.597285068,70.9382151,0.010087451,0.748183992,-1,27.01011571
639,308,"not ALI=>CBH, ALI=>EGL",7.963246554,91.40271493,29.0617849,-0.010087451,0.748183992,-1,27.01011571
640,309,"POS=>CBH, not POS=>EGL",59.03522205,32.35294118,52.28832952,-0.076819553,0.001603393,-1,24.8695542
641,309,"not POS=>CBH, POS=>EGL",40.96477795,67.64705882,47.71167048,0.076819553,0.001603393,-1,24.8695542
642,310,"ALI=>CBH, not ALI=>EGL",75.72741194,23.52941176,62.52860412,-0.007554367,0.801431433,+1,24.66818935
643,310,"not ALI=>CBH, ALI=>EGL",24.27258806,76.47058824,37.47139588,0.007554367,0.801431433,+1,24.66818935
644,311,"ALI=>CBH, not ALI=>EGL",84.91577335,7.239819005,65.27459954,-0.101052311,3.42255E-05,+1,20.79420427
645,311,"not ALI=>CBH, ALI=>EGL",15.08422665,92.760181,34.72540046,0.101052311,3.42255E-05,+1,20.79420427
646,312,"ALI=>CBH, not ALI=>EGL",49.54058193,69.68325792,54.63386728,0.168067643,3.13775E-12,+1,19.7938904
647,312,"not ALI=>CBH, ALI=>EGL",50.45941807,30.31674208,45.36613272,-0.168067643,3.13775E-12,+1,19.7938904
648,313,"POL=>CBH, not POL=>EGL",86.67687596,22.1719457,70.36613272,0.106106145,1.29887E-05,+1,13.12025075
649,313,"not POL=>CBH, POL=>EGL",13.32312404,77.8280543,29.63386728,-0.106106145,1.29887E-05,+1,13.12025075
650,314,"POL=>CBH, not POL=>EGL",59.95405819,87.33031674,66.87643021,0.411374581,6.95387E-66,+2,16.57067433
651,314,"not ALI=>CBH, ALI=>EGL",63.24655436,66.28959276,64.01601831,0.258490455,5.80841E-27,+2,16.57067433
652,314,"POL=>CBH, ALI=>EGL",61.60030628,76.80995475,65.44622426,0.334139902,1.51849E-86,+2,16.57067433
653,315,"ALI=>CBH, not ALI=>EGL",29.47932619,41.85520362,32.60869565,-0.258462009,5.99171E-27,+2,17.3931991
654,315,"not ALI=>CBH, ALI=>EGL",70.52067381,58.14479638,67.39130435,0.258462009,5.99171E-27,+2,17.3931991
655,316,"POL=>CBH, not POL=>EGL",70.52067381,80.76923077,73.11212815,0.451038559,7.29352E-79,+2,14.87309179
656,316,"not ALI=>CBH, ALI=>EGL",72.43491577,57.239819,68.59267735,0.270297109,2.501E-29,+2,14.87309179
657,316,"POL=>CBH, ALI=>EGL",71.47779479,69.00452489,70.85240275,0.361160402,8.3486E-101,+2,14.87309179
658,317,"POL=>CBH, not POL=>EGL",66.3093415,44.11764706,60.6979405,0.094233902,0.000103335,+2,16.24435513
659,317,"not POL=>CBH, POL=>EGL",33.6906585,55.88235294,39.3020595,-0.094233902,0.000103335,+2,16.24435513
660,318,"ALI=>CBH, not ALI=>EGL",78.25421133,53.84615385,72.08237986,0.304868258,7.05754E-37,+2,11.77958626
661,318,"not ALI=>CBH, ALI=>EGL",21.74578867,46.15384615,27.91762014,-0.304868258,7.05754E-37,+2,11.77958626
662,319,"ALI=>CBH, not ALI=>EGL",55.97243492,77.8280543,61.49885584,0.294218982,1.76649E-34,+2,16.95924445
663,320,"ALI=>CBH, not ALI=>EGL",83.23124043,67.64705882,79.29061785,0.484281493,1.27071E-90,+2,19.284815
664,321,"ALI=>CBH, not ALI=>EGL",84.99234303,56.78733032,77.8604119,0.416251061,2.34695E-67,+2,16.20447479
665,322,"POL=>CBH, not POL=>EGL",42.11332312,80.99547511,51.94508009,0.208916557,4.04981E-18,+2,19.41109648
666,322,"not ALI=>CBH, ALI=>EGL",64.01225115,36.87782805,57.15102975,0.008049559,0.780017092,+2,19.41109648
667,322,"POL=>CBH, ALI=>EGL",53.06278714,58.93665158,54.54805492,0.104311525,8.85919E-10,+2,19.41109648
668,323,"ALI=>CBH, not ALI=>EGL",56.12557427,42.08144796,52.57437071,-0.015723115,0.54726869,+2,17.66929935
669,323,"not ALI=>CBH, ALI=>EGL",43.87442573,57.91855204,47.42562929,0.015723115,0.54726869,+2,17.66929935
670,324,"POL=>CBH, not POL=>EGL",72.35834609,59.95475113,69.22196796,0.292939351,3.50817E-34,+1,16.63480773
671,324,"not POL=>CBH, POL=>EGL",27.64165391,40.04524887,30.77803204,-0.292939351,3.50817E-34,+1,16.63480773
672,325,"POL=>CBH, not POL=>EGL",79.17304747,48.86877828,71.51029748,0.27170262,1.33775E-29,+1,15.92898599
673,325,"not POL=>CBH, POL=>EGL",20.82695253,51.13122172,28.48970252,-0.27170262,1.33775E-29,+1,15.92898599
674,326,"ALI=>CBH, not ALI=>EGL",98.46860643,4.977375566,74.82837529,0.097809619,9.24272E-05,+1,10.22938931
675,326,"not ALI=>CBH, ALI=>EGL",1.531393568,95.02262443,25.17162471,-0.097809619,9.24272E-05,+1,10.22938931
676,327,"POL=>CBH, not POL=>EGL",96.17151608,47.51131222,83.86727689,0.533587114,1.7047E-109,+1,14.53671073
677,327,"not POL=>CBH, POL=>EGL",3.82848392,52.48868778,16.13272311,-0.533587114,1.7047E-109,+1,14.53671073
678,328,"NEG=>CBH, not NEG=>EGL",47.70290965,55.6561086,49.71395881,0.029258043,0.242760647,+1,15.81825538
679,328,"not NEG=>CBH, NEG=>EGL",52.29709035,44.3438914,50.28604119,-0.029258043,0.242760647,+1,15.81825538
680,329,"NEG=>CBH, not NEG=>EGL",50.07656968,75.7918552,56.57894737,0.226778461,4.26405E-21,+2,15.88101108
681,330,"ARO=>CBH, not ARO=>EGL",91.27105666,48.19004525,80.37757437,0.439826119,5.92676E-75,+2,9.112331415
682,330,"not ARO=>CBH, ARO=>EGL",8.728943338,51.80995475,19.62242563,-0.439826119,5.92676E-75,+2,9.112331415
683,331,"ALI=>CBH, not ALI=>EGL",98.31546708,2.714932127,74.14187643,0.032429733,0.247424503,+1,11.32357235
684,331,"not ALI=>CBH, ALI=>EGL",1.684532925,97.28506787,25.85812357,-0.032429733,0.247424503,+1,11.32357235
685,332,"POL=>CBH, not POL=>EGL",44.79326187,57.91855204,48.11212815,0.023739312,0.348704884,+2,13.77131627
686,332,"not POL=>CBH, POL=>EGL",55.20673813,42.08144796,51.88787185,-0.023739312,0.348704884,+2,13.77131627
687,333,"ALI=>CBH, not ALI=>EGL",64.16539051,63.57466063,64.01601831,0.243649951,4.01761E-24,+2,13.0988246
688,334,"POL=>CBH, not POL=>EGL",81.47013783,64.25339367,77.11670481,0.433305313,7.06253E-73,+2,6.190553094
689,335,"POS=>CBH, not POS=>EGL",81.5467075,97.51131222,85.58352403,0.706379168,5.7597E-191,+2,10.70973466
690,336,"POL=>CBH, not POL=>EGL",52.52679939,99.09502262,64.3020595,0.459038036,1.27425E-81,+2,13.05558816
691,337,"ALI=>CBH, not ALI=>EGL",86.21745789,99.54751131,89.58810069,0.779188016,5.6292E-232,+2,11.62414279
692,338,"ARO=>CBH, not ARO=>EGL",92.03675345,99.77375566,93.99313501,0.861477728,3.7679E-283,+2,7.723898186
693,339,"ALI=>CBH, not ALI=>EGL",77.41194487,98.64253394,82.78032037,0.6701752,4.5007E-172,+2,8.326590642
694,340,"NEG=>CBH, not NEG=>EGL",90.58192956,99.32126697,92.79176201,0.836656818,3.5756E-267,+2,9.09540061
695,341,"POL=>CBH, not POL=>EGL",54.74732006,87.33031674,62.98627002,0.368349083,3.83E-53,+2,10.57462298
696,342,"POL=>CBH, not POL=>EGL",33.6906585,71.49321267,43.24942792,0.048152625,0.050651953,+2,8.943037873
697,342,"not POL=>CBH, POL=>EGL",66.3093415,28.50678733,56.75057208,-0.048152625,0.050651953,+2,8.943037873
698,343,"ARO=>CBH, not ARO=>EGL",95.94180704,40.04524887,81.80778032,0.462731685,1.05675E-82,+1,9.062002332
699,343,"not ARO=>CBH, ARO=>EGL",4.058192956,59.95475113,18.19221968,-0.462731685,1.05675E-82,+1,9.062002332
700,344,"POL=>CBH, not POL=>EGL",36.14088821,75.7918552,46.16704805,0.110198704,5.39403E-06,+1,12.3587757
701,344,"not ALI=>CBH, ALI=>EGL",72.81776417,44.79638009,65.73226545,0.164625745,8.87317E-12,+1,12.3587757
702,344,"POL=>CBH, ALI=>EGL",54.47932619,60.29411765,55.94965675,0.128440232,4.17677E-14,+1,12.3587757
703,345,"POL=>CBH, not POL=>EGL",36.60030628,76.92307692,46.79633867,0.124833935,2.4595E-07,+1,14.30028957
704,345,"not POS=>CBH, POS=>EGL",81.47013783,24.66063348,67.10526316,0.066519056,0.006679421,+1,14.30028957
705,345,"POL=>CBH, POS=>EGL",59.03522205,50.7918552,56.95080092,0.086169757,4.28796E-07,+1,14.30028957
706,346,"POS=>CBH, not POS=>EGL",45.71209801,95.70135747,58.35240275,0.376799764,1.60932E-55,-1,12.12298492
707,346,"not ALI=>CBH, ALI=>EGL",78.40735069,55.88235294,72.71167048,0.324426832,1.47913E-41,-1,12.12298492
708,346,"POS=>CBH, ALI=>EGL",62.05972435,75.7918552,65.53203661,0.32945331,3.49907E-84,-1,12.12298492
709,347,"ALI=>CBH, not ALI=>EGL",96.78407351,10.85972851,75.05720824,0.150341416,7.22263E-10,+1,15.04989267
710,347,"not ALI=>CBH, ALI=>EGL",3.215926493,89.14027149,24.94279176,-0.150341416,7.22263E-10,+1,15.04989267
711,348,"ALI=>CBH, not ALI=>EGL",96.32465544,10.40723982,74.59954233,0.129714461,1.15E-07,+1,13.61843961
712,348,"not ALI=>CBH, ALI=>EGL",3.675344564,89.59276018,25.40045767,-0.129714461,1.15E-07,+1,13.61843961
713,349,"ALI=>CBH, not ALI=>EGL",76.11026034,31.90045249,64.93135011,0.079463905,0.001116009,+1,12.70154615
714,349,"not ALI=>CBH, ALI=>EGL",23.88973966,68.09954751,35.06864989,-0.079463905,0.001116009,+1,12.70154615
715,350,"ALI=>CBH, not ALI=>EGL",45.48238897,73.07692308,52.45995423,0.164145756,9.97949E-12,+1,16.61884829
716,350,"not POL=>CBH, POL=>EGL",68.4532925,28.28054299,58.29519451,-0.030772414,0.219850305,+1,16.61884829
717,350,"ALI=>CBH, POL=>EGL",56.96784074,50.67873303,55.37757437,0.066811435,9.18202E-05,+1,16.61884829
718,351,"ALI=>CBH, not ALI=>EGL",42.41960184,52.48868778,44.96567506,-0.044617187,0.070305965,-1,15.1435374
719,351,"not ALI=>CBH, ALI=>EGL",57.58039816,47.51131222,55.03432494,0.044617187,0.070305965,-1,15.1435374
720,352,"ALI=>CBH, not ALI=>EGL",87.74885145,5.20361991,66.87643021,-0.100054553,4.25241E-05,+1,10.21952787
721,352,"not ALI=>CBH, ALI=>EGL",12.25114855,94.79638009,33.12356979,0.100054553,4.25241E-05,+1,10.21952787
722,353,"ALI=>CBH, not ALI=>EGL",61.48545176,5.20361991,47.25400458,-0.315675578,1.99113E-39,+1,15.59409781
723,353,"not ALI=>CBH, ALI=>EGL",38.51454824,94.79638009,52.74599542,0.315675578,1.99113E-39,+1,15.59409781
724,354,"NEG=>CBH, not NEG=>EGL",30.01531394,52.48868778,35.6979405,-0.160040867,3.28355E-11,-1,16.69327075
725,354,"not NEG=>CBH, NEG=>EGL",69.98468606,47.51131222,64.3020595,0.160040867,3.28355E-11,-1,16.69327075
726,355,"ALI=>CBH, not ALI=>EGL",78.63705972,23.07692308,64.58810069,0.0180444,0.491593087,-1,13.16106101
727,355,"not ALI=>CBH, ALI=>EGL",21.36294028,76.92307692,35.41189931,-0.0180444,0.491593087,-1,13.16106101
728,356,"ALI=>CBH, not ALI=>EGL",77.18223583,13.34841629,61.04118993,-0.102095152,2.66614E-05,+1,14.22653716
729,356,"not ALI=>CBH, ALI=>EGL",22.81776417,86.65158371,38.95881007,0.102095152,2.66614E-05,+1,14.22653716
730,357,"ALI=>CBH, not ALI=>EGL",37.67228178,52.71493213,41.47597254,-0.085251033,0.00045127,-1,18.11921048
731,357,"not ALI=>CBH, ALI=>EGL",62.32771822,47.28506787,58.52402746,0.085251033,0.00045127,-1,18.11921048
732,358,"POS=>CBH, not POS=>EGL",31.08728943,12.21719457,26.31578947,-0.494933667,1.26525E-94,-1,17.97156732
733,358,"not POS=>CBH, POS=>EGL",68.91271057,87.78280543,73.68421053,0.494933667,1.26525E-94,-1,17.97156732
734,359,"ALI=>CBH, not ALI=>EGL",89.66309342,1.131221719,67.27688787,-0.147411643,1.34623E-09,-1,15.94555443
735,359,"not ALI=>CBH, ALI=>EGL",10.33690658,98.86877828,32.72311213,0.147411643,1.34623E-09,-1,15.94555443
736,360,"ALI=>CBH, not ALI=>EGL",91.65390505,11.53846154,71.39588101,0.048118296,0.055318308,-1,10.99823756
737,360,"not ALI=>CBH, ALI=>EGL",8.346094946,88.46153846,28.60411899,-0.048118296,0.055318308,-1,10.99823756
738,361,"ALI=>CBH, not ALI=>EGL",93.10872894,1.809954751,70.0228833,-0.096007231,9.84537E-05,-2,10.51035341
739,361,"not ALI=>CBH, ALI=>EGL",6.891271057,98.19004525,29.9771167,0.096007231,9.84537E-05,-2,10.51035341
740,362,"ALI=>CBH, not ALI=>EGL",98.46860643,1.131221719,73.85583524,-0.014649291,0.70339535,-2,9.668941148
741,362,"not ALI=>CBH, ALI=>EGL",1.531393568,98.86877828,26.14416476,0.014649291,0.70339535,-2,9.668941148
742,363,"ALI=>CBH, not ALI=>EGL",93.10872894,5.882352941,71.05263158,-0.017617715,0.531286781,-2,5.199103278
743,363,"not ALI=>CBH, ALI=>EGL",6.891271057,94.11764706,28.94736842,0.017617715,0.531286781,-2,5.199103278
744,364,"ALI=>CBH, not ALI=>EGL",94.02756508,61.53846154,85.81235698,0.603537776,9.78E-140,-2,6.115606777
745,364,"not ARO=>CBH, ARO=>EGL",96.24808576,60.18099548,87.12814645,0.638127308,5.4943E-156,-2,6.115606777
746,364,"ALI=>CBH, ARO=>EGL",95.13782542,60.85972851,86.47025172,0.620156098,1.4582E-293,-2,6.115606777
747,365,"POL=>CBH, not POL=>EGL",96.63093415,4.07239819,73.22654462,0.016527938,0.587638063,-2,2.799864376
748,365,"not POL=>CBH, POL=>EGL",3.36906585,95.92760181,26.77345538,-0.016527938,0.587638063,-2,2.799864376
749,366,"ALI=>CBH, not ALI=>EGL",97.70290965,1.357466063,73.3409611,-0.028756354,0.313191808,-2,5.597666953
750,366,"not ALI=>CBH, ALI=>EGL",2.297090352,98.64253394,26.6590389,0.028756354,0.313191808,-2,5.597666953
751,367,"ARO=>CBH, not ARO=>EGL",94.3338438,1.357466063,70.82379863,-0.089615879,0.000300235,-1,2.95438409
752,367,"not ARO=>CBH, ARO=>EGL",5.666156202,98.64253394,29.17620137,0.089615879,0.000300235,-1,2.95438409
753,368,"NEG=>CBH, not NEG=>EGL",81.01071975,94.57013575,84.43935927,0.676462586,2.8351E-175,-3,2.953698272
754,368,"not POL=>CBH, POL=>EGL",92.80245023,40.7239819,79.63386728,0.400816913,1.76856E-62,-3,2.953698272
755,368,"NEG=>CBH, POL=>EGL",86.90658499,67.64705882,82.03661327,0.534800902,7.5724E-219,-3,2.953698272
756,369,"NEG=>CBH, not NEG=>EGL",96.78407351,13.12217195,75.62929062,0.185401483,2.29364E-14,-3,5.046366922
757,369,"not NEG=>CBH, NEG=>EGL",3.215926493,86.87782805,24.37070938,-0.185401483,2.29364E-14,-3,5.046366922
758,370,"ARO=>CBH, not ARO=>EGL",87.28943338,98.19004525,90.04576659,0.782524635,6.0313E-234,-3,5.258503105
759,370,"not ALI=>CBH, ALI=>EGL",97.62633997,34.16289593,81.57894737,0.452409004,4.73701E-79,-3,5.258503105
760,370,"ARO=>CBH, ALI=>EGL",92.45788668,66.17647059,85.81235698,0.611584668,1.3446E-285,-3,5.258503105
761,371,"ALI=>CBH, not ALI=>EGL",40.73506891,40.27149321,40.61784897,-0.165772045,6.17601E-12,-2,6.269472205
762,371,"not ALI=>CBH, ALI=>EGL",59.26493109,59.72850679,59.38215103,0.165772045,6.17601E-12,-2,6.269472205
763,372,"ALI=>CBH, not ALI=>EGL",77.41194487,52.48868778,71.10983982,0.283204377,4.91649E-32,+2,5.984354157
764,372,"not ALI=>CBH, ALI=>EGL",22.58805513,47.51131222,28.89016018,-0.283204377,4.91649E-32,+2,5.984354157
765,373,"POL=>CBH, not POL=>EGL",77.18223583,76.24434389,76.94508009,0.482842679,4.02963E-90,+1,9.016794687
766,373,"not ARO=>CBH, ARO=>EGL",93.95099541,53.84615385,83.81006865,0.539181857,7.9248E-112,+1,9.016794687
767,373,"POL=>CBH, ARO=>EGL",85.56661562,65.04524887,80.37757437,0.494183257,3.9265E-187,+1,9.016794687
768,374,"ALI=>CBH, not ALI=>EGL",95.25267994,0.904977376,71.39588101,-0.087618105,0.000433366,-1,6.561302419
769,374,"not ALI=>CBH, ALI=>EGL",4.747320061,99.09502262,28.60411899,0.087618105,0.000433366,-1,6.561302419
770,375,"ALI=>CBH, not ALI=>EGL",84.3797856,87.33031674,85.12585812,0.659147759,1.7469E-166,+2,6.925253802
771,375,"not POL=>CBH, POL=>EGL",92.34303216,70.81447964,86.8993135,0.646237382,5.1447E-160,+2,6.925253802
772,375,"ALI=>CBH, POL=>EGL",88.36140888,79.07239819,86.01258581,0.648005649,0,+2,6.925253802
773,376,"ARO=>CBH, not ARO=>EGL",96.78407351,0.904977376,72.54004577,-0.062750099,0.014220748,+2,3.458964763
774,376,"not ARO=>CBH, ARO=>EGL",3.215926493,99.09502262,27.45995423,0.062750099,0.014220748,+2,3.458964763
775,377,"ALI=>CBH, not ALI=>EGL",97.47320061,0.678733032,72.99771167,-0.056558405,0.029936789,+2,5.180910457
776,377,"not ALI=>CBH, ALI=>EGL",2.526799387,99.32126697,27.00228833,0.056558405,0.029936789,+2,5.180910457
777,378,"NEG=>CBH, not NEG=>EGL",95.86523737,1.357466063,71.96796339,-0.06630452,0.008767067,+2,7.588356732
778,378,"not NEG=>CBH, NEG=>EGL",4.134762634,98.64253394,28.03203661,0.06630452,0.008767067,+2,7.588356732
779,379,"POL=>CBH, not POL=>EGL",88.20826953,55.88235294,80.03432494,0.455798581,2.02114E-80,+2,8.617968085
780,379,"not POL=>CBH, POL=>EGL",11.79173047,44.11764706,19.96567506,-0.455798581,2.02114E-80,+2,8.617968085
781,380,"POL=>CBH, not POL=>EGL",60.87289433,99.77375566,70.70938215,0.529315402,5.503E-108,+2,8.133364499
782,381,"ARO=>CBH, not ARO=>EGL",92.80245023,99.77375566,94.56521739,0.873121755,8.3394E-291,+2,3.475761137
783,382,"ALI=>CBH, not ALI=>EGL",93.49157734,98.41628959,94.73684211,0.8738453,2.8148E-291,+2,5.035927226
784,383,"POL=>CBH, not POL=>EGL",52.29709035,99.77375566,64.3020595,0.463744201,2.87062E-83,+2,8.643636575
785,384,"NEG=>CBH, not NEG=>EGL",52.8330781,98.86877828,64.47368421,0.459179269,1.13621E-81,+2,10.11176147
786,385,"ALI=>CBH, not ALI=>EGL",42.87901991,99.77375566,57.26544622,0.397121345,1.75869E-61,+2,8.630810786
787,386,"NEG=>CBH, not NEG=>EGL",32.69525268,100,49.71395881,0.330751692,4.17394E-43,+2,11.91741782
788,387,"ALI=>CBH, not ALI=>EGL",51.14854518,99.77375566,63.44393593,0.455372668,2.39775E-80,+2,13.75442418
789,388,"POL=>CBH, not POL=>EGL",71.2863706,99.77375566,78.48970252,0.61909267,4.2385E-147,+2,13.91988366
790,389,"POL=>CBH, not POL=>EGL",37.74885145,100,53.48970252,0.364620551,4.56174E-52,+2,9.587418778
791,390,"ALI=>CBH, not ALI=>EGL",92.11332312,90.95022624,91.81922197,0.796548006,2.6425E-242,+2,8.824917874
792,391,"ALI=>CBH, not ALI=>EGL",94.94640123,90.7239819,93.87871854,0.841550974,3.0791E-270,+2,6.882030103
793,392,"ALI=>CBH, not ALI=>EGL",82.31240429,34.16289593,70.13729977,0.173284225,7.0596E-13,+2,7.453564861
794,392,"not ALI=>CBH, ALI=>EGL",17.68759571,65.83710407,29.86270023,-0.173284225,7.0596E-13,+2,7.453564861
795,393,"ALI=>CBH, not ALI=>EGL",65.77335375,83.25791855,70.19450801,0.427204934,6.36071E-71,+2,8.975633899
796,393,"not POL=>CBH, POL=>EGL",86.29402757,52.0361991,77.63157895,0.393524855,2.33269E-60,+2,8.975633899
797,393,"ALI=>CBH, POL=>EGL",76.03369066,67.64705882,73.91304348,0.398022779,4.7982E-122,+2,8.975633899
798,394,"POS=>CBH, not POS=>EGL",95.09954058,95.92760181,95.30892449,0.881979414,1.1261E-296,+2,3.077044488
799,394,"not ALI=>CBH, ALI=>EGL",99.46401225,49.09502262,86.72768879,0.631446088,1.1976E-152,+2,3.077044488
800,394,"POS=>CBH, ALI=>EGL",97.28177642,72.51131222,91.01830664,0.753269745,0,+2,3.077044488
801,395,"ALI=>CBH, not ALI=>EGL",96.47779479,1.131221719,72.36842105,-0.061749478,0.015597237,+2,9.568147532
802,395,"not ALI=>CBH, ALI=>EGL",3.522205207,98.86877828,27.63157895,0.061749478,0.015597237,+2,9.568147532
803,396,"POL=>CBH, not POL=>EGL",65.00765697,98.64253394,73.51258581,0.553443953,6.7124E-118,+2,12.89037986
804,396,"not ALI=>CBH, ALI=>EGL",79.7856049,97.28506787,84.21052632,0.684655076,1.6516E-179,+2,12.89037986
805,396,"POL=>CBH, ALI=>EGL",72.39663093,97.9638009,78.86155606,0.614256538,3.338E-288,+2,12.89037986
806,397,"ALI=>CBH, not ALI=>EGL",96.63093415,1.131221719,72.48283753,-0.058927474,0.021617861,+2,13.19517889
807,397,"not ALI=>CBH, ALI=>EGL",3.36906585,98.86877828,27.51716247,0.058927474,0.021617861,+2,13.19517889
808,398,"ALI=>CBH, not ALI=>EGL",58.65237366,91.17647059,66.87643021,0.43451998,2.57742E-73,+2,14.03901385
809,398,"not POL=>CBH, POL=>EGL",80.62787136,76.47058824,79.57665904,0.524622237,4.4154E-106,+2,14.03901385
810,398,"ALI=>CBH, POL=>EGL",69.64012251,83.82352941,73.22654462,0.468283826,2.8689E-168,+2,14.03901385
811,399,"POL=>CBH, not POL=>EGL",64.08882083,74.66063348,66.76201373,0.33809739,5.01878E-45,+2,12.19597137
812,399,"not ALI=>CBH, ALI=>EGL",73.58346095,54.07239819,68.64988558,0.254851365,3.08449E-26,+2,12.19597137
813,399,"POL=>CBH, ALI=>EGL",68.83614089,64.36651584,67.70594966,0.295137718,6.83053E-68,+2,12.19597137
814,400,"POL=>CBH, not POL=>EGL",66.61562021,29.86425339,57.32265446,-0.032668245,0.191184591,+2,15.02179561
815,400,"not POL=>CBH, POL=>EGL",33.38437979,70.13574661,42.67734554,0.032668245,0.191184591,+2,15.02179561
816,401,"POL=>CBH, not POL=>EGL",81.77641654,84.38914027,82.43707094,0.603134064,1.1327E-139,-3,13.4549004
817,401,"not NEG=>CBH, NEG=>EGL",97.47320061,74.88687783,91.76201373,0.774574179,4.105E-229,-3,13.4549004
818,401,"POL=>CBH, NEG=>EGL",89.62480858,79.63800905,87.09954233,0.671311586,0,-3,13.4549004
819,402,"ALI=>CBH, not ALI=>EGL",91.96018377,14.70588235,72.42562929,0.097785482,6.45678E-05,-3,9.830587882
820,402,"not ALI=>CBH, ALI=>EGL",8.039816233,85.29411765,27.57437071,-0.097785482,6.45678E-05,-3,9.830587882
821,403,"ALI=>CBH, not ALI=>EGL",56.66156202,81.22171946,62.87185355,0.329882692,6.09724E-43,-3,10.75496847
822,403,"not POL=>CBH, POL=>EGL",90.12251149,44.79638009,78.66132723,0.389199485,4.9195E-59,-3,10.75496847
823,403,"ALI=>CBH, POL=>EGL",73.39203675,63.00904977,70.76659039,0.329999647,1.92312E-84,-3,10.75496847
824,404,"ALI=>CBH, not ALI=>EGL",96.17151608,12.8959276,75.11441648,0.164407419,1.38997E-11,-3,7.478497132
825,404,"not ALI=>CBH, ALI=>EGL",3.82848392,87.1040724,24.88558352,-0.164407419,1.38997E-11,-3,7.478497132
826,405,"ALI=>CBH, not ALI=>EGL",42.64931087,73.98190045,50.57208238,0.148598982,7.44978E-10,-3,10.26192703
827,405,"not POL=>CBH, POL=>EGL",71.89892802,34.38914027,62.41418764,0.059819166,0.014656188,-3,10.26192703
828,405,"ALI=>CBH, POL=>EGL",57.27411945,54.18552036,56.49313501,0.100002829,4.25906E-09,-3,10.26192703
829,406,"NEG=>CBH, not NEG=>EGL",62.78713629,90.95022624,69.90846682,0.467200568,1.68102E-84,-3,12.72065512
830,406,"not POL=>CBH, POL=>EGL",73.0474732,45.92760181,66.18993135,0.177173805,2.00639E-13,-3,12.72065512
831,406,"NEG=>CBH, POL=>EGL",67.91730475,68.43891403,68.04919908,0.320969516,5.50012E-80,-3,12.72065512
832,407,"ALI=>CBH, not ALI=>EGL",93.72128637,3.167420814,70.82379863,-0.059358507,0.01822793,-3,10.30021789
833,407,"not ALI=>CBH, ALI=>EGL",6.278713629,96.83257919,29.17620137,0.059358507,0.01822793,-3,10.30021789
834,408,"NEG=>CBH, not NEG=>EGL",79.93874426,81.90045249,80.43478261,0.561010659,4.4874E-121,-3,6.690819401
835,408,"not ALI=>CBH, ALI=>EGL",92.1898928,42.98642534,79.74828375,0.409884023,2.7925E-65,-3,6.690819401
836,408,"NEG=>CBH, ALI=>EGL",86.06431853,62.44343891,80.09153318,0.479475396,2.9413E-176,-3,6.690819401
837,409,"POL=>CBH, not POL=>EGL",42.03675345,72.1719457,49.65675057,0.126953965,1.51054E-07,-4,12.32654418
838,409,"not ALI=>CBH, ALI=>EGL",58.11638591,33.93665158,52.00228833,-0.070544984,0.003813036,-4,12.32654418
839,409,"POL=>CBH, ALI=>EGL",50.07656968,53.05429864,50.82951945,0.027219523,0.116300409,-4,12.32654418
840,410,"POL=>CBH, not POL=>EGL",62.32771822,55.6561086,60.64073227,0.158261751,5.34221E-11,-4,14.79262538
841,410,"not POL=>CBH, POL=>EGL",37.67228178,44.3438914,39.35926773,-0.158261751,5.34221E-11,-4,14.79262538
842,411,"POL=>CBH, not POL=>EGL",44.64012251,62.66968326,49.19908467,0.064215188,0.008559378,-4,12.95591034
843,411,"not POL=>CBH, POL=>EGL",55.35987749,37.33031674,50.80091533,-0.064215188,0.008559378,-4,12.95591034
844,412,"ALI=>CBH, not ALI=>EGL",92.26646248,11.31221719,71.79633867,0.055368737,0.026624672,-4,11.75656901
845,412,"not ALI=>CBH, ALI=>EGL",7.733537519,88.68778281,28.20366133,-0.055368737,0.026624672,-4,11.75656901
846,413,"POL=>CBH, not POL=>EGL",58.34609495,56.78733032,57.95194508,0.132096085,4.56267E-08,-4,13.87089351
847,413,"not POL=>CBH, POL=>EGL",41.65390505,43.21266968,42.04805492,-0.132096085,4.56267E-08,-4,13.87089351
848,414,"ALI=>CBH, not ALI=>EGL",69.37212864,43.21266968,62.75743707,0.115629478,1.78638E-06,-4,12.83106198
849,414,"not ALI=>CBH, ALI=>EGL",30.62787136,56.78733032,37.24256293,-0.115629478,1.78638E-06,-4,12.83106198
850,415,"POL=>CBH, not POL=>EGL",66.3093415,74.2081448,68.30663616,0.354839182,1.96975E-49,-2,13.8887604
851,415,"not POL=>CBH, POL=>EGL",33.6906585,25.7918552,31.69336384,-0.354839182,1.96975E-49,-2,13.8887604
852,416,"ALI=>CBH, not ALI=>EGL",97.01378254,2.714932127,73.16933638,-0.007006208,0.897009599,-2,10.46228404
853,416,"not ALI=>CBH, ALI=>EGL",2.986217458,97.28506787,26.83066362,0.007006208,0.897009599,-2,10.46228404
854,417,"ALI=>CBH, not ALI=>EGL",45.55895865,70.58823529,51.88787185,0.142453448,3.63495E-09,-2,14.14918524
855,417,"not POL=>CBH, POL=>EGL",57.04441041,62.8959276,58.52402746,0.17348116,6.10947E-13,-2,14.14918524
856,417,"ALI=>CBH, POL=>EGL",51.30168453,66.74208145,55.20594966,0.157189684,2.13915E-20,-2,14.14918524
857,418,"ARO=>CBH, not ARO=>EGL",95.32924962,1.809954751,71.6819222,-0.06385864,0.01145285,-1,9.207881886
858,418,"not ARO=>CBH, ARO=>EGL",4.670750383,98.19004525,28.3180778,0.06385864,0.01145285,-1,9.207881886
859,419,"POL=>CBH, not POL=>EGL",92.03675345,6.108597285,70.30892449,-0.030616381,0.239776805,-2,16.11598684
860,419,"not POL=>CBH, POL=>EGL",7.963246554,93.89140271,29.69107551,0.030616381,0.239776805,-2,16.11598684
861,420,"POL=>CBH, not POL=>EGL",89.73966309,16.5158371,71.22425629,0.084150805,0.000596693,-1,18.88890883
862,420,"not POL=>CBH, POL=>EGL",10.26033691,83.4841629,28.77574371,-0.084150805,0.000596693,-1,18.88890883
863,421,"ALI=>CBH, not ALI=>EGL",95.94180704,2.036199095,72.19679634,-0.047515787,0.066086619,-2,14.76502641
864,421,"not ALI=>CBH, ALI=>EGL",4.058192956,97.9638009,27.80320366,0.047515787,0.066086619,-2,14.76502641
865,422,"POS=>CBH, not POS=>EGL",95.86523737,2.488687783,72.25400458,-0.037812341,0.15114825,-1,18.53683378
866,422,"not POS=>CBH, POS=>EGL",4.134762634,97.51131222,27.74599542,0.037812341,0.15114825,-1,18.53683378
867,423,"ARO=>CBH, not ARO=>EGL",65.92649311,11.08597285,52.05949657,-0.221902843,3.07101E-20,-1,18.1183655
868,423,"not ARO=>CBH, ARO=>EGL",34.07350689,88.91402715,47.94050343,0.221902843,3.07101E-20,-1,18.1183655
869,424,"ALI=>CBH, not ALI=>EGL",95.86523737,2.488687783,72.25400458,-0.037812341,0.15114825,-1,21.28843334
870,424,"not ALI=>CBH, ALI=>EGL",4.134762634,97.51131222,27.74599542,0.037812341,0.15114825,-1,21.28843334
871,425,"ALI=>CBH, not ALI=>EGL",71.05666156,96.3800905,77.45995423,0.588119185,6.4849E-133,-1,23.99070452
872,425,"not NEG=>CBH, NEG=>EGL",80.93415008,92.760181,83.92448513,0.66093714,2.1351E-167,-1,23.99070452
873,425,"ALI=>CBH, NEG=>EGL",75.99540582,94.57013575,80.69221968,0.621748213,3.177E-295,-1,23.99070452
874,426,"ALI=>CBH, not ALI=>EGL",93.79785605,2.036199095,70.59496568,-0.081937502,0.000962627,+1,21.71221227
875,426,"not ALI=>CBH, ALI=>EGL",6.202143951,97.9638009,29.40503432,0.081937502,0.000962627,+1,21.71221227
876,427,"ALI=>CBH, not ALI=>EGL",69.98468606,26.01809955,58.86727689,-0.038286908,0.123534101,-1,24.78203254
877,427,"not ALI=>CBH, ALI=>EGL",30.01531394,73.98190045,41.13272311,0.038286908,0.123534101,-1,24.78203254
878,428,"POL=>CBH, not POL=>EGL",94.25727412,4.07239819,71.45308924,-0.032347739,0.218757615,-1,24.82359236
879,428,"not POL=>CBH, POL=>EGL",5.742725881,95.92760181,28.54691076,0.032347739,0.218757615,-1,24.82359236
880,429,"POL=>CBH, not POL=>EGL",93.49157734,4.07239819,70.88100686,-0.044963779,0.077891553,-1,21.51078955
881,429,"not POL=>CBH, POL=>EGL",6.508422665,95.92760181,29.11899314,0.044963779,0.077891553,-1,21.51078955
882,430,"ARO=>CBH, not ARO=>EGL",78.7136294,40.7239819,69.10755149,0.192131256,1.58338E-15,-1,24.81035737
883,430,"not ARO=>CBH, ARO=>EGL",21.2863706,59.2760181,30.89244851,-0.192131256,1.58338E-15,-1,24.81035737
884,431,"POL=>CBH, not POL=>EGL",40.88820827,67.42081448,47.597254,0.074118383,0.002347346,-1,27.18001135
885,432,"ALI=>CBH, not ALI=>EGL",38.36140888,71.26696833,46.6819222,0.087226207,0.000331311,-1,28.87436687