,Position,Rule,Closest subsite,Distance to closest subsite (Å),Sensitivity,Specificity,Accuracy,MCC
34,16,"not Thr=>CBH, Thr=>EGL",-2,19.02915655,97.70290965,82.57918552,93.87871854,0.83436096
86,37,"Asn=>CBH, not Asn=>EGL",-4,3.099657133,92.80245023,85.97285068,91.07551487,0.770191833
89,38,"Trp=>CBH, not Trp=>EGL",-4,3.208604309,93.18529862,96.15384615,93.93592677,0.852286039
92,39,"Arg=>CBH, not Arg=>EGL",-5,3.565940114,96.40122511,79.86425339,92.21967963,0.789106791
94,39,"Arg=>CBH, His=>EGL",-5,3.565940114,98.20061256,70.13574661,91.10411899,0.755936238
110,49,"Asn=>CBH, not Asn=>EGL",-7,2.67235421,90.88820827,85.29411765,89.47368421,0.734503633
115,51,"Tyr=>CBH, not Tyr=>EGL",-5,3.587408484,88.43797856,99.09502262,91.13272311,0.804924556
120,53,"Gly=>CBH, not Gly=>EGL",-5,4.902027864,90.58192956,90.7239819,90.61784897,0.771344689
129,56,"Trp=>CBH, not Trp=>EGL",-5,8.873282958,93.18529862,99.32126697,94.73684211,0.875706159
187,81,"Thr=>CBH, not Thr=>EGL",-5,4.110386496,88.13169985,91.17647059,88.90160183,0.739452147
190,82,"Tyr=>CBH, not Tyr=>EGL",-5,3.821502303,91.57733538,86.19909502,90.2173913,0.752180976
219,95,"Phe=>CBH, not Phe=>EGL",-4,7.018781326,83.99693721,97.51131222,87.41418764,0.735401348
225,97,"Thr=>CBH, not Thr=>EGL",-5,6.654573271,89.20367534,93.43891403,90.27459954,0.772021853
235,103,"Asn=>CBH, not Asn=>EGL",-5,2.73954156,92.11332312,87.78280543,91.01830664,0.772680717
241,105,"Gly=>CBH, not Gly=>EGL",-4,4.794551043,94.79326187,85.97285068,92.56292906,0.804083629
242,105,"not Ser=>CBH, Ser=>EGL",-4,4.794551043,99.69372129,74.88687783,93.42105263,0.823597665
243,105,"Gly=>CBH, Ser=>EGL",-4,4.794551043,97.24349158,80.42986425,92.99199085,0.809802307
244,106,"Ser=>CBH, not Ser=>EGL",-2,4.782161403,89.89280245,88.68778281,89.58810069,0.74548967
245,106,"not Pro=>CBH, Pro=>EGL",-2,4.782161403,99.15773354,86.87782805,96.05263158,0.894155958
246,106,"Ser=>CBH, Pro=>EGL",-2,4.782161403,94.52526799,87.78280543,92.82036613,0.812718583
277,120,"Phe=>CBH, not Phe=>EGL",-1,15.68903109,93.03215926,83.25791855,90.56064073,0.753560247
321,140,"Leu=>CBH, not Leu=>EGL",-1,8.492965901,83.23124043,98.19004525,87.01372998,0.731571922
334,146,"Phe=>CBH, not Phe=>EGL",-1,7.884819567,91.80704441,93.89140271,92.33409611,0.81390776
335,146,"not Leu=>CBH, Leu=>EGL",-1,7.884819567,94.3338438,79.41176471,90.56064073,0.747213138
336,146,"Phe=>CBH, Leu=>EGL",-1,7.884819567,93.0704441,86.65158371,91.44736842,0.779706489
406,179,"Asp=>CBH, not Asp=>EGL",-3,2.627853249,92.87901991,99.09502262,94.45080092,0.869271516
410,181,"Lys=>CBH, not Lys=>EGL",-5,2.758448249,91.96018377,99.32126697,93.8215103,0.856944239
433,192,"Trp=>CBH, not Trp=>EGL",-4,7.0312346,93.79785605,100,95.36613272,0.890341765
441,200,"Asn=>CBH, not Asn=>EGL",-4,3.509526582,85.52833078,99.32126697,89.01601831,0.76867663
443,202,"Gly=>CBH, not Gly=>EGL",-4,6.457211442,93.95099541,100,95.4805492,0.892776944
445,204,"Gly=>CBH, not Gly=>EGL",-4,10.727551,95.0229709,99.54751131,96.16704805,0.906895137
529,251,"Arg=>CBH, not Arg=>EGL",2,3.438786699,86.90658499,99.77375566,90.16018307,0.789838785
551,262,"Asp=>CBH, not Asp=>EGL",2,4.07937664,95.09954058,97.28506787,95.65217391,0.891805411
552,262,"not Gly=>CBH, Gly=>EGL",2,4.07937664,98.69831547,69.00452489,91.18993135,0.759105108
553,262,"Asp=>CBH, Gly=>EGL",2,4.07937664,96.89892802,83.14479638,93.42105263,0.822484137
708,338,"Phe=>CBH, not Phe=>EGL",2,7.723898186,91.80704441,99.77375566,93.8215103,0.858037471
710,340,"Asp=>CBH, not Asp=>EGL",2,9.09540061,83.07810107,99.32126697,87.18535469,0.738788605
805,381,"Tyr=>CBH, not Tyr=>EGL",2,3.475761137,83.6906585,99.77375566,87.75743707,0.74969832
806,382,"Pro=>CBH, not Pro=>EGL",2,5.035927226,93.2618683,98.41628959,94.56521739,0.870221307
815,391,"Gly=>CBH, not Gly=>EGL",2,6.882030103,94.64012251,90.95022624,93.70709382,0.837936643
822,394,"Arg=>CBH, not Arg=>EGL",2,3.077044488,95.09954058,96.3800905,95.42334096,0.885255772
824,394,"Arg=>CBH, Ala=>EGL",2,3.077044488,97.39663093,72.62443439,91.13272311,0.756522245
828,396,"not Pro=>CBH, Pro=>EGL",2,12.89037986,85.4517611,96.60633484,88.27231121,0.746328926
841,401,"not Glu=>CBH, Glu=>EGL",-3,13.4549004,98.77488515,72.85067873,92.21967963,0.788284289
896,423,"not Trp=>CBH, Trp=>EGL",-1,18.1183655,97.39663093,72.62443439,91.13272311,0.756522245