,A1,A2,A3,A4,B1,B2,B3,B4,all8
0,0.7115298201899924,0.17010570726555174,0.14037160171758475,0.9657040279831711,0.6886840453253685,0.9711754826918862,0.949828359780586,0.9652599137480011,0.9652599137480011
1,0.6636096102096578,0.5087421636013236,0.34354778761240023,0.9435220597134147,0.7308152359460695,0.9380738354937223,0.9665252834832873,0.9273375246635304,0.9602887497687872
2,0.7381069460687691,0.19423292690962032,0.07092593182241633,0.9821944218702024,0.6825753371673275,0.9363244486749019,0.9483088411874343,0.9650914241964498,0.9821944218702024
3,0.7274792266121706,0.7548294124240689,0.2986599204191,0.9754262200082646,0.0,0.9516189336125859,0.9488603310332112,0.9801960588196069,0.994936676326182
4,0.6459756125300844,0.549294293074766,0.700948985139993,0.9664708656063741,0.0,0.9307519817633021,0.9540108698493934,0.965442850461462,0.988438917815802
5,0.5980484745876181,0.0431296278835958,0.7329003050503234,0.9844146306046317,0.0,0.9273738345938666,0.9844146306046317,0.9546270187131505,0.9844146306046317
6,0.6821222629696378,0.7050835816716038,0.09162468101335662,0.949170893495126,0.0,0.949170893495126,0.9201265596762715,0.9608240300060135,0.9658423213780821
7,0.7133010650997429,0.27300104553735755,-0.04589872184081206,0.9824033179248569,0.0,0.9256492011432801,0.9767410038007758,0.9484427332248551,1.0
8,0.7878353250312807,0.1773255958150029,0.13980505908390634,0.9780192938436515,0.0,0.9774004085801838,0.9603791409809244,0.9943661523522511,0.9943661523522511
9,0.8296955641234351,0.7171371656006362,0.7171371656006362,0.9716105389884397,0.0,0.9890707100936805,0.9545219638242894,0.9716105389884397,0.9772609819121447
10,0.7983425115738808,0.5336895428607086,0.17207524430655577,0.9756060828611426,0.0,0.9221270681264564,0.9448212409654974,0.9583880358966537,1.0
11,0.7078509631273764,0.05099804159210047,0.7367883976130072,0.9613544232922542,0.0,0.9665889005600252,0.9718961983138786,0.9545571245186136,0.9827383048360694
12,0.6690019127940023,0.1779916697004627,0.6761234037828133,0.981761387347632,0.0,0.9586534397996891,0.9877295966495896,0.9516387182119064,0.9938079899999065
13,0.7361714772784321,0.5435739665840938,0.7329003050503234,0.9560355545824933,0.0,0.9793792286287206,0.961244233049177,0.9773135093565752,0.9665252834832873
14,0.7439929240337958,0.14734589232268477,-0.1829741789001034,0.9744203145947592,0.0,0.9063075320420955,0.9610835001189847,0.9826826933539868,0.9610835001189847
15,0.7752562442610715,0.6928203230275509,0.6908492797077574,0.9883036912035246,0.0,0.9770084209183945,0.9607689228305228,0.9773425499231951,0.982607368881035
16,0.7859353588238392,-0.294463928473233,-0.08761772985570512,0.9718961983138786,0.0,0.9613544232922542,0.9490143644349804,0.9493514929403443,0.9545571245186136
17,0.7216345268878682,0.2878895198030167,0.234359216640273,0.9675588936937933,0.0,0.9603791409809244,0.9489108814415207,0.9548008171603677,0.96596566501199
18,0.8336043642923331,0.4102116500188866,0.6989318615762461,0.9828067413836207,0.0,0.97182531580755,0.9560222249632359,0.9828067413836207,0.9941690465022816
19,0.5882388961400246,0.5258879332294667,0.11815103345684055,0.9682458365518543,0.0,0.9605609731341672,0.9545219638242894,0.9430187405231811,0.9944903161976938
20,0.6787707122460099,0.4280868030718517,0.23160277792655037,0.9332257682163525,0.0,0.9437784353327212,0.9546439982949251,0.9429844405271768,0.9715728448867845
21,0.7276265271468453,0.14709982674347116,0.241074695709182,0.9782582722940951,0.0,0.9489649146714251,0.9944289260117531,0.9774004085801838,0.9774004085801838
22,0.7651874125461353,0.1506331281412299,0.7367883976130072,0.9896370260347827,0.0,0.9411019165517949,0.9490143644349804,0.9896370260347827,0.9896370260347827
23,0.7814869164838772,0.7050601581351732,0.6990252954195317,0.9600112031061162,0.0,0.9256091682790719,0.9434310357935242,0.9158559860616927,0.9714998525616358
24,0.6436953440024672,0.4630856174829546,-0.025255603331649817,0.97182531580755,0.6969320524371696,0.965442850461462,0.9424467831071222,0.977246283128636,1.0
25,0.7817359599705715,0.3614795596749848,0.05387435745156023,0.969032708552143,0.0,0.9337621729605174,0.9283038624108008,0.9631774724179828,0.9641033071076504
26,0.7448287576599046,0.12497701248878514,0.22071909887787852,0.9885710532241612,-0.02086087628335129,0.9488742666581398,0.9547661640684897,0.9510500205442763,0.9714998525616358
27,0.8375515132297433,0.4608604778128583,0.18245670793956165,0.9844146306046317,0.7308152359460695,0.93775214028734,0.9773135093565752,0.9947229183096801,1.0
28,0.6585429439380086,0.5179852042127459,0.7111130839619099,0.9730408576407765,0.7131419413913535,0.9322012257405515,0.9660803082622423,0.9283624821245959,0.9944289260117531
29,0.6987598767228443,0.3002950776409672,0.14040533857923632,0.9561604697706265,0.7427813527082076,0.9202050259458548,0.974933356442865,0.9717451880256228,0.9717451880256228
30,0.744206844921132,-0.17632657042413488,0.004053003192381646,0.9605479380336264,0.0,0.9497258134005684,0.9432106794589232,0.9432106794589232,0.9660803082622423
31,0.7268222082492947,0.288780625237689,0.288780625237689,0.9847319278346619,0.0,0.938178094707863,0.9666440876780195,0.9666440876780195,0.9772376543209876
32,0.6813251239297823,0.6968135568055324,0.45473544167559765,0.9715041043243725,0.0,0.9425345249703942,0.9555330859059092,0.9834550123094091,0.9941002434954169
33,0.8502723665971211,0.5963081442943942,0.39586872503355164,0.9746794344808963,0.0,0.9665889005600252,0.9718961983138786,0.9718961983138786,0.9896370260347827
34,0.6205230147663995,0.4226295301942239,0.340737551266753,0.9341861804840591,0.0,0.9399900754760342,0.934691380934802,0.937653922934725,0.9705364645377608
35,0.9065349417696765,-0.07225216759754238,0.3038841166602518,0.981761387347632,0.0,0.9835902401490427,0.9835902401490427,0.9644856443408242,0.9835902401490427
36,0.6374807987711214,0.136338110568717,-0.1043682096272385,0.9894176915848295,0.0,0.9379978515785675,0.9378833361691069,0.9546850998463902,0.9894176915848295
37,0.8674672754191126,0.7331931903224825,0.4554249147370408,0.950686993402444,0.0,0.950686993402444,0.9842509842514764,0.9611244179150219,0.9718584937419051
38,0.7427620703685728,0.727371822001554,0.7211102550927979,0.9839131599805843,0.0,0.9608557484465496,0.9717920727162084,0.960578577446125,0.9945503681476412
39,0.569591212475325,-0.2666354963081542,0.12110033310307028,0.9540108698493934,0.0,0.97182531580755,0.9596818768804766,0.965442850461462,0.9596818768804766
40,0.7052836006514308,0.06216142641389735,0.0,0.9643210287862387,0.0,0.9579389640386957,0.9523532664857335,0.9770784770784771,0.9706423334459634
41,0.6467184746993956,0.6633249580710799,0.0,0.9810708435174292,0.0,0.9337621729605174,0.9578214742173107,0.9641033071076504,0.9872606263311615
42,0.7784336908949288,0.7374684055082001,-0.19652776276524092,0.9842509842514764,0.0,0.9434887822193653,0.9894176915848295,0.9153710835922244,0.9946666286387915
43,0.7653249775433526,-0.5184089602014994,-0.7543264567555248,0.9884389178158018,0.0,0.9884389178158018,0.9655691546192794,0.9941690465022816,1.0
44,0.6673298118632232,0.21624335800309785,0.28273267391928814,0.9523586129437257,0.0,0.9569090492847738,0.9204882849183692,0.9620648594822743,0.9807640057541959
45,0.6744407164408992,0.4554249147370408,0.2672777573607276,0.9664532369020974,0.0,0.9611244179150219,0.9306327605559722,0.9546850998463902,0.9438120756556436
46,0.7683714123237196,-0.1405867201509519,-0.6603332828912094,1.0,0.0,0.982907841322872,0.9842509842514764,0.9661844792167859,1.0
47,0.787776952281648,0.4375892701605159,-0.2532051282051282,0.9761870601839528,0.0,0.9414736370742265,0.9189837511902799,0.9544753086419753,0.9878783399072131
48,0.8018703506412096,0.380211844254789,0.6761234037828133,0.9644856443408242,0.0,0.9234807548937765,0.9586534397996891,0.981761387347632,0.981761387347632
49,0.6805658155793919,0.7453559924999299,0.7431861014546416,0.9746794344808963,0.0,0.9487041022806904,0.9664290158306359,0.9542560103963613,0.9947780321927768
50,0.7946263688441946,-0.12149507356509474,-0.2164437316097468,0.9891888715790903,0.0,0.9433787119062753,0.9490337772847757,0.9773830820342448,0.9891888715790903
51,0.8538926581063145,0.22371273404972508,0.6571287406727709,0.9627197246824659,0.6571287406727709,0.9575197204231891,0.9575197204231891,0.9638750701958751,0.9703475235568959
52,0.7640316365168006,0.6904666436885359,0.0,0.9880235200593538,0.0,0.9421593283335458,1.0,0.971133244898364,1.0
53,0.737560177272252,0.5719858760892792,0.0,0.9553069551764567,0.0,0.9553069551764567,0.9490058753793497,0.9219114973233322,0.9607067749192311
54,0.5899317973721473,0.24564104287357727,-0.01959100341936506,0.990430401872025,0.0,0.9568333563140874,0.9616848601505262,0.9816860371398791,0.9857474895770961
55,0.715174047973122,-0.032261876923314094,0.29249813771039274,0.9799979793876925,0.0,0.9277300688535122,0.9564684565510646,0.9704367948586523,0.9848857801796105
56,0.7001022874051931,0.3901270885834347,0.7329003050503234,0.9793792286287206,0.7308152359460695,0.9205188359435422,0.9560355545824933,0.9490389648740771,0.9947229183096801
57,0.7766493720995025,0.0,-0.05489191412663183,0.9939576486092935,0.6825753371673275,0.9598689049066761,0.9650914241964498,0.9880235200593538,0.9939576486092935
58,0.7731372918522991,0.2246259349034061,-0.020737071769892004,0.9487634418908161,0.6990252954195317,0.9488742666581398,0.9487634418908161,0.9353528795812722,0.9510500205442763
59,0.7510183308566317,0.20485100480115964,0.2762199509630669,0.9711754826918862,0.0,0.9603240193925289,0.965139037437108,0.965139037437108,0.9940297973880049
60,0.6578549706232436,0.322428900751164,0.09567665290480665,0.9670497325294005,-0.19406035196228275,0.9433415740268639,0.9198905264702972,0.9950859653474028,0.9950859653474028
61,0.7043419867953591,0.6864869757075454,0.31694724288485415,0.9821944218702024,0.0,0.9156614037039359,1.0,0.9609076539707133,1.0
62,0.7056969261434677,-0.2737199309863917,-0.7564909560589957,1.0,0.0,0.9828067413836207,0.9773657289002557,0.9664708656063741,0.9834109935653587
63,0.8087700517080194,0.3111638100208099,0.6819943394704735,0.9468116275195542,0.0,0.9526830954066124,0.9410359246913289,0.9021913159217901,0.9479996529608483
64,0.7207760935189002,0.6116111408764509,0.7329003050503234,0.9695359714832659,0.0,0.9610835001189847,0.955869852709646,0.9543331603528801,0.9793792286287205
65,0.671282067073395,0.7008766440504625,0.6968135568055324,0.9715041043243725,0.0,0.9426930083659631,0.9770084209183945,0.9609039646116807,0.9883036912035246
66,0.8155012589228521,0.05819726767914383,-0.17170739878997723,0.9666440876780195,0.0,0.9317129629629629,0.9772376543209876,0.965684446837421,0.965684446837421
67,0.6431371077511512,0.5205341302414279,0.7708992893275451,0.9723448696087954,0.0,0.9905211130872972,0.9379417952358052,0.9952267030562386,0.9952267030562386
68,0.7428088562575443,0.27300104553735755,-0.4904495567558921,0.9767410038007758,0.0,0.9535973414617213,0.9546270187131505,0.9712362653064299,0.9881652636251155
69,0.7634126101156359,0.4428466899938009,0.6584269219592207,0.9445776049916979,0.0,0.9571001044090696,0.9571001044090696,0.9372496912224081,0.9767656765676568
70,0.7611402208165668,0.7319250547113999,0.7171371656006362,0.9784921095801633,0.0,0.9262636549701776,0.9661863289581797,0.9547892720306513,0.9944903161976938
71,0.7159340593125918,0.32718192881542313,0.0,0.9767410038007758,0.0,0.9304536791226667,0.9535973414617213,0.9773135093565752,0.9881652636251155
72,0.8367308972150234,0.27851556865966326,-0.18929940971212042,0.9844146306046317,0.0,0.9844146306046317,0.9380738354937223,1.0,0.9947229183096801
73,0.6052389098937714,0.5603824877783884,0.5334582871613625,0.9591663046625439,0.0,0.9738858291644985,0.9738858291644985,0.9379060162663454,0.9789450103725609
74,0.6450862794240546,0.13160635946732216,0.32640840807985994,0.965139037437108,0.0,0.9543982381137454,0.9482075751930629,0.931597357170618,0.9444861529171367
75,0.7640820813403054,0.2608919031236564,0.32974212955976084,0.9596018788953281,0.0,0.9770084209183945,0.9941002434954169,0.9538770016430391,0.9609039646116807
76,0.6749352442604601,0.273671450113077,0.273671450113077,0.9895285072531598,0.0,0.9744203145947592,0.9458266779004338,0.9844146306046317,0.9844146306046317
77,0.7309099238312329,0.5102886488130343,0.7612788283838285,0.9809506363438459,0.7612788283838285,0.9017905578883659,0.9809506363438459,0.9903379376602871,0.9903379376602871
78,0.7237673604475097,0.03826606565401487,-0.02937651991825998,0.9485645881675316,0.6969320524371696,0.9430693138673415,0.909462915601023,0.909462915601023,0.9655691546192794
79,0.7612534265509625,0.6710382982072027,0.6633249580710799,0.969032708552143,0.6633249580710799,0.8777009525767006,0.9639967529566423,0.9307359307359307,0.9749960430435691
80,0.6766905957669753,0.08215419219227854,0.3074286506071443,0.9382139600003575,0.0,0.8913563403511235,0.9368494407669681,0.9382139600003575,0.942523560396519
81,0.7443421462958897,0.3038841166602518,0.380211844254789,0.981761387347632,0.674199862463242,0.9709038214803775,0.981761387347632,0.9759000729485332,0.9938079899999065
82,0.6439134931765496,0.16278601339365223,0.29300832144206185,0.9721393650372075,0.6990252954195317,0.9775252199076787,0.9714998525616358,0.9830015945213216,0.9942362632324556
83,0.7595930577282294,0.523183991149804,0.31876110719060907,0.9784921095801633,0.0,0.9632419486019033,0.9607067749192311,0.9890707100936805,0.9944903161976938
84,0.7450658743225086,0.7050835816716038,-0.008127664151569512,0.9887002022289872,0.7050835816716038,0.8967402415513275,0.9657102120595723,0.9442243262754959,0.9943019479194254
85,0.6801317223250624,0.08070002078437537,0.7521398046336104,0.9900495037128094,0.0,0.9318048265107759,0.966758865467572,0.9595959909748903,1.0
86,0.7540471260259373,-0.05426095162342934,-0.05426095162342934,0.9880235200593538,0.0,0.9418954888110076,0.9650914241964498,0.971133244898364,0.9772785622593068
87,0.7504900757498838,0.7112059852731641,0.2295621850401982,0.9777750027710649,0.0,0.9372084633379592,0.9488437418541436,0.9777750027710649,0.983192080250175
88,0.7590471126343666,-0.32809416059828755,0.4015611469860924,0.974933356442865,0.0,0.9772376543209876,0.9365029269199916,0.9600438056515144,0.9614550112712624
89,0.7509741405013922,0.1664318290205164,-0.3386026866279471,0.9769754055468342,0.0,0.9177950514195728,0.9835330139651703,0.9642122724109076,0.9769754055468342
90,0.7531946227985923,0.22363148143034067,-0.11288343263292856,0.9893045053244826,0.0,0.955693095874984,0.9840838646332837,0.9547314578005115,0.9946091251481443
91,0.5767462370138,0.6676183683170241,0.10125169632254558,0.9579389640386957,0.0,0.9694116958983827,0.9460093677240764,0.9706423334459634,0.9636241116594315
92,0.6152270935687558,0.7233642332556183,0.012021175920858624,0.9944903161976938,0.7171371656006362,0.9447369870224058,0.9376747961625328,0.9831285973070741,0.9890707100936805
93,0.7994372655528679,-0.1569558036464914,-0.7273217068146405,0.9773946360153257,0.0,0.983192080250175,0.983192080250175,0.9833105900101209,0.9608240300060135
94,0.8571524895890082,0.283413405771147,0.05444545270290439,0.9560206141748694,0.7367883976130072,0.948938012324952,0.9430167064373093,0.9313840155945419,0.9664290158306359
95,0.6923543860363629,-0.1846924353650228,-0.7692520838274709,0.982607368881035,0.0,0.9482416278003717,0.9713316431979675,0.9773425499231951,0.9773425499231951
96,0.8327116624261556,0.2243702572904338,-0.5511808028156554,0.9522558597200048,0.0,0.9720875106904557,0.9303332458672264,0.9483268624201628,0.9431525752454478
97,0.6759265138409795,0.4160418968376663,0.7010196655077312,0.9616294415187687,0.0,0.9775252199076787,0.9428493191189413,0.9830015945213216,0.9885710532241612
98,0.7594740597661167,0.11614552460742777,0.6396021490668313,0.9931270663228416,0.0,0.9130539679088049,0.9733285267845753,0.9517520934177676,0.9863939238321437
99,0.6738654256644072,0.7487947927292878,0.06927587472088248,0.9898474527915804,-0.006110987957237618,0.9198729642289944,0.9848857801796105,0.9595983731753025,0.9898474527915804
100,0.6685177538693853,0.4785605064920601,0.7211102550927979,0.9685785099293228,0.7190587281616534,0.8858592107248647,0.9445405564321195,0.9685785099293228,0.9839131599805843
101,0.7819581420618684,0.29300832144206185,0.046412384365667726,0.9600112031061162,0.0,0.9327824985006622,0.9446574068377775,0.9446574068377775,0.9773830820342448
102,0.7949614673478843,0.24772270576744848,-0.2237495406931793,1.0,0.0,0.9606549098831619,0.9773946360153257,0.9717480957885217,1.0
103,0.6680746215578605,0.49675736896802836,0.7050361858740393,0.97182531580755,0.0,0.9310192907818534,0.9655691546192794,0.9426993914227569,0.9941690465022816
104,0.7861055882172486,0.11815103345684055,0.369719496997316,0.9551567963977637,0.0,0.9605609731341672,0.9605609731341672,0.9772609819121447,0.9430187405231811
105,0.7159340593125918,0.6946640479648302,0.6926534386886184,0.9711754826918862,0.0,0.9711754826918862,0.9593812886288554,0.9881652636251155,0.9940297973880049
106,0.6859105978316649,0.23555389216676315,0.10104496045629117,0.9856107606091622,0.0,0.9586025865388216,0.97182531580755,0.9763559945211496,0.9856107606091622
107,0.6945329195278627,-0.04616635514020558,0.690660187250484,0.9711754826918862,0.0,0.9319405280697257,0.9484427332248551,0.9290043643419666,0.9773135093565752
108,0.8315853794612386,0.29300832144206185,0.16278601339365223,0.9721393650372075,0.0,0.9775252199076787,0.9721393650372075,0.9657101861715512,0.9714998525616358
109,0.6564153230911729,0.7091242083423347,-0.7111590022187595,0.9772727272727273,0.0,0.9318181818181818,0.9379286358780167,0.9441236725365632,0.9772727272727273
110,0.7814404801072825,0.6699728624083489,0.0,0.9875771574795099,0.0,0.9815368735540919,0.9608378654313577,0.9836138534026113,1.0
111,0.7671088693101126,0.241074695709182,0.0,0.9944289260117531,0.0,0.9096016343207355,0.9782582722940951,0.9505949485480911,0.9889499370655614
112,0.7596498002104067,0.0,-0.14476426827945654,0.966758865467572,0.0,0.9487818024830146,0.9368494407669681,0.9541569541569541,0.9718846197948173
113,0.7186572368788141,-0.76705107192336,-0.76705107192336,0.9654191080869594,0.0,0.9555330859059092,0.9883036912035246,0.9773425499231951,0.9713316431979675
114,0.6603148250331912,0.02411993304315881,0.0,0.9839131599805843,0.0,0.9685785099293228,0.971651249257795,0.9661387932793525,0.9839131599805843
115,0.7547969334137814,-0.1569558036464914,-0.7273217068146405,0.9887002022289874,0.7030776499208191,0.9602002717940671,0.9724464889715235,0.9773946360153257,0.9773946360153257
116,0.6146711426743925,0.14037160171758475,0.6867247695335512,0.949828359780586,0.6886840453253685,0.8931583491996219,0.9194492139937723,0.9448111128973694,0.9652599137480011
117,0.7528395571162287,0.2050832652207476,-0.04589872184081206,0.9657040279831711,0.0,0.9535973414617213,0.9479051347243129,0.9881652636251155,0.9881652636251155
118,0.8419721146806023,0.2137909223644988,-0.7586741956809336,0.9773657289002557,0.0,0.9310192907818534,0.9547314578005115,0.9608872169270216,0.9598117918495954
119,0.6927264667984676,0.777593185920953,0.7753425496928192,0.9905211130872972,0.0,0.9582535218313998,0.9952267030562386,0.9582535218313998,1.0
120,0.7943173992214949,0.7212705552515175,0.7171371656006362,0.9553069551764567,0.0,0.9499844686218558,0.9583148474999098,0.9433019478226788,0.9661863289581797
121,0.7858628828073861,0.5799873549618823,0.7427813527082074,0.9847319278346619,0.0,0.951281601496266,0.9826465927757918,0.948976468936591,0.9948320067476139
122,0.6297448342664942,0.03568395510523549,0.3843351400883981,0.9894176915848295,0.0,0.9490503588450188,0.9438120756556436,0.9498167276871042,0.9661844792167859
123,0.7212819215312267,0.7050601581351732,0.22264681319788204,0.9721393650372075,0.0,0.9714998525616358,0.9773830820342448,0.9833628612142133,0.9942362632324556
124,0.7348270114894814,0.23418272305442084,-0.09614414947874673,0.969032708552143,0.0,0.9515374916319945,0.9639967529566423,0.969032708552143,0.9872606263311616
125,0.7443397378414689,0.35457953792140784,0.13980505908390634,0.9833783437888832,0.7071067811865476,0.9624530063715756,0.9727469142278402,0.9780192938436515,0.9888264649460884
126,0.6240974438737281,0.39238714141324116,0.1925512248935798,0.9440891630699332,0.0,0.9301433276086749,0.9533053097396169,0.9650914241964498,0.9708391914381
127,0.7405841435243526,0.12174823345594446,0.019924905071004664,0.9891888715790903,0.0,0.9608557484465496,0.9502307972603419,0.9773830820342448,0.9773830820342448
128,0.7300405431616631,-0.31625088445560556,-0.26159300607748565,0.9714998525616358,0.7010196655077312,0.8315853794612386,0.9488742666581398,0.9064754531839329,0.9714998525616358
129,0.6879328933808743,0.05540916385036406,0.39897359130722865,0.9795896894087645,0.7367883976130072,0.9560206141748694,0.9371662990094572,0.9560206141748694,0.9717410672367336
130,0.7687620900360619,-0.07267346660603174,0.0,0.9877295966495896,0.0,0.981761387347632,0.9608712694448301,0.9771907216494845,0.9835902401490427
131,0.5415256876336665,0.7250615737399726,0.0,0.9609949404498146,0.0,0.9055739196218697,0.9789450103725609,0.9379985008047201,0.9773657289002557
132,0.6995128854523983,0.36745363263160125,0.7462025072446365,1.0,0.0,0.9093818945701904,0.9667291040006807,0.9653052119784219,1.0
133,0.7674769865120559,0.24772270576744848,0.24988626392678182,0.9682458365518541,0.0,0.9607067749192311,0.9433019478226788,0.9944903161976938,0.9784921095801633
134,0.8456724772199478,0.09796095444137372,-0.49656070009937714,0.9708391914381,0.0,0.9590282173339982,0.9474262430011166,0.9671518967193898,0.9880235200593538
135,0.7417491891432944,0.6908492797077574,0.0,0.9715041043243725,0.0,0.9365963889096214,0.9713316431979675,0.9485630429005182,0.982607368881035
136,0.6759114660277664,0.0431296278835958,0.273671450113077,0.9793792286287206,0.0,0.9718809415918785,0.961244233049177,0.9660267522580241,0.9844146306046317
137,0.7379525390849424,0.19611043400487746,-0.07937803281149802,0.9847319278346619,0.0,0.9149011781444636,0.948976468936591,0.9826465927757918,1.0
138,0.8398952357996327,-0.08079621855688683,-0.8311055761521289,0.9608378654313577,0.0,0.9697815168769667,0.9414798059832353,0.9516953610855649,0.931413071557737
139,0.8765887754490505,-0.22833874834429488,0.0,0.9944289260117531,0.0,0.9835605239881409,0.9944289260117531,0.9835605239881409,0.9889499370655614
140,0.6823974797020113,-0.3877592730103687,0.6502746672423453,0.9558139185602919,0.0,0.9143372864087856,0.9504886632060607,0.9558139185602919,0.9867543820659302
141,0.7184786045683574,0.48216654303823175,0.41280255740232547,0.9801960588196069,0.0,0.994936676326182,0.994936676326182,0.9850365626224086,0.994936676326182
142,0.724222675918594,0.7308152359460695,-0.095947061933735,0.9844146306046317,0.0,0.8917330403828128,0.9435220597134147,0.93775214028734,0.9895285072531598
143,0.6995613592012919,0.7091474976409383,0.7071067811865475,0.9547892720306513,0.7050835816716038,0.9777750027710649,0.9488437418541436,0.9669511152545888,0.9608240300060135
144,0.7100236204428166,0.3637083628272639,0.7131419413913535,0.9835605239881409,0.0,0.8970148791199085,0.9549506432263057,0.944008858979582,0.9889499370655614
145,0.7711057532727039,0.7111590022187595,0.7071067811865476,0.9780192938436515,0.0,0.9524791309238018,0.9548763239224849,0.9888264649460884,0.9780192938436515
146,0.7052226289373251,0.2824506918947103,-0.18045460871050933,0.9845749108635873,0.0,0.9545571245186136,0.9210247635950947,0.9601715326570367,0.9772785622593068
147,0.75036357561283,0.1925512248935798,0.6825753371673275,0.9880235200593538,0.0,0.9254844374765048,0.9939576486092935,0.9772785622593068,0.9880235200593538
148,0.7516873917440465,-0.2937858963467628,0.0,0.9593812886288554,0.0,0.9013644387891664,0.9652599137480011,0.9223246846355926,0.9546270187131505
149,0.8011887963473289,0.12592839627731134,-0.2516214468895078,0.9895285072531598,0.0,0.9663693294238306,0.9695359714832659,0.9826826933539868,1.0
150,0.7894228308055838,-0.02086087628335129,-0.26159300607748565,0.9775252199076787,0.0,0.9140304202757056,0.9830015945213216,0.9446574068377775,0.9942362632324556
151,0.7800563000476629,0.12908091316752454,0.0,0.9504649335446458,0.7229988054812212,0.9789450103725609,0.9893045053244826,0.9773657289002557,0.9718288695643941
152,0.8209341746333153,0.7334928056269079,0.0,0.9591663046625439,0.0,0.9402208546196706,0.963998407308295,0.9718288695643941,0.9840838646332837
153,0.5619359133830164,-0.25248281562630287,-0.7844508823702425,0.9834949365186694,0.0,0.9711754826918862,0.8773518281120388,0.9672975411591462,0.9834949365186694
154,0.7480821086709448,0.7151882639372399,0.7131419413913535,0.9889499370655614,0.0,0.9679060415469871,0.9835605239881409,0.9659419808297995,0.9889499370655614
155,0.6990949929402878,0.3201645076468216,0.26961210523955703,0.9842509842514764,0.7289914755527471,0.9894176915848295,0.9611244179150219,0.9661844792167859,0.9894176915848295
156,0.8478004216810043,0.6864869757075454,0.6884681832200805,0.9880235200593538,0.6825753371673275,0.9301433276086749,0.971133244898364,0.9708391914381,0.9939576486092935
157,0.8533513764694026,0.49771293650612874,-0.12823707702169512,0.9902436691399974,0.0,0.9198905264702972,0.9667926215834307,0.9950859653474028,0.9902436691399974
158,0.7549800430459918,-0.028697202159177572,0.4102116500188866,0.9772697579354847,0.0,0.9310192907818534,0.97182531580755,0.9486699072053446,0.9941690465022816
159,0.6029244258328033,-0.5081133661281331,0.2431938313879843,0.9236342968956244,0.0,0.9761870601839527,0.9313840155945419,0.9417170262675824,0.9355960269779867
160,0.700362572257458,-0.0010902266964173187,0.0945640958570526,0.9902436691399974,0.0,0.8768420050295896,0.9769411151641479,0.9769411151641479,0.9902436691399974
161,0.7095619548765415,0.3405400373241787,0.6495885758840554,0.943724415446279,0.6458659745975609,0.9374922184059166,0.9493337494797257,0.9162203865945971,0.9565365175845123
162,0.741577866544514,0.680336051416609,-0.06299407883487121,0.9819805060619657,0.6784005252999681,0.959403223600247,0.9530006525547848,0.9938837346736189,0.9878783399072131
163,0.8818741046004173,0.24772270576744848,-0.13020556198601127,0.9607067749192311,0.0,0.9553069551764567,0.9381812224592497,0.9504190109085026,0.9717480957885217
164,0.6404303507209925,0.29851506808353845,0.06927587472088248,0.9948848769417228,0.0,0.9463163491737034,0.9665226232707184,0.9823966066632687,0.9770324938013832
165,0.7141746339341204,0.29767549783743347,0.7509683670915127,0.9799979793876925,0.0,0.9666908311759169,0.9719050226785511,0.9848857801796105,1.0
166,0.760503457179884,0.13980505908390634,-0.004052337576244661,0.9716385168968859,0.0,0.9603791409809244,0.9888264649460884,0.9832541484980983,0.9607775910547091
167,0.7703695824187995,0.7254762501100117,0.36664586558618806,0.9837387536759294,0.0,0.9447369870224058,0.9784921095801633,0.9433019478226788,0.9890707100936805
168,0.6648839026971134,0.4160418968376663,-0.020737071769892004,0.9668415633885689,0.0,0.9488742666581398,0.9321492461027345,0.9487634418908161,0.9942362632324556
169,0.7586611637194781,0.19377114900993717,0.686243566496721,0.9357142551162902,0.0,0.8942301929152694,0.9236342968956244,0.9528782930434866,0.9587882665199763
170,0.7788769759832537,0.6676183683170241,0.0,0.9874208829065749,0.0,0.9520080753386343,0.9468641529479986,0.9675497735146461,0.9874208829065749
171,0.7783918301375506,-0.5597638443998739,-0.5597638443998739,1.0,0.0,0.9416688905478163,0.9903379376602871,0.9819927289612528,1.0
172,0.725575421500671,-0.05426095162342934,0.0,0.9653072991634228,0.0,0.9708391914381,0.9598689049066761,0.9880235200593538,0.9598689049066761
173,0.742116611068773,-0.02037847864848056,-0.02049593482951085,0.9830015945213216,0.0,0.9668415633885689,0.9383582777791996,0.9488742666581398,0.9773830820342448
174,0.7413517652644274,-0.6393385639800694,-0.6430235429917919,0.9771665801764401,0.0,0.9432188917224105,0.94918681315774,0.932980848669458,0.9826826933539868
175,0.7861706944320764,0.2672777573607276,0.7310832774866962,0.9791643818062103,0.7269175268963398,0.9262422239481324,0.9894176915848295,0.9434887822193653,0.9894176915848295
176,0.7601700469858247,0.7030312038332427,-0.38327398131185286,0.9830015945213216,0.6990252954195317,0.93806792281046,0.9428493191189413,0.9773830820342448,0.9668415633885689
177,0.7508220427089974,-0.02086087628335129,0.6990252954195317,0.9830015945213216,0.7030312038332427,0.9544001244888523,0.9487634418908161,0.9547661640684897,0.9885710532241612
178,0.6973707649829218,-0.1043682096272385,-0.3842647718093781,0.9546850998463902,0.7269175268963398,0.9378833361691069,0.9490503588450188,0.9490503588450188,0.9378833361691069
179,0.6957152351277925,0.6928203230275509,0.6928203230275509,0.9883036912035246,0.6928203230275509,0.9544513457556936,0.982607368881035,0.9772256728778468,1.0
180,0.6805566845452553,-0.004052337576244661,0.0,0.9833783437888832,0.0,0.9261624434977731,0.9780192938436515,0.9774004085801838,0.9888264649460884
181,0.7193085237899172,0.11743962561024575,-0.028862605270470302,0.9598117918495954,0.0,0.9612039551927889,0.9598117918495954,0.9598117918495954,0.9773657289002557
182,0.7290831801918692,0.07381883979420002,-0.6049777875156128,0.9667291040006807,0.0,0.937063603810187,0.9485538775393096,0.9667291040006807,0.9667291040006807
183,0.7162232828674614,0.46590907206223464,-0.7417766228046924,0.9885710532241612,0.0,0.9428493191189413,0.9657101861715512,0.9446574068377775,0.9885710532241612
184,0.8084520834544433,-0.02466818334974986,-0.7461272561386169,0.9664708656063741,0.0,0.9250288026523849,0.9375104123196892,0.965442850461462,0.9664708656063741
185,0.7018013374024396,0.2191770148299936,0.3901270885834347,0.9744203145947592,0.0,0.9560355545824933,0.961244233049177,0.9380738354937223,0.9844146306046317
186,0.7122547126003326,0.14709982674347116,0.71518826393724,0.9444312033236633,0.0,0.9550972618344837,0.9340632981245318,0.9322012257405515,0.9550972618344837
187,0.7145794698433977,0.36778843961555935,-0.20097646934872093,0.9706423334459634,0.0,0.9813067629253163,0.9770784770784771,0.9836333744767993,0.9675497735146461
188,0.7968822223615457,-0.37291377031118306,0.13243145932672712,0.983192080250175,0.0,0.983192080250175,0.9547892720306513,0.9943019479194254,0.9943019479194254
189,0.7516107126532574,0.5463132315348774,0.04691510573367034,0.9895285072531598,0.0,0.9610835001189847,0.971729585813948,0.9600034179762919,0.9895285072531598
190,0.6890683428909723,0.4375892701605159,0.680336051416609,0.9704949588309457,0.0,0.9530006525547848,0.9710224713809315,0.9772376543209876,0.9819805060619657
191,0.7712636722185702,0.29249813771039274,0.0,0.9898474527915804,0.0,0.9564684565510646,0.9465071051553949,0.9543814432989691,0.9799979793876925
192,0.7368333350503061,0.4002539477671928,-0.004052337576244661,0.9833783437888832,0.0,0.9548008171603677,0.9607775910547091,0.9727469142278402,0.9943661523522511
193,0.7144056320181241,-0.012297974198582046,0.2295621850401982,0.9602002717940671,0.0,0.9602002717940671,0.9547892720306513,0.9547892720306513,0.9608240300060135
194,0.8017406742578754,0.2444567776391863,0.15077171875659723,0.9659419808297995,0.0,0.954539584140514,0.9944289260117531,0.9486961089283802,0.977269792070257
195,0.7617866118538877,0.5452873709648102,0.08450663231614339,0.9605479380336264,0.0,0.9375353520791121,0.926232909001261,0.9607212301901792,0.9548008171603677
196,0.7333682631681399,0.26961210523955703,0.7289914755527471,0.9791643818062103,0.0,0.9611244179150219,0.9664532369020974,0.9718584937419051,0.9773425499231951
197,0.6863306267569695,0.10796362238785044,0.6351449369310055,0.9795200148335201,0.0,0.8884330885577928,0.949187889202257,0.9294445920807866,0.9862062358989763
198,0.7679966678267953,0.26961210523955703,0.2672777573607276,0.9842509842514764,0.0,0.9434887822193653,0.9946666286387915,0.9773425499231951,0.9946666286387915
199,0.7024002537543677,0.7492686492653552,0.7406560798180413,0.989743318610787,0.0,0.989743318610787,0.9770833333333333,0.9717451880256228,0.989743318610787
200,0.8933479187245411,0.0,0.35457953792140784,0.9675588936937933,0.0,0.9202440651437931,0.9833783437888832,0.9349865533520119,0.9888264649460884
201,0.8389175090900333,-0.6679880268033022,0.7271420990314809,0.9840838646332837,0.7229988054812212,0.9609949404498146,0.9547314578005115,0.9773657289002557,0.9718288695643941
202,0.8320502943378436,-0.06777083839920368,-0.1672358377973662,0.9661863289581797,0.0,0.93212180077275,0.9490058753793497,0.9606549098831619,0.9831285973070741
203,0.6331762313425064,0.6440285143320342,0.6440285143320342,0.9865765724632495,0.0,0.9253565700194073,0.9800644447124249,0.9766859852476291,0.9800644447124249
204,0.7525362869975477,0.18223213133820879,-0.25289026942943654,0.99498743710662,0.0,0.99498743710662,0.9647880236069833,0.985184366143778,0.9821810779117438
205,0.7830193820671705,-0.04563568975047623,0.6867247695335512,0.9711754826918862,0.0,0.9773135093565752,0.9881652636251155,0.9773135093565752,0.9881652636251155
206,0.705077109166539,0.05446608267473696,-0.012226680993809282,0.983192080250175,0.0,0.962045692726503,0.9158509099977986,0.9715728448867845,0.9773946360153257
207,0.7028055865772997,0.7111130839619099,0.0,0.9716969203415892,0.0,0.926232909001261,0.9716969203415892,0.9126599798213356,0.9774004085801838
208,0.7701298701298701,0.7580980435789034,0.08846153846153847,0.9853292781642932,0.0,0.9718632977537828,0.9712858623572642,0.977012987012987,0.9901475429766743
209,0.6214821002085236,0.2762199509630669,0.20306707238662305,0.9657040279831711,0.0,0.9534695246253411,0.9534695246253411,0.9881652636251155,0.9711186862905339
210,0.7284835122378571,0.7071067811865476,0.7091242083423347,0.9780192938436515,0.0,0.9548763239224849,0.9431048650778915,0.9548008171603677,0.9833783437888832
211,0.5851780933318896,-0.11629286436310649,0.0,0.9724464889715235,0.0,0.9201265596762715,0.962045692726503,0.9658423213780821,0.9887002022289874
212,0.7450082409396516,-0.26688165339034065,-0.1544965915531072,0.994936676326182,0.0,0.9667291040006807,0.9824488159799513,0.9542753810384913,0.9824488159799513
213,0.6548136780848004,0.7050835816716038,0.0,0.9715728448867845,0.0,0.9095785440613027,0.9546439982949251,0.9773946360153257,0.9602002717940671
214,0.8002318007673461,0.19590558059107985,-0.15775932296406647,0.9649731304079161,0.0,0.9708391914381,0.9480786698116969,0.9543331603528801,0.9649731304079161
215,0.6842509754850709,-0.1776260417778806,0.36778843961555935,0.9579389640386957,0.0,0.940111364518031,0.9229902277240961,0.9476339374341869,0.9813067629253163
216,0.7302912797442741,0.7071067811865475,0.7071067811865475,0.9658423213780821,0.0,0.9546439982949251,0.9715728448867845,0.9715728448867845,0.9833105900101209
217,0.7792881171256115,0.4982967429530624,0.14812452920712582,0.9591663046625439,0.0,0.9453082378791823,0.9217121924547548,0.9789450103725609,0.9453082378791823
218,0.7048084743687265,0.7509683670915127,0.4072054156337106,0.9799979793876925,0.0,0.9435342095602535,0.9771907216494845,0.9543814432989691,0.9948848769417228
219,0.583142820282268,0.4304220694791763,0.1434740231597254,0.9602400298173801,-0.14561874631072894,0.8746744339518063,0.9547331201807074,0.9318181818181818,0.9715071603441534
220,0.6061936733045074,-0.13190290937732646,0.0,0.9895285072531598,0.7308152359460695,0.9319405280697257,0.9665252834832873,0.9660267522580241,0.9947229183096801
221,0.7587174243490674,0.3399967752350092,0.6969320524371696,0.9828067413836207,0.6969320524371696,0.9598117918495954,0.9828067413836207,0.9941690465022816,0.9828067413836207
222,0.7066566674633897,0.6761234037828133,0.380211844254789,0.9410359246913289,0.6761234037828133,0.9410359246913289,0.9242539811163818,0.9479996529608483,0.9647258942013031
223,0.7850138854690896,0.727371822001554,-0.05930974940757407,0.9662837917426829,0.7190587281616534,0.9262754818533429,0.9217740731075841,0.9441239376199186,0.9830593930230077
224,0.6598960439496976,0.17221135436457835,0.727142099031481,0.9893045053244826,-0.6620127412408445,0.8891084489487742,0.9946091251481444,0.9772256728778468,0.9946091251481444
225,0.8082450575307423,0.5035402553738786,-0.1043682096272385,0.9611244179150219,0.7289914755527471,0.9692233691951198,0.9611244179150219,0.9611244179150219,0.9664532369020974
226,0.7401776136325686,0.30144720877230485,0.22363148143034067,0.9738858291644985,0.7229988054812212,0.8641943734015345,0.9609949404498146,0.8930111726263066,0.9547314578005115
227,0.7353596741490518,0.6886840453253685,-0.04589872184081206,0.9824033179248569,0.0,0.9133372300368523,0.9593812886288554,0.9881652636251155,0.9767410038007758
228,0.7051240465445792,0.43882209194708927,0.6928203230275509,0.9660917830792959,0.6928203230275509,0.9426930083659631,0.9715041043243725,0.9883036912035246,0.9883036912035246
229,0.8004566317879946,0.7276068751089989,0.32201948334315367,0.9682458365518543,0.0,0.9605609731341672,0.9258509845699314,0.9487307617791856,0.9890707100936805
230,0.7704747153314739,0.13980505908390634,-0.24244056893821347,0.9603791409809244,0.0,0.9603791409809244,0.9780192938436515,0.9668442168895642,0.9668442168895642
231,0.6411645740693035,-0.14793326019343578,-0.14793326019343578,0.9833783437888832,0.0,0.9780192938436515,0.9322012257405515,0.9833783437888832,0.9888264649460884
232,0.6729340540013453,0.7150969419341942,0.011952286093343936,0.9661863289581797,0.0,0.9032963522964168,0.9344580643764944,0.9442585714162149,0.9717480957885217
233,0.7760478919221198,0.7132114134190604,0.7111590022187595,0.9727469142278402,0.0,0.9322012257405515,0.96596566501199,0.96596566501199,0.9943661523522511
234,0.7288568901023488,0.7111590022187595,0.30925818196638,0.9624530063715756,0.0,0.9602400298173801,0.9658305006450165,0.9486481683360557,0.9833783437888833
235,0.7479902598708145,0.5363381123797757,0.19970896980736885,0.9535973414617213,0.6867247695335512,0.9479051347243129,0.9207244043565108,0.9223246846355926,0.9546270187131505
236,0.8100006036082218,0.7029836744275274,0.07605854453099,0.954144524358669,0.6949493114282116,0.9941690465022816,0.9320971867007672,0.9598117918495954,0.9773657289002557
237,0.6783608336844567,0.17372793806922754,0.3399967752350092,0.9828067413836207,0.6949493114282116,0.937656121273187,0.9608872169270216,0.9486699072053446,1.0
238,0.7554175444074258,0.05819726767914383,0.7385489458759964,0.9797958971132712,0.7406560798180413,0.9435448567452519,0.9847319278346619,0.9797958971132712,0.9948320067476139
239,0.7211458377505654,-0.03833771603679568,0.27067705592550434,0.9791643818062103,0.7310832774866962,0.9434061157904264,0.9791643818062103,0.9946666286387915,1.0
240,0.5766326925930543,0.4160418968376663,0.22071909887787852,0.9488742666581398,0.0,0.9095323281369793,0.9600112031061162,0.9608605694967065,0.9487634418908161
241,0.6606759083543614,0.2672777573607276,0.3374368236575746,0.9791643818062103,0.0,0.9434887822193653,0.9320276497695853,0.9894176915848295,0.9842509842514764
242,0.7481054695396624,0.05160518251983775,0.741035051786944,0.9746794344808963,0.0,0.9746794344808963,0.9845749108635873,0.9665889005600252,0.9947780321927768
243,0.8530211662040098,0.6730090463512272,-0.09906801321840805,0.9810708435174292,0.0,0.9462287446539036,0.9455851638612709,0.977012987012987,0.9810708435174292
244,0.7816905970607073,0.16513855078373277,0.7231794422874079,0.9839131599805843,0.0,0.8634776987718165,0.9661387932793525,0.9212573803504965,0.977246283128636
245,0.6657473930204552,0.6546536707079772,0.6546536707079772,0.9743547036924464,0.0,0.9563650695950074,0.9743547036924464,0.9933992677987828,0.9743547036924464
246,0.7935108947948577,0.0040295073237228505,0.004006415401075019,0.9831934989550347,0.0,0.9035009033310969,0.9382489614253237,0.9660803082622423,0.9774004085801838
247,0.7452836773872963,-0.2759733385574437,0.06638801848950586,0.9848857801796105,0.0,0.8915266782426492,0.9666908311759169,0.9205275854490417,0.9898474527915804
248,0.719752073306387,0.7172523036226675,0.7131419413913535,0.9730408576407765,0.0,0.9550972618344837,0.9489649146714251,0.9497258134005684,0.9660803082622423
249,0.7634703376829641,0.0,0.7250615737399726,0.9946091251481444,0.0,0.9840838646332836,0.9639984073082949,0.9828497755811983,0.9946091251481444
250,0.6591784338896021,0.22591254098798105,-0.08891969911110503,0.9613544232922542,0.0,0.9795896894087645,0.9772785622593068,0.9718961983138786,0.9718961983138786
251,0.8143709811985425,-0.2812319446250969,0.06814166042725173,0.9883036912035246,0.0,0.9770084209183945,0.9307455823676839,0.982607368881035,0.9713316431979675
252,0.6374184215688792,-0.3315354309839805,0.1351950576197459,0.9953596037316065,0.0,0.8760458763440307,0.9714968582540913,0.888675397366113,0.9763684913217624
253,0.6483149983670055,0.0040295073237228505,0.7131419413913535,0.967906041546987,0.0,0.9497258134005684,0.9319362513748723,0.967906041546987,0.9835605239881408
254,0.8594509303973935,0.0774030904612013,0.6223208473080584,0.9646530752325188,0.0,0.9270226765230011,0.9580230786249787,0.9854006762498305,0.9854006762498305
255,0.7054531490015361,0.7310832774866962,0.7289914755527471,0.9842509842514764,0.0,0.8975598728539012,0.9664532369020974,0.9490503588450188,0.9946666286387915
256,0.8181069924632309,-0.6932325934139484,-0.3426035137444708,0.9717480957885217,0.0,0.9583148474999098,0.9606549098831619,0.9831285973070741,0.9773946360153257
257,0.6894689108402319,0.7385489458759964,0.0,0.9948320067476139,0.0,0.9847319278346619,0.9948320067476139,0.9826465927757918,0.9948320067476139
258,0.7682669167778714,0.29724750071456707,-0.08079621855688683,0.9875771574795099,0.0,0.9815368735540919,0.97077715882055,0.9937303457175894,0.9771376905192457
259,0.7307205845439193,-0.13908393004052264,0.0,0.9370861034442242,0.0,0.9285107423140823,0.9606765498788077,0.9153470397504778,0.9481071800822967
260,0.7165834700065734,0.5166585582474776,0.36664586558618806,0.9486832980505139,0.7150969419341942,0.9032963522964168,0.9447369870224058,0.9553069551764567,0.9837387536759294
261,0.7689253675795479,0.21237568363228904,0.03547708985431367,0.9842509842514764,0.7269175268963398,0.9219246274395266,0.9611244179150219,0.9558697453035626,0.9718584937419051
262,0.8094480806662978,0.17009477716176552,0.7050835816716038,0.9672041516493517,0.0,0.9142166548818512,0.9429844405271768,0.938337470001906,0.9943019479194254
263,0.7548397843362963,0.5503579389331507,0.012021175920858624,0.9717480957885217,0.7171371656006362,0.9499844686218558,0.9433019478226788,0.9666056455090977,0.9717480957885217
264,0.689883810194298,0.3237591338807236,0.3199723470751752,0.9598689049066761,0.0,0.9492622930986467,0.9653072991634227,0.9531802670237813,0.9649731304079161
265,0.8237043699658685,0.14077529015307452,0.2543048588263413,0.9839131599805843,0.0,0.9433787119062753,0.9555055300756056,0.9664738021322532,0.9664738021322532
266,0.73506957451681,0.3484604083235645,-0.25195758869865487,0.983192080250175,0.0,0.9773946360153257,0.9943019479194254,0.9833105900101209,1.0
267,0.7338938373199517,0.7431861014546416,0.22591254098798105,0.9561905834674215,0.0,0.9658601274994764,0.937604760478004,0.9601715326570367,0.9827383048360694
268,0.7235761285722511,0.3422821116528312,0.7010196655077312,0.9775252199076787,0.0,0.9714998525616358,0.9608605694967065,0.9714998525616358,1.0
269,0.6761821968992505,0.33027136393912504,0.690660187250484,0.9657040279831711,0.0,0.9477736638318407,0.9657040279831711,0.9482075751930629,0.9824033179248569
270,0.6630027947771812,0.4238594011078608,0.0,0.9805806756909202,0.0,0.9486894052975764,0.9568049524584143,1.0,0.9853292781642932
271,0.6833049019478739,-0.2110176787260805,-0.4830326168808872,0.9704991812860665,0.6614378277661477,0.9177886686606279,0.9704991812860665,0.9290073878652573,0.9704991812860665
272,0.7391380797140569,0.4258862296587256,0.0,0.9756060828611426,0.6718843437888483,0.9352391982392153,0.9248707850264711,0.931413071557737,0.9583880358966537
273,0.8160137682485024,0.4608604778128583,0.7329003050503234,0.9947229183096801,0.0,1.0,0.9773135093565752,0.9744203145947592,1.0
274,0.7201948761760006,0.7356469741582815,0.17221135436457835,0.9738858291644984,0.0,0.9689042833036098,0.9840838646332836,0.9689042833036098,0.9840838646332836
275,0.7778698797472059,-0.095947061933735,-0.650865293516082,0.964724348872221,0.0,0.9744203145947592,0.9602887497687872,0.9793792286287206,0.9744203145947592
276,0.6456290304233011,-0.13214037174274704,-0.6912603772030544,0.9733285267845753,0.0,0.93212180077275,0.9376747961625328,0.8995644232304494,0.9433019478226788
277,0.8177412131938666,-0.21349799846564652,-0.06299407883487121,0.9772376543209876,0.0,0.9290771488923838,1.0,0.9608945037331571,0.9835625468040312
278,0.7714933707346616,0.33604318993476134,0.6949493114282116,0.9884389178158018,0.0,0.9485645881675316,0.9509234034079381,1.0,0.9828067413836207
279,0.8004924199532705,0.7313574508612274,0.03179815003744467,0.9840838646332836,0.0,0.9300618720582043,0.9431439557653338,0.9689042833036098,0.9840838646332836
280,0.6999013678134366,0.6540226790715169,0.6521405955174383,0.9678372077779887,0.0,0.9617692030835673,0.970017898624034,0.9767777486224088,0.993310961716756
281,0.7185562477603432,0.3374368236575746,0.03547708985431367,0.9791643818062103,0.0,0.9490503588450188,0.9842509842514764,0.9490503588450188,0.9946666286387915
282,0.7686150527864851,-0.05517605878460434,0.7542980294561157,0.9900495037128094,0.0,0.9382139600003575,0.9595959909748903,0.9595959909748903,0.99498743710662
283,0.7935216174523461,-0.23818888214488723,0.2862803130229549,0.989743318610787,0.0,0.948976468936591,0.9719042378421024,0.965684446837421,0.9600438056515144
284,0.8154905802510374,0.6761234037828133,-0.06780635036208105,0.9646125209833226,0.0,0.9466885056363239,0.9353124614946258,0.9525633320736769,0.9585369244211288
285,0.7193629368862094,-0.15825069169744344,-0.67955000683409,0.9830593930230077,0.0,0.9398987718675662,0.9662837917426829,0.9664738021322532,0.9547661640684897
286,0.8161949729364231,0.019810721293758184,0.7252665445845697,0.9502307972603419,0.0,0.9773830820342448,0.9662837917426829,0.9773830820342448,0.9608557484465496
287,0.7947839895310697,0.404326682826131,0.10981712373055409,0.9770084209183945,0.0,0.9257944426030688,0.982607368881035,0.9546850998463902,0.9941002434954169
288,0.8463006139052561,0.004006415401075019,-0.13901741868064307,0.9889499370655614,0.0,0.9730408576407765,0.9096016343207355,0.9774004085801838,0.9889499370655614
289,0.7200287839893609,0.42469004232436663,0.7071067811865476,0.9777750027710649,0.0,0.9490268690948147,0.9724464889715235,0.954539584140514,0.9943019479194254
290,0.7153973118021978,0.07254233709051519,-0.601530592574758,0.9718985036796967,0.0,0.9565913374031347,0.9667291040006807,0.9667291040006807,0.9718985036796967
291,0.8122328620674136,-0.08761772985570512,-0.08761772985570512,0.9845749108635873,0.0,0.9718961983138786,0.9601715326570367,0.9845749108635873,0.9947780321927768
292,0.6555244809808793,0.4332170721675854,0.7111130839619099,0.9944289260117531,0.0,0.9145227661245977,0.9660803082622423,0.922029230737684,0.9716969203415892
293,0.7325577296095662,0.3421426551603894,-0.3877592730103687,0.9678372077779887,0.0,0.9442278671275492,0.9334292726769431,0.9678372077779887,0.9740215340114143
294,0.7809440331188987,0.2240888874693186,0.7010196655077312,0.9721393650372075,0.0,0.9425910042369908,0.9721393650372075,0.9885710532241612,0.9721393650372075
295,0.7544473545746313,0.7250615737399726,0.7229988054812212,0.9840838646332837,0.0,0.9402208546196706,0.9663727481947767,0.9789450103725609,0.9840838646332837
296,0.7820767680052482,0.6968135568055324,0.6908492797077574,0.9883036912035246,0.6908492797077574,0.9654191080869594,0.982607368881035,0.9609039646116807,1.0
297,0.7976315467752927,0.05070239828015932,0.05041183773141628,0.9795896894087645,0.7346922670565733,0.9665889005600252,0.9545571245186136,0.9947780321927768,0.9896370260347827
298,0.7704189145553944,0.6990252954195317,0.08388544686446125,0.9544001244888523,0.6990252954195317,0.9370208116909109,0.9885710532241612,0.9510500205442763,0.9773830820342448
299,0.7247760029719275,0.07985901469148332,0.21906445377936176,0.9772697579354848,0.0,0.9307519817633021,0.9255518887829085,0.9380148777909653,0.971296660595824
300,0.7518262906330021,0.7131419413913535,0.10684896589141843,0.9782582722940951,0.0,0.9548008171603677,0.9548008171603677,0.9774004085801838,0.9889499370655614
301,0.7287509338420292,0.6969320524371696,0.6989318615762461,0.97182531580755,0.0,0.9310192907818534,0.9612039551927889,0.9447224687746395,0.9772697579354847
302,0.7153832701099083,-0.3013845259203858,0.19595947576991166,0.9591498284620601,0.0,0.9880235200593538,0.9650914241964498,0.9650914241964498,0.9650914241964498
303,0.7364930457845622,-0.25653074930268044,0.7308152359460695,0.9947229183096801,0.0,0.9602887497687872,0.9828253592502345,0.9828253592502345,1.0
304,0.8005405772995697,0.38157780044933604,0.0,0.9772256728778468,0.0,0.9738858291644984,0.9431439557653338,0.9602200580900562,0.9662242305449082
305,0.6370161497052038,0.739264247686155,0.34354778761240023,0.9744203145947592,0.0,0.9718809415918785,0.9490389648740771,0.9546270187131505,0.9844146306046317
306,0.8027204906249236,0.08388544686446125,-0.16608787186009605,0.9830015945213216,0.0,0.9657101861715512,0.9773830820342448,0.9833628612142133,0.9833628612142133
307,0.777671056631427,0.20283887853399624,0.4072054156337106,0.9657599638069015,0.0,0.9382062292111298,0.9799979793876925,0.9898474527915804,0.9898474527915804
308,0.7354226138351818,0.3038841166602518,-0.3220801642198849,0.9877295966495896,0.0,0.9608712694448301,0.9516387182119064,0.9835902401490427,0.9835902401490427
309,0.6799252497001183,0.7050361858740394,0.700948985139993,0.9596818768804766,0.0,0.9540108698493934,0.988438917815802,0.9153749136533885,0.971296660595824
310,0.608335388312189,0.7132114134190604,0.7091242083423347,0.9675588936937933,0.0,0.9261624434977731,0.9603791409809244,0.9431048650778915,0.9833783437888832
311,0.7431993981799665,0.673812279871588,0.6699728624083489,0.9815368735540919,0.6699728624083489,0.9583880358966537,0.9529144646879353,0.9756060828611426,1.0
312,0.6814686988844861,0.29505275510193374,-0.22917057400698979,0.9719050226785511,0.0,0.9259453141522076,0.8980416093761077,0.9489251684153793,0.9771907216494845
313,0.7560599250314328,0.03547708985431367,0.2672777573607276,0.9664532369020974,0.7269175268963398,0.9558697453035626,0.9894176915848295,0.9438120756556436,0.9661844792167859
314,0.6565272277265017,-0.17086759328241424,0.7029836744275274,0.9828067413836207,0.0,0.9612039551927888,0.988438917815802,0.9941690465022817,0.9941690465022817
315,0.7751400762788827,0.3484604083235645,0.3484604083235645,0.9546439982949251,0.7050835816716038,0.962045692726503,0.9488437418541436,0.9602002717940671,0.9715728448867845
316,0.6416033516781589,0.23099568381257332,0.4520023650819002,0.9516499527271849,0.6652283334556518,0.9409459878841391,0.9198662110077999,0.9578214742173107,0.9836487848221822
317,0.7726942578220173,0.10724824201463115,0.12908091316752454,0.9789450103725609,0.028236827135231235,0.9504649335446458,0.8917281678994071,0.960492164893927,1.0
318,0.5502544638335166,0.5087421636013236,0.3901270885834347,0.9553121789359229,0.7329003050503234,0.9380738354937223,0.9744203145947592,0.9490389648740771,0.9844146306046317
319,0.81027580881033,0.26653875875300054,-0.6658284082354629,0.9946091251481444,0.0,0.9893045053244826,0.9789450103725609,0.9828497755811983,0.9772256728778468
320,0.7456280733173866,0.18245670793956165,0.273671450113077,0.9380738354937223,0.0,0.9358819425705914,0.9261969881562757,0.9380738354937223,0.9319405280697257
321,0.8020936672614719,0.7173701157986271,0.23640606088818394,0.9574271077563381,0.0,0.9675588936937933,0.9603791409809244,0.9603791409809244,0.9833783437888832
322,0.6233261937341031,0.4160418968376663,0.3422821116528312,0.9775252199076787,0.0,0.9222649652936116,0.9600112031061162,0.9657101861715512,0.9885710532241612
323,0.7762793352813226,0.3942761576606751,-0.012226680993809282,0.9887002022289874,0.0,0.9658423213780821,0.9887002022289874,0.9669511152545888,0.9943019479194254
324,0.7711495483584669,0.474177302167414,0.711205985273164,0.9724464889715235,0.0,0.9657102120595723,0.9657102120595723,0.9714444318753007,0.9943019479194254
325,0.7509667429061349,0.13980505908390634,0.0,0.9727469142278402,0.0,0.9548763239224849,0.9716385168968859,0.9624530063715756,0.9727469142278402
326,0.7071070588894545,-0.7031230493106524,0.0040295073237228505,0.9835605239881408,0.0,0.9145227661245977,0.9889499370655614,0.9605479380336264,0.9835605239881408
327,0.7739406431721882,0.19970896980736885,0.0,0.9940297973880049,0.0,0.9423018356292525,0.9535973414617213,0.9773135093565752,0.9881652636251155
328,0.6462995956345361,-0.33274591468577785,-0.33274591468577785,0.9662837917426829,0.0,0.8680094564829722,0.9891888715790903,0.950230759166786,0.9773830820342448
329,0.7662773866093198,0.023979290835216067,0.7211102550927979,0.9787209698591858,0.0,0.9685785099293228,0.9089851325145443,0.9544925662572722,0.9607064169952475
330,0.7533219409596636,0.16629047694837065,0.32974212955976084,0.9883036912035246,0.0,0.9257944426030688,0.9426930083659631,0.9485630429005182,0.9713316431979675
331,0.7930363344820243,0.274529131888903,0.7010196655077312,0.9830015945213216,0.0,0.9668415633885689,0.9885710532241612,0.9833628612142133,0.9942362632324556
332,0.6978846153846154,0.6800204009180459,0.6780635036208104,0.9759000729485332,0.674199862463242,0.9410359246913289,0.9644856443408242,0.9586534397996891,0.9701425001453319
333,0.6984067210815973,0.24772270576744848,0.012091270835166862,0.9733285267845753,0.0,0.9376747961625328,0.9499844686218558,0.9606549098831619,0.9682458365518541
334,0.6658281691011537,-0.11542860299209329,-0.2937876832743514,0.9818181524761042,0.0,0.9716119609324343,0.9299295942647553,0.9640910286878144,0.9818181524761042
335,0.7781497413648543,-0.6834443080957922,0.7231794422874079,0.9787209698591858,0.0,0.9685785099293228,0.9945503681476412,0.9773830820342448,0.9891888715790903
336,0.8016650010642836,0.24772270576744848,-0.1672358377973662,0.9553069551764567,0.0,0.915882552795643,0.9089366463690433,0.9547892720306513,0.9376747961625328
337,0.755617570827344,0.7050835816716038,0.7050835816716038,0.9887002022289874,0.0,0.9445785208232081,1.0,0.9608240300060135,1.0
338,0.7073550085955492,0.24772270576744848,0.7150969419341942,0.9890707100936805,0.0,0.9262636549701776,0.9661863289581797,0.9666056455090977,0.9837387536759294
339,0.7747314029346698,0.28296385766864945,0.6928203230275509,0.9712114885431414,0.0,0.9715041043243724,0.9606765498788077,0.9712114885431414,0.9772256728778468
340,0.7547151617189404,0.7194769341845014,-0.004052337576244661,0.9888264649460884,0.0,0.9716385168968859,0.9444857864754732,0.9675588936937933,1.0
341,0.7045784550480537,0.14709982674347116,-0.07632857112425855,0.9605479380336264,0.0,0.9035009033310969,0.9550972618344837,0.926232909001261,0.9432106794589232
342,0.7479902598708145,0.583205535471501,0.6886840453253685,0.9447079539622655,0.0,0.9155264218803748,0.9593812886288554,0.9652599137480011,0.9881652636251155
343,0.7514891606597374,0.3725957248277872,0.3725957248277872,0.9608557484465496,0.7190587281616534,0.945029279674173,0.9608557484465496,0.9380977618692422,0.9717920727162084
344,0.7435612599452972,0.2622838487132048,0.2599592783540449,0.9736101204623269,0.7231794422874079,0.9430887149796147,0.9685785099293228,0.977246283128636,0.9891888715790903
345,0.7538900804378119,0.23555389216676315,0.10104496045629117,0.9809506363438459,0.7634508123364222,0.9717979827770681,0.9717979827770681,0.9717979827770681,0.9903379376602871
346,0.754827819743231,0.523183991149804,-0.13214037174274704,0.9733285267845753,0.7171371656006362,0.9661863289581797,0.9146428174058344,0.9773946360153257,0.9944903161976938
347,0.7218398823517301,0.7389025723965595,0.7367883976130072,0.9665889005600252,0.7346922670565733,0.9381339357209211,0.9795896894087645,0.9658601274994764,0.9772785622593068
348,0.6385870249925201,-0.8221519981402325,0.1779916697004627,0.981761387347632,0.0,0.9701425001453319,0.9586534397996891,1.0,0.9938079899999065
349,0.7512102593079738,0.6584269219592207,0.6546536707079772,0.9682458365518543,0.0,0.9036386509708502,0.9700874983144381,0.9140882273561987,0.9767656765676568
350,0.7632538478305876,0.7406560798180413,0.7385489458759964,0.9666440876780195,0.7406560798180413,0.9328738533391778,0.938178094707863,0.9432355176162202,0.9614550112712624
351,0.7803635950722168,0.7174906963914474,0.5350253899815534,0.949170893495126,0.7050835816716038,0.9445785208232081,0.983192080250175,0.9445785208232081,0.9833105900101209
352,0.6714966535393984,0.7329003050503234,0.34354778761240023,0.9744203145947592,0.7308152359460695,0.9508970745943128,0.9665252834832873,0.9665252834832873,0.9895285072531598
353,0.8547403830694916,0.19556236591316903,0.09927847306117309,0.9574271077563381,0.7071067811865476,0.9548763239224849,0.9317333540013183,0.9574271077563381,0.9727469142278402
354,0.7309547827081381,-0.09558353741405848,-0.24924279647696101,0.9872606263311616,0.6633249580710799,0.9639967529566423,0.9703954426178042,0.9872606263311616,0.9835504199437
355,0.7139211296684318,0.06100951318364116,0.6990252954195317,0.9942362632324556,0.0,0.9775252199076787,0.9775252199076787,0.9773830820342448,0.9942362632324556
356,0.7658107895645855,0.6714663446689799,0.6657190234489458,0.9636241116594315,0.0,0.9286048122496142,0.9520080753386343,0.9643210287862387,0.9523532664857335
357,0.8194523868603414,0.35097409881271097,0.07381883979420002,0.9850365626224086,0.0,0.9467082360722661,0.994936676326182,0.9718985036796967,0.994936676326182
358,0.7099048824582523,0.41630725369877,-0.02937651991825998,0.937656121273187,0.6969320524371696,0.937656121273187,0.8969598650297119,0.9383634402886846,0.9598117918495954
359,0.6810445385830758,0.5513224331534509,0.39897359130722865,0.9717410672367336,0.0,0.8791531951698257,0.9664290158306359,0.9409152161295689,0.9825921510132205
360,0.7874386130930374,0.11743962561024575,-0.1115769878340964,0.9664708656063741,0.0,0.937656121273187,0.9655691546192794,0.97182531580755,0.9884389178158018
361,0.7831379259713289,0.7427813527082074,0.7385489458759964,0.989743318610787,0.0,0.9666440876780195,0.9666440876780195,0.9719042378421024,0.9948320067476139
362,0.6967236584441429,0.4218187222999456,0.0,0.9777750027710649,0.0,0.9203527190160907,0.9672041516493517,0.9773946360153257,0.9777750027710649
363,0.6475353834658685,0.5699191400611573,-0.02049593482951085,0.9370208116909109,0.0,0.9428493191189413,0.9383582777791996,0.9256091682790719,0.9608605694967065
364,0.7368864395342881,0.08065672633768058,0.3576408488192953,0.9727469142278401,0.0,0.9314469465177634,0.9658305006450165,0.9379286358780167,0.9715071603441534
365,0.6413608425128234,0.7669649888473704,0.5730324130959639,0.9667364890456637,0.7580980435789034,0.9366179332204119,0.9578262852211513,0.9594245605666786,0.995037190209989
366,0.7521623634811516,0.13980505908390634,0.35457953792140784,0.9780192938436515,0.7091242083423347,0.9494546788628067,0.9261832459861554,0.9774004085801838,0.9943661523522511
367,0.800806656327738,0.2539650221009994,0.5139922559132615,0.9603240193925289,0.6867247695335512,0.9593812886288554,0.9657040279831711,0.9593812886288554,0.9834949365186694
368,0.6807208553470929,0.1925512248935798,-0.5018513654126432,0.9764672918705588,0.6825753371673275,0.9533053097396169,0.9591498284620601,0.9545571245186136,0.9880235200593538
369,0.7722990670322128,0.2444567776391863,0.31566969833156433,0.9486961089283802,0.7172523036226675,0.9889499370655614,0.9429340245940376,0.9486961089283802,0.9604673062493335
370,0.7875061853560004,0.4823073798934159,0.0040769149231013845,0.9628516673576119,0.0,0.9264107691603602,0.9550972618344837,0.9660803082622423,0.9782582722940951
371,0.7044247516659855,0.4017748149763966,0.2731310888858614,0.9682458365518543,0.6527912098338668,0.9805806756909201,0.9701871660957618,0.9743547036924464,0.9933992677987828
372,0.7680614311399795,0.4608604778128583,0.273671450113077,0.9665252834832873,0.0,0.9695359714832659,0.9380738354937223,0.9546270187131505,0.9665252834832873
373,0.7334185538905535,0.5283413904691929,0.32504481196256874,0.9502307972603419,0.7231794422874079,0.945029279674173,0.9502307972603419,0.9441239376199186,0.9830593930230077
374,0.7022140700060955,0.23410708185329998,0.43241377390339314,0.9791643818062103,0.0,0.9434061157904264,0.9771991190568726,0.9543982381137454,0.9946666286387915
375,0.8003905296791061,0.09430763913794638,-0.05457369745037224,0.9650914241964498,0.6825753371673275,0.9764672918705588,0.971133244898364,0.9772785622593068,0.9772785622593068
376,0.6236455383513214,0.404326682826131,0.30255628444773,0.9503819266229829,0.0,0.9482416278003717,0.9426930083659631,0.9715041043243725,0.9482416278003717
377,0.815245323243242,0.28294213747851876,0.4293209951910188,0.9568956205424589,0.7596991885890475,0.9433415740268639,0.9667926215834307,0.9251099001327219,0.9769411151641479
378,0.7120741585555022,0.7292406375912213,0.12908091316752454,0.9840838646332837,0.0,0.9547314578005115,0.9379985008047201,0.9663334523903776,0.9946091251481443
379,0.7182435261864725,0.6946640479648301,0.6886840453253685,0.9881652636251155,0.0,0.9190865850610932,0.9824033179248569,0.9767410038007758,0.9824033179248569
380,0.7665652681811251,-0.7586741956809336,0.6949493114282116,0.9941690465022816,0.0,0.9598117918495954,0.9773657289002557,0.9773657289002557,1.0
381,0.7720707662703922,0.524106867615277,-0.07122586574476203,0.9719050226785511,0.0,0.9329389337144366,0.9666908311759169,0.9430135615219758,0.9771907216494845
382,0.8744566703510214,0.7292406375912213,0.7271420990314809,0.9689042833036097,0.7229988054812212,0.9773657289002557,0.9663727481947767,0.9893045053244826,0.9946091251481443
383,0.6650278824575646,0.29954222638981975,0.35256008357165947,0.9569688990161648,0.7050835816716038,0.9429844405271768,0.9658423213780821,0.9658423213780821,0.9658423213780821
384,0.705981604709219,-0.30693024229036264,0.680336051416609,0.9878783399072132,0.0,0.9649012813540154,0.9479358656684818,0.9379062905624118,0.9771280051981807
385,0.6933196585863949,0.4982967429530624,0.7250615737399726,0.9840838646332837,0.0,0.9320971867007672,0.9490486139806439,0.9379985008047201,0.9946091251481443
386,0.7294458689985813,0.7112540705972631,0.2246259349034061,0.9885710532241612,0.0,0.9775252199076787,0.9942362632324556,0.9714998525616358,1.0
387,0.6632911391010323,0.1918798985694481,-0.0010902266964173187,0.9807674351775563,0.0,0.9485829380559202,0.9363687636703353,0.976130210924365,0.9667926215834307
388,0.8554556727300722,0.0041512720824003115,0.004053003192381646,0.9550972618344837,0.0,0.9716969203415892,0.9660803082622423,0.9605479380336264,0.9774004085801838
389,0.7757630161877836,0.524892251335334,0.6559211523800211,0.9441064542855221,0.0,0.9567745722395892,0.9330531792422754,0.9465293911355012,0.9699201764261286
390,0.7877651438080765,0.229130040891541,0.7596991885890475,0.9807674351775563,0.0,0.9520366329947021,0.953882230328296,0.9251099001327219,0.9769411151641479
391,0.7028132799526734,0.05786375623578447,0.05786375623578447,0.9719042378421024,0.0,0.9614550112712624,0.9847319278346619,0.9719042378421024,0.965684446837421
392,0.7521623634811516,0.42754337836124845,0.09927847306117309,0.9780192938436515,0.0,0.9441117518285412,0.9431048650778915,0.9780192938436515,0.9833783437888832
393,0.8218386091270978,0.6565321642986128,0.6546536707079772,0.9682458365518543,0.0,0.9469750643927407,0.9505863757867168,0.9869275424396534,0.9743547036924464
394,0.725844055907283,-0.786948484347674,0.3237591338807236,0.9708391914381,0.0,0.9419227407564783,0.9606896970113551,0.9708391914381,0.9939576486092934
395,0.749812097862451,0.7091474976409383,0.4218187222999456,0.9437784353327212,0.0,0.9546439982949251,0.9261146388215027,0.9488437418541436,0.9602002717940671
396,0.6050599353539199,0.2506091354346799,-0.17022072666229754,0.9948320067476139,0.0,0.9435448567452519,0.9948320067476139,1.0,0.9948320067476139
397,0.720619319003367,0.2768942147200287,-0.8732895106309192,0.9934852726704041,0.0,0.9391184239527157,0.929320377284585,0.9836600592909516,0.9870962335856491
398,0.7350538834481928,0.7256908563120464,0.24318019154289877,0.9730408576407765,0.0,0.908775240915261,0.9432106794589232,0.9660803082622423,0.9782582722940951
399,0.7044410647768669,0.1664503006574058,0.7350033231608353,0.9771665801764401,0.0,0.9432101515945013,0.9610835001189847,0.9267991316895329,0.9826826933539868
400,0.7254273976774147,0.06216142641389735,-0.3463495556440874,0.9874208829065749,0.6657190234489458,0.9460093677240764,0.9220270967703367,0.9706423334459634,0.9874208829065749
401,0.7208448397670119,0.30476688058832957,0.0,0.9770784770784771,0.0,0.9095471403714497,0.99498743710662,0.9595959909748903,0.9770784770784771
402,0.8120012880841968,-0.04589872184081206,0.0,0.9767410038007758,0.0,0.9773135093565752,0.9711754826918862,0.9546270187131505,0.9767410038007758
403,0.7345678713910719,0.7132114134190604,-0.004052337576244661,0.9780192938436515,0.0,0.9716385168968859,0.9431048650778915,0.9607775910547091,0.9716385168968859
404,0.6502479657616764,-0.18458159641455715,0.7329003050503234,0.9793792286287205,0.0,0.9507262036015736,0.9599836599916586,0.971729585813948,0.9844146306046317
405,0.7255732275444965,0.7612788283838285,-0.5597638443998739,0.995133791073302,0.0,0.9537254901960784,0.9590471562845344,0.9472926597536326,0.9819927289612528
406,0.6606875192960658,0.6608945522512667,0.6590035768383312,0.9686442096757053,0.6571287406727709,0.945577943407535,0.9406539068061011,0.9934852726704041,0.9870962335856491
407,0.7160776689719944,0.0287856395479049,0.6540226790715169,0.9442151468600758,0.648424664440323,0.9558139185602919,0.9568776095012149,0.970017898624034,0.9633859681475907
408,0.7816760339793939,0.019810721293758184,0.019810721293758184,0.9945503681476412,0.0,0.9095323281369793,0.9839131599805843,0.960578577446125,0.9945503681476412
409,0.7550195697296235,0.4903486977183951,0.42148378238239426,0.985184366143778,0.0,0.946695115273247,0.9565146914653615,0.9538239538239538,0.966581663624802
410,0.668498749952617,0.7050835816716038,-0.012226680993809282,0.9658423213780821,0.0,0.9608240300060135,0.9608240300060135,0.93517755683053,0.9833105900101209
411,0.710293010335311,0.062429524503050116,0.7091242083423347,0.9727469142278402,0.0,0.9833783437888832,0.9603791409809244,0.9716385168968859,0.9943661523522511
412,0.7390537110404864,0.234359216640273,0.7091242083423347,0.96596566501199,0.0,0.9675588936937933,0.9780192938436515,0.9607775910547091,0.9716385168968859
413,0.7318804776328596,-0.05426095162342934,-0.7953202767343514,0.9880235200593538,0.0,0.9533053097396169,0.983530779104102,0.983530779104102,0.9650914241964498
414,0.7296065048437059,0.7487947927292878,0.4103229222252595,0.9704367948586522,0.0,0.9799979793876926,0.9485989297194803,0.9948848769417228,0.9948848769417228
415,0.6699452825180708,0.004053003192381646,-0.13901741868064307,0.9835605239881408,0.0,0.9607212301901792,0.9944289260117531,0.9944289260117531,1.0
416,0.5979228175535912,0.380211844254789,0.380211844254789,0.9644856443408242,0.0,0.9410359246913289,0.9701425001453319,0.9526830954066124,0.9759000729485332
417,0.8255109625422471,0.4603471566589315,0.6969320524371696,0.9655691546192794,0.0,0.9320971867007672,0.9773657289002557,0.967140470782028,0.9834109935653587
418,0.6690656413682355,-0.11288343263292856,0.028236827135231235,0.9789450103725609,0.0,0.943440991065071,0.911960534083272,0.9055739196218697,0.9773657289002557
419,0.7364834143954818,0.6037429558907161,0.28969306578062703,0.9701425001453319,0.0,0.974933356442865,0.974933356442865,0.974933356442865,0.9770833333333333
420,0.7814448469919052,-0.13190290937732646,0.0,0.9695359714832659,-0.647135375735924,0.9844146306046317,0.9828253592502345,0.9793792286287206,0.9844146306046317
421,0.729515822180915,0.2295621850401982,-0.012226680993809282,0.9777750027710649,-0.012156613477096616,0.9201265596762715,0.9429844405271768,0.9669511152545888,0.983192080250175
422,0.8585973328871124,0.0,0.0,1.0,0.0,0.9560355545824933,0.9773135093565752,0.9828253592502345,1.0
423,0.6750846438162681,-0.012156613477096616,-0.11629286436310649,0.9715728448867845,0.22757459624394633,0.9658423213780821,0.983192080250175,0.9608240300060135,0.9833105900101209
424,0.6101699805235821,0.4344630823610224,0.6780635036208105,0.9589266029707683,0.0,0.8819528950521729,0.9292265911988208,0.9183783696507886,0.9585369244211288
425,0.7803581670099229,0.7313574508612273,0.16853019519845674,0.9738858291644985,0.0,1.0,0.9946091251481443,0.9773657289002557,0.9946091251481443
426,0.7689253675795479,-0.19652776276524092,0.2672777573607276,0.9894176915848295,0.0,0.9438120756556436,0.9718584937419051,0.9791643818062103,0.9894176915848295
427,0.8826315347570873,0.29954222638981975,0.7091474976409383,0.9672041516493517,0.0,0.9602002717940671,0.9488437418541436,0.9672041516493517,0.9887002022289874
428,0.6223963912491899,-0.17790333429968744,-0.2054966801610707,0.943440991065071,0.0,0.9379060162663454,0.9547314578005115,0.9055739196218697,0.9439751489821296
429,0.6351989597460521,0.29354006917673753,0.6695340634119862,0.9874208829065749,0.0,0.9341861804840591,0.9341861804840591,0.9874208829065749,0.9753048303966929
430,0.5843444847171497,-0.22977078316142108,0.3709594947505214,0.9553069551764567,0.0,0.9146428174058344,0.9146428174058344,0.9490058753793497,0.9717480957885217
431,0.6738432420704541,0.7536891516255932,0.4015611469860924,0.9666440876780195,0.0,0.9719042378421024,0.9719042378421024,0.9432355176162202,0.9772376543209876
432,0.7445298782328283,-0.10901347036221602,-0.108388746190515,0.9746794344808963,0.0,0.951277608666583,0.9638750701958751,0.9808288925473679,0.9934852726704041
433,0.6803012236697398,0.44994382302984204,0.02758386421836852,0.9893045053244826,0.0,0.9490486139806439,0.9893045053244826,0.9379985008047201,0.9773657289002557
434,0.7747597250625172,0.18093671611393647,-0.10308606065546,0.9727469142278401,0.0,0.9888264649460884,0.9715071603441534,0.9833783437888833,0.9888264649460884
435,0.6584762915172439,0.32337735842390314,0.6886840453253685,0.9824033179248569,0.0,0.9133372300368523,0.9773135093565752,0.9609107896889074,1.0
436,0.6322573234331117,0.30745934690622106,0.6800204009180459,0.9701425001453319,0.0,0.9468116275195542,0.9644856443408242,0.9479996529608483,0.9938079899999065
437,0.82391268760004,0.3843351400883981,0.3843351400883981,0.9664532369020974,0.0,0.9558697453035626,0.9379978515785675,0.9664532369020974,0.9773425499231951
438,0.7304731528531163,0.21569544077497674,-0.6359647221501746,0.9772785622593068,0.0,0.9795896894087645,0.9601715326570367,0.9665889005600252,0.9772785622593068
439,0.7473472333575154,0.16513855078373277,0.25769543891832697,0.9787209698591858,0.0,0.914292931024574,0.9607064169952475,0.9544925662572722,0.9553516996522645
440,0.7726352485476765,0.524106867615277,0.3615555172440373,0.9615460046953701,0.0,0.9465071051553949,0.9315721649484536,0.9489251684153793,0.9719050226785511
441,0.7212595624444704,0.6924826089821247,0.5086221249024182,0.9708391914381,0.0,0.9708391914381,0.9483088411874343,0.9483088411874343,0.9939576486092935
442,0.757570464303838,0.4608604778128583,-0.05650457033098688,0.9844146306046317,0.0,0.9744203145947592,0.9844146306046317,0.9744203145947592,0.9947229183096801
443,0.7217881410219378,0.5139922559132615,0.102107245604469,0.9603240193925289,0.0,0.9304536791226667,0.9593812886288554,0.9383266428591456,0.9593812886288554
444,0.616687235881226,0.10665744902505839,0.41890585594268176,0.9542633974761277,0.0,0.9027883498125904,0.9830015945213215,0.9542633974761277,0.9772609819121447
445,0.7856230396472039,0.2608227094352051,0.02758386421836852,0.9773657289002557,0.7229988054812212,0.9320971867007672,0.9490486139806439,0.9773657289002557,0.9547314578005115
446,0.715777481744126,-0.02061544566647056,0.0,0.9616294415187687,0.0,0.9565007145952775,0.9830015945213216,0.9657101861715512,0.9721393650372075
447,0.7566671366647043,0.6857390868530795,0.0,0.9697815168769667,0.6699728624083489,0.9464180585283587,0.9645284817313726,0.9645284817313726,0.9815368735540919
448,0.6967236584441429,-0.012370529248128401,-0.7273217068146405,0.9672041516493517,0.0,0.9203527190160907,0.9672041516493517,0.9833105900101209,0.9777750027710649
449,0.7530228059389208,0.07747516350666292,-0.3306227059236494,0.9769754055468342,0.0,0.9539508110936682,0.9481091734241951,0.9255899811809214,0.9822913974867643
450,0.7018241425493728,0.32974212955976084,0.6908492797077574,0.9596018788953281,0.0,0.9065892557894614,0.9715041043243725,0.9356567709712741,0.9713316431979675
451,0.6483081986186044,0.3484604083235645,0.7071067811865475,0.9777750027710649,0.0,0.9546439982949251,0.9547892720306513,0.9658423213780821,0.9887002022289874
452,0.8171474293790513,-0.004029114820126902,-0.14793326019343578,0.9888264649460884,0.0,0.9888264649460884,0.9668442168895642,0.9888264649460884,0.9832541484980983
453,0.7768877783041012,0.301268353528559,0.07338588098772592,0.9565913374031347,0.0,0.9667291040006807,0.9597562098950692,0.9667291040006807,0.9771376905192457
454,0.7144444934541415,0.7029836744275274,0.6969320524371696,0.9828067413836207,0.0,0.9560222249632359,0.9772697579354848,0.9669143977407045,0.988438917815802
455,0.7481244871906967,0.419948836218456,0.16309163083112482,0.9694116958983827,0.0,0.9412211746659025,0.9581108097952707,0.9706423334459634,0.99365072945774
456,0.6171223561153808,0.7030312038332427,0.29300832144206185,0.9721393650372075,0.0,0.9600112031061162,0.9428493191189413,0.9773830820342448,0.9885710532241612
457,0.7548250666473174,0.2800051853292226,0.0,1.0,0.0,0.9490143644349804,0.9845749108635873,0.9827383048360694,1.0
458,0.7735079885694404,0.7371245492832736,-0.647135375735924,0.9793792286287206,0.7308152359460695,0.9273738345938666,0.9546270187131505,0.9665252834832873,0.9947229183096801
459,0.7564879739300985,-0.4198911307307385,0.008035823190306067,0.954539584140514,0.0,0.8926696140434982,0.9659419808297995,0.9278823836657332,0.944008858979582
460,0.7398245605775051,0.7152816976385906,0.7071067811865476,0.9833783437888832,0.0,0.9624530063715756,0.9494546788628067,0.9888264649460884,0.9943661523522511
461,0.7267826860308313,-0.19824419502908605,-0.4321723451634076,0.9664532369020974,0.0,0.9320276497695853,0.9490503588450188,0.9438120756556436,0.9664532369020974
462,0.7659220792684844,0.0040295073237228505,0.004006415401075019,0.9835605239881408,0.0,0.967906041546987,0.9716969203415892,0.9835605239881408,0.9774004085801838
463,0.8307996185086572,0.26310068027921696,0.44994382302984204,0.9738858291644985,0.0,0.9609949404498146,1.0,0.9547314578005115,1.0
464,0.6394318685076437,0.3830319181117909,0.6819943394704735,0.9759000729485332,0.0,0.9232345111273159,0.9414954453170555,0.9378386872281883,0.9707934891788561
465,0.7888176596018251,0.6989318615762461,0.0,0.9772697579354847,0.0,0.937656121273187,0.9714194768538131,0.9608872169270216,0.9655691546192794
466,0.8233299027992186,0.17058538730926276,0.0,0.9875771574795099,0.0,0.9815368735540919,0.931413071557737,0.9478239719235105,0.9875771574795099
467,0.7139211296684318,-0.12523742771313934,-0.02037847864848056,0.9885710532241612,0.0,0.9775252199076787,0.9600112031061162,0.9942362632324556,0.9942362632324556
468,0.7613631630525176,-0.6679880268033022,0.0,0.9893045053244826,0.0,0.9663727481947767,0.9789450103725609,0.960492164893927,0.9893045053244826
469,0.6929436774882503,0.4269959969312931,-0.24399771253216748,0.9615733941975924,0.0,0.9140616262641909,0.9517087471965696,0.9536842105263158,0.9566109258406977
470,0.7140694428549728,-0.095947061933735,0.0,0.9947229183096801,0.7308152359460695,0.9508970745943128,0.9895285072531598,1.0,0.9947229183096801
471,0.7323230532791197,0.14709982674347116,0.0,0.9782582722940951,0.7111130839619099,0.9774004085801838,0.9782582722940951,0.9774004085801838,1.0
472,0.723114344485497,0.2768942147200287,0.0,0.9278757828522695,0.6571287406727709,0.8919465129453614,0.9331943798698615,0.9147064630555066,0.9472097744433878
473,0.7519602569144556,0.727371822001554,-0.33274591468577785,0.9891888715790903,0.7211102550927979,0.9787209698591858,0.9490337772847757,0.9891888715790903,1.0
474,0.7201948761760006,0.17221135436457835,-0.31798150037444667,0.9789450103725609,0.727142099031481,0.9316770186335404,0.937590340598914,0.9496446438506188,1.0
475,0.7067560337752447,-0.02434933710209406,0.07254233709051519,0.9824488159799513,0.0,0.9616273961905925,0.9667291040006807,0.9653052119784219,0.9597562098950692
476,0.7848333447996756,0.14709982674347116,0.7111130839619099,0.9944289260117531,0.0,0.9835605239881408,0.9550972618344837,0.9607212301901792,0.9774004085801838
477,0.7483530367026975,-0.6679880268033022,0.0,0.9946091251481443,0.0,0.9500300515794542,0.9773657289002557,0.9663334523903776,1.0
478,0.7353596741490518,0.6867247695335512,-0.04616635514020558,0.9657040279831711,0.0,0.9479051347243129,0.9256492011432801,0.9593812886288554,0.9767410038007758
479,0.6603943693398304,0.08207826816681234,0.3830319181117909,0.9644856443408243,0.0,0.9466885056363239,0.9759000729485332,0.9646125209833226,0.9759000729485332
480,0.6228909183472269,0.7071067811865475,0.7071067811865475,0.93806792281046,0.0,0.9668415633885689,0.9616294415187687,0.9657101861715512,0.9657101861715512
481,0.7947839895310697,0.27973944806977025,0.6908492797077574,0.9715041043243725,0.0,0.982607368881035,0.9453131868733218,0.9715041043243725,0.9883036912035246
482,0.7033619292832548,0.7564749402723897,0.7542980294561157,0.985184366143778,0.0,0.9083139083139083,0.942523560396519,0.9368494407669681,1.0
483,0.7581013821707856,0.20678819457727712,-0.1846924353650228,0.982607368881035,0.0,0.9136880536884955,0.9425345249703942,0.9883036912035246,0.9596018788953281
484,0.6310753886786167,0.008227179118145347,0.008035823190306067,0.9715625174700666,0.0,0.9278823836657332,0.9715625174700666,0.977269792070257,0.9830665369846119
485,0.6813271604938271,0.7492686492653552,-0.11481983169296146,0.974933356442865,0.0,0.9435448567452519,0.9544753086419753,0.989743318610787,1.0
486,0.6816760884651227,-0.02920217701404987,0.6989318615762461,0.9612039551927889,0.0,0.9655691546192794,0.9320971867007672,0.9714194768538131,0.9655691546192794
487,0.6308962657695756,0.6946640479648302,0.32337735842390314,0.9767410038007758,0.0,0.9535973414617213,0.9824033179248569,0.9448111128973694,0.9824033179248569
488,0.860954679777275,-0.7543264567555248,-0.028862605270470302,0.9941690465022816,0.6949493114282116,0.9598117918495954,0.9828067413836207,0.9547314578005115,0.9828067413836207
489,0.543982381137453,-0.09991507429465937,-0.650605295385785,0.9717107767321003,0.0,0.948754924825409,0.9771991190568726,0.9601169867501497,0.9601169867501497
490,0.7873882597570718,0.43884096817507506,0.24772270576744848,0.9661863289581797,0.0,0.9395622506987732,0.9607067749192311,0.9262636549701776,0.9547892720306513
491,0.7026453739489136,0.37697935474422833,0.7294955398698875,0.9636241116594315,0.0,0.9662837917426829,0.9490337772847757,0.9685785099293228,0.9891888715790903
492,0.7427240091543296,0.102107245604469,-0.04589872184081206,0.9881652636251155,0.0,0.9223246846355926,0.951397633099767,0.9834949365186694,0.9940297973880049
493,0.777870930524509,0.17954621161490195,0.17954621161490195,0.9709038214803775,0.0,0.9586534397996891,1.0,0.9709038214803775,0.9835902401490427
494,0.6390543992377671,0.3047356431262075,-0.5956107676905458,0.9754262200082647,0.0,0.9137413237525571,0.9660917830792959,0.9423181179273535,0.9899494936611666
495,0.8016650010642836,0.011952286093343936,-0.13020556198601127,0.9890707100936805,0.0,0.9534625892455924,0.9146428174058344,0.9717480957885217,0.9553069551764567
496,0.7232062736500635,0.3038841166602518,0.6819943394704735,0.9644856443408242,0.0,0.9709038214803775,0.9647258942013031,0.9543814432989691,0.9938079899999065
497,0.6929604530703131,0.47142234427897844,0.7071067811865475,0.9658423213780821,0.0,0.983192080250175,0.9658423213780821,0.9546439982949251,0.9833105900101209
498,0.7788939556814904,-0.11629286436310649,0.7030776499208191,0.9887002022289874,0.0,0.9083819893426454,0.9602002717940671,0.9602002717940671,0.9715728448867845
499,0.7537911517060737,0.7483314773547882,0.4851192974767566,0.9850365626224086,0.0,0.9253201158835337,0.9899494936611666,0.9365913483306262,1.0
