,A1,A2,A3,A4,B1,B2,B3,B4,all8
0,-0.249887853,-0.185525623,0.109681293,0.983378344,0.235190616,0.960379141,0.957427108,0.977400409,0.994366152
1,-0.226886173,-0.253618749,0.124972105,0.972746914,0.324124695,0.949454679,0.967558894,0.944485786,1
2,-0.330358521,0.052105711,0.047673129,0.968245837,0.285108148,0.960706775,0.958314847,0.973328527,0.973328527
3,-0.14015696,-0.288800075,-0.037329298,0.971504104,0.234167238,0.942534525,0.945313187,0.971331643,0.994100243
4,0.153837051,0.026443135,0.152684497,0.937600032,0.24972017,0.948760197,0.955535456,0.937590341,0.960220058
5,0.065786473,0.699025295,-0.020495935,0.972139365,0.227445705,0.908149934,0.92736185,0.938358278,0.983001595
6,0.020587952,-0.057664157,-0.057664157,0.995180695,0.196655348,0.971753779,0.972087511,1,0.995180695
7,-0.179333554,0.678063504,-0.448388452,0.981761387,-0.836793584,0.929466118,0.932504808,0.95865344,0.977190722
8,0.06829269,0,0.048640888,0.984414631,0.264763024,0.940822304,0.964724349,0.971880942,0.989528507
9,-0.224374041,0,-0.327898922,0.935011021,-0.758876759,0.94629754,0.912627416,0.937754626,0.94760784
10,0.028163799,-0.008835977,0.0619768,0.979164382,0.286056949,0.909280472,0.941123948,0.9546851,0.97734255
11,0.050080598,-0.003029725,0.050542305,0.950230797,0.298149051,0.97872097,0.935414347,0.960578577,0.960578577
12,-0.288482087,0.018608932,-0.847361775,0.95811081,-0.869448199,0.964321029,0.952008075,0.970642333,0.970642333
13,-0.077216532,-0.076665188,0.138323353,0.983738754,0.169179338,0.914642817,0.968245837,0.932183908,0.971748096
14,-0.008558379,0,0.113578056,0.983738754,0.296413321,0.973328527,0.968245837,1,0.994490316
15,0.007256214,-0.028697202,0,0.959811792,0.262458834,0.914108287,0.936102911,0.932097187,0.965569155
16,-0.135449326,-0.752180431,-0.754326457,0.994169047,0.309693418,0.931019291,0.961203955,0.977365729,0.977365729
17,0.065382114,0.053680639,0.10090904,0.966644088,0.22485312,0.961455011,0.936502927,0.943235518,0.977237654
18,0.08589331,0,0.10966464,0.994666629,0.333162217,0.955869745,0.969223369,0.97734255,0.994666629
19,-0.314395656,0.276219951,0.105762923,0.960324019,0.247406406,0.953469525,0.971175483,0.988165264,0.988165264
20,-0.142537067,0.038348249,0.094606624,0.97849211,0.169817739,0.932183908,0.934765429,0.971748096,0.983128597
21,-0.224689317,0.074911806,-0.156955804,0.965842321,0.288816475,0.972446489,0.949170893,0.971572845,0.977394636
22,-0.108764802,0.696813557,-0.037115374,0.982607369,0.257554536,0.965419108,0.930580132,0.994100243,0.965419108
23,-0.181528669,0,-0.741776623,0.960011203,0.304761419,0.920020508,0.92736185,0.928762737,0.971499853
24,0.029879833,0.076379242,0.113246712,0.989637026,0.259962323,0.956020614,0.960380184,0.959879225,0.989637026
25,-0.19034239,-0.232657679,-0.754326457,0.954144524,0.278624698,0.954144524,0.945905303,0.954731458,0.977365729
26,-0.011748534,-0.056655857,0.016547779,0.96857851,0.217074942,0.94502928,0.939944225,0.989188872,0.98391316
27,-0.266479089,-0.411505795,-0.727321707,0.971572845,0.267463864,0.971572845,0.938464182,0.944578521,0.98331059
28,0.095878886,-0.055379513,-0.055379513,0.984574911,0.268360506,0.931835687,0.969842286,0.960171533,1
29,-0.171846626,0.698836242,-0.033086111,0.977008421,0.300034292,0.93048421,0.960768923,0.977225673,0.994100243
30,-0.036288884,-0.010964912,-0.055670221,0.974933356,0.278471962,0.938178095,0.947204446,0.960043806,0.989743319
31,0.05081716,-0.180654247,0,0.955097262,0.250915925,0.966080308,0.973040858,0.96072123,0.96072123
32,-0.336716396,0.348658559,0,0.986927542,0.269955038,0.968245837,0.928476691,1,0.993399268
33,0.082949328,-0.033391864,0.067666495,0.977383082,0.198904796,0.914740925,0.924912143,0.954766164,0.983059393
34,0.154285021,-0.054510812,0.049589522,0.97872097,0.186583813,0.977246283,0.958744971,0.960312742,1
35,-0.141007569,0,0,0.987420883,-0.888096753,0.960794189,0.941468872,0.977078477,0.983633374
36,0.070581904,0.017666631,0.023702273,0.978258272,0.308226334,0.962851667,0.938716208,0.954800817,0.983560524
37,0.047947111,0,0.048640888,0.979379229,0.297375369,0.945826678,0.95998366,0.989528507,0.971880942
38,0.063025535,0.069997265,-0.077512343,0.96099494,0.275283286,0.926268358,0.959166305,0.943975149,0.982985829
39,-0.096784282,0.077014693,0.030068876,0.960405541,0.264703955,0.944275654,0.93905084,0.954539584,0.948696109
40,-0.122274799,0.678400525,-0.804030252,0.964913477,-0.750132023,0.93583407,0.930308745,0.967422522,0.960894504
41,-0.012989802,-0.01437915,0,0.966792622,0.230610161,0.971834452,0.949623986,0.976941115,0.971834452
42,-0.277245157,0.043587711,0.0603091,0.967906042,0.259879227,0.926410769,0.952976005,0.938248961,0.948964915
43,0.122624084,0.121834811,0.097362055,0.994428926,0.245247845,0.948964915,0.962851667,0.983193499,1
44,-0.126633021,-0.654835761,-0.654835761,0.98802352,-0.757925474,0.959868905,0.954521404,0.96497313,0.96497313
45,-0.252674681,0.696932052,-0.213801653,0.977269758,0.266276851,0.948669907,0.956022225,0.983410994,0.988438918
46,0.15002487,-0.006974451,0.080856604,1,0.273071672,0.971905023,0.961150105,1,1
47,-0.051414271,-0.251259454,-0.336969,0.978019294,0.330067665,0.960379141,0.967558894,1,0.983254148
48,-0.03112864,-0.383273981,-0.020860876,0.942849319,0.158909204,0.956500715,0.912371645,0.909532328,0.942849319
49,-0.332192135,-0.485920967,-0.504046975,0.97752522,0.247939798,0.925650328,0.956500715,0.944310877,0.977260982
50,-0.301993729,0.017666631,-0.031654658,0.978258272,0.174626041,0.954800817,0.967906042,0.994428926,0.988949937
51,-0.184002299,-0.560352347,-0.664664879,0.982607369,-0.658548826,0.930745582,0.940324692,0.9546851,0.988303691
52,0.049619107,0,0.093616839,0.98488578,0.235692342,0.951456152,0.956605634,0.943013562,0.994884877
53,-0.217600979,0.348460408,-0.32421041,0.96082403,0.265247773,0.965842321,0.943778435,0.944578521,0.966951115
54,0.038804472,0.081236358,-0.38870862,0.966470866,0.223698122,0.948427059,0.931314629,0.977269758,0.994169047
55,0.048599211,-0.001316768,-0.239310097,0.962851667,0.184444271,0.973040858,0.967906042,0.988949937,0.988949937
56,0.092121554,-0.491770305,-0.273069858,0.983560524,0.231049033,0.909601634,0.938716208,0.944379159,0.983193499
57,-0.35581161,0,-0.262588828,0.970839191,-0.847170875,0.960907654,0.944089163,0.965091424,0.993957649
58,-0.022620632,0.028174385,-0.536483642,0.971792073,0.329089136,0.95550553,0.953939201,0.938097762,0.960578577
59,0.134491061,0.07242091,0.04997637,0.971651249,0.294018938,0.96857851,0.934663465,0.971651249,0.977246283
60,0.167762705,-0.12469541,0.026983036,0.973885829,0.209893154,0.950464934,0.973885829,0.977365729,0.989304505
61,0.046220918,-0.056533377,0.06335107,0.97188462,0.199551999,0.985184366,0.956703511,0.959595991,0.959595991
62,-0.171081742,-0.397227633,0.380211844,0.958926603,-0.753825947,0.947999653,0.958926603,0.987729597,0.987729597
63,-0.282877438,-0.378772753,-0.451762666,0.959601879,-0.779475038,0.948241628,0.966091783,0.959601879,0.97734255
64,-0.002060017,-0.194943257,-0.376730657,0.977775003,0.301879838,0.937973281,0.962045693,0.909079168,0.960581237
65,-0.049905149,-0.085884903,0.054495686,0.970725343,0.282514025,0.931413072,0.961523948,0.966729104,0.989949494
66,-0.232742133,0.32974213,-0.037329298,0.971504104,-0.645136061,0.965419108,0.955533086,0.994100243,1
67,-0.260377822,0.116145525,0.639602149,0.986393924,-0.888390841,0.936911445,0.904534034,0.983663054,0.973328527
68,0.095925832,0,0,0.971858494,0.254640406,0.949050359,0.969223369,0.927578955,0.949816728
69,0.078360391,0,0.047488141,0.966429016,0.149876193,0.974679434,0.926369955,0.95425601,0.95425601
70,-0.103918586,-0.507139963,0,0.983362861,0.285207319,0.948874267,0.912371645,0.983362861,0.977383082
71,-0.151142155,0.678400525,0.678400525,0.930308745,-0.702194784,0.908978688,0.923380517,0.964913477,0.958907288
72,0.083026396,-0.006185896,-0.055670221,0.979795897,0.27209988,0.931712963,0.951661903,0.920786588,0.960043806
73,-0.243458553,-0.588152515,0,0.988826465,0.22591083,0.960777591,0.967558894,1,0.994366152
74,0.025219997,0.005916426,0.078621363,0.97361012,0.246208988,0.960706417,0.958744971,0.954492566,0.977246283
75,0.005363985,-0.251957589,0.06977643,0.954643998,0.26647011,0.967204152,0.942207568,0.954789272,0.96082403
76,-0.35234198,0.283754587,-0.099068013,0.964103307,-0.865348601,0.969032709,0.927997494,0.947429297,0.970499181
77,-0.294012019,-0.350088172,0.121013619,0.978019294,0.252304372,0.943104865,0.957427108,0.971638517,0.971638517
78,0.012656953,0,0.016838353,0.980767435,0.232602117,0.933023806,0.962603503,0.966792622,0.985471383
79,0.01215901,-0.41045783,0.14013815,0.978258272,0.264703955,0.931809376,0.934103324,0.960467306,0.960467306
80,-0.036232985,0.072854219,0.180121689,0.97872097,0.256342747,0.98391316,0.98391316,0.977383082,0.994550368
81,-0.158427207,-0.090916758,-0.0903897,0.947633937,-0.801046689,0.954156954,0.928604812,0.922027097,0.951740068
82,0.031774742,0,0.062276667,0.965759964,0.260677526,0.927730069,0.926502606,0.98488578,0.956468457
83,-0.247067436,0.192551225,-0.054260952,0.982194422,-0.749209507,0.918483678,0.938999697,0.971133245,0.98802352
84,0.039180453,0.048329453,0.07827059,0.994722918,0.216440014,0.9610835,0.974420315,0.965749636,1
85,0.125538844,0,-0.002117855,0.966283792,0.243728989,0.989188872,0.953939201,0.977383082,0.971792073
86,-0.248794444,0.678400525,0.678400525,0.97618706,-0.773042367,0.918983751,0.97618706,0.944844227,0.993883735
87,0.070158136,0.059921319,0.052471505,0.962453006,0.265137388,0.943104865,0.967558894,0.954800817,0.994366152
88,-0.063747563,0.044203768,-0.035934822,0.984414631,0.265373118,0.977313509,0.95998366,0.977313509,1
89,-0.267427486,-0.481378332,0.123809021,0.97150716,0.331166445,0.97150716,0.94930723,0.97150716,0.977272727
90,0.145962604,-0.124015866,0,0.966283792,0.238872493,0.950230797,0.958744971,0.977383082,0.977383082
91,-0.303541747,0.021804621,0.040365054,0.983378344,0.256030301,0.977400409,0.967558894,0.954800817,1
92,-0.196026548,0,-0.689127588,0.971022471,-0.891991477,0.954475309,0.935847339,0.954475309,0.971022471
93,-0.096516468,-0.047686632,0,0.974420315,0.297375369,0.966525283,0.969535971,0.977313509,0.994722918
94,-0.033428436,-0.28260132,-0.244173291,0.972746914,0.269827422,0.948648168,0.957427108,0.954545455,0.988826465
95,-0.176581102,-0.02937652,-0.202621558,0.971825316,-0.674982184,0.936816842,0.956022225,0.971419477,1
96,0.073294024,-0.077512343,0.026983036,0.989304505,0.233345852,0.903623142,0.954406145,0.943975149,1
97,-0.279378459,0.675756908,0,0.952914465,-0.862161466,0.964060042,0.942146724,0.958388036,0.981536874
98,0.006307051,-0.291176471,-0.316841175,0.92664041,0.312278459,0.955306955,0.900531495,0.943301948,0.954789272
99,0.071695944,0,-0.081144083,0.989743319,0.177240334,0.948658369,0.956182887,0.977083333,0.994832007
100,-0.22026777,-0.054891914,-0.054573697,0.98802352,-0.846205572,0.948308841,0.959868905,1,0.993957649
101,-0.202716404,-0.326445815,0.152597666,0.978258272,0.266255045,0.937535352,0.957875656,0.97169692,0.994428926
102,-0.143004216,-0.160356042,0,0.971504104,0.244419921,0.942693008,0.945313187,0.960903965,0.988303691
103,0.010818343,-0.096510665,-0.035934822,0.964724349,0.191654161,0.950897075,0.964724349,0.966525283,0.984414631
104,0.185069244,-0.006028789,0.039602675,0.943184448,0.301313047,0.971710777,0.930444063,0.920898392,0.927053032
105,0.041831612,-0.037590447,0.008169001,0.966644088,0.31122778,0.971904238,0.974933356,0.949099163,0.949099163
106,-0.213863348,0.222646813,-0.743905111,0.983001595,0.303775367,0.926027031,0.961629442,0.954766164,0.994236263
107,-0.209776231,-0.054573697,-0.793044678,0.95330531,0.171467496,0.95330531,0.92543651,0.971133245,0.965091424
108,0.103239283,-0.48274623,-0.604464296,0.978258272,0.259879227,0.943210679,0.948150779,0.97169692,0.977400409
109,0.012492195,0.012409559,-0.281369526,0.983560524,0.267135474,0.983560524,0.934103324,0.977269792,0.994428926
110,-0.021912512,0,0,1,0.262743388,0.951618934,0.961523948,0.982448816,0.989949494
111,-0.080775194,-0.134290868,-0.175332399,0.982806741,0.191666948,0.959811792,0.940965816,1,0.994169047
112,-0.283840826,0.117439626,-0.028697202,0.948564588,0.33331071,0.959811792,0.937656121,0.965569155,0.959811792
113,-0.071638394,0,0.68672477,0.971175483,-0.732572596,0.936359259,0.94982836,0.967297541,0.994029797
114,0.000378836,-0.124741105,-0.033934723,0.977246283,0.230529953,0.943088715,0.953939201,0.92125738,0.954492566
115,-0.020887313,-0.044712428,0.132863191,0.97894501,0.268037146,0.950464934,0.968904283,0.954731458,1
116,-0.053658201,-0.067221182,0.082885504,0.994609125,0.250988142,0.915504837,0.954406145,0.966333452,1
117,0.138361259,-0.077512343,0.132412962,0.97182887,0.292548361,0.949048614,0.963998407,0.960492165,0.982985829
118,-0.167443803,-0.371079854,-0.261593006,0.965710186,0.223392639,0.954400124,0.927572409,0.971499853,0.977383082
119,-0.198987335,-0.06780635,0.181338774,0.953462589,-0.799841349,0.953462589,0.932504808,0.964612521,0.987729597
120,0.016463898,-0.359758912,-0.493780184,0.960379141,0.287242879,0.965965665,0.962453006,0.977400409,0.954800817
121,-0.161812698,0,0.692820323,0.971504104,0.257554536,0.942534525,0.955533086,0.971331643,0.971331643
122,-0.015071391,-0.035961582,-0.021332825,0.973328527,0.280868797,0.966186329,0.9258201,0.994490316,1
123,0.064656191,-0.293089619,-0.543433909,0.98319208,0.294532716,0.960200272,0.937436867,0.948843742,0.988700202
124,0.046935708,-0.055106576,-0.035644212,0.971710777,0.261110722,0.943184448,0.945402211,0.91481388,0.943406116
125,-0.195554405,0.303884117,-0.327781141,0.975900073,-0.7778335,0.941722192,0.958926603,0.970903821,0.987729597
126,-0.225707243,-0.135831443,-0.283018294,0.978019294,0.274190126,0.954876324,0.952479131,0.971638517,0.994366152
127,0.010419829,0.071614664,0.071614664,0.97894501,0.29495688,0.97894501,0.954406145,0.977365729,0.994609125
128,0.006925273,-0.398469391,0.052105711,0.954789272,0.272179413,0.914642817,0.934458064,0.921911497,0.966605646
129,0.055383235,0,0.008382595,0.973885829,0.268092452,0.966224231,0.959166305,0.982849776,0.994609125
130,0.104324471,-0.008849313,-0.006185896,0.984731928,0.255701332,0.954475309,0.9701425,0.954475309,0.977237654
131,-0.326795461,-0.281231945,-0.404400725,0.942693008,0.268177377,0.948241628,0.931845501,0.97734255,0.9546851
132,-0.261719053,0.036737837,0.234359217,0.978019294,0.268961812,0.954876324,0.933427624,0.994366152,0.983378344
133,-0.24344368,0,0,0.970642333,-0.807305374,0.97530483,0.946864153,0.951740068,0.983633374
134,0.084012687,0,-0.055988337,0.989743319,0.240534142,0.890947935,0.951661903,0.948658369,0.959744264
135,-0.198614855,-0.754326457,-0.326499036,0.965569155,0.286076126,0.931019291,0.927066076,0.954731458,0.977365729
136,-0.232121179,0.054211411,0.0603091,0.962851667,0.236082733,0.926410769,0.938716208,0.960547938,0.983560524
137,-0.206464621,-0.371372492,-0.731971261,0.994366152,0.292173046,0.983378344,0.957427108,0.960777591,0.977400409
138,0.147808553,0,0,0.961244233,0.281552685,0.943634566,0.964724349,0.954627019,0.982825359
139,-0.102814515,-0.32697658,-0.298372524,0.988571053,0.240393885,0.988571053,0.956500715,0.983244112,0.994236263
140,-0.212598236,0.035524707,-0.322080164,0.929759938,-0.577951701,0.935545492,0.924253981,0.941722192,0.947999653
141,-0.16204345,0,0,0.970494959,-0.842439131,0.912760853,0.959403224,0.971022471,0.971022471
142,-0.004887067,-0.00121661,-0.001003595,0.949725813,0.258715145,0.973040858,0.938716208,0.948964915,0.966080308
143,0.027932267,-0.056533377,0.06335107,1,0.186395311,0.966417231,0.966417231,1,1
144,0.037619654,-0.123951728,-0.078380355,0.979164382,0.25573674,0.908795688,0.950217144,0.937465433,0.960967628
145,0.000943648,0,-0.099119031,0.966091783,0.191642415,0.941857338,0.957020298,0.966729104,0.980196059
146,-0.27316398,-0.115398588,-0.462944476,0.936359259,0.257714529,0.971175483,0.931351118,0.96091079,0.938326643
147,0.026816496,0,0,0.990337938,0.2616378,0.930588235,0.962950013,0.94729266,0.959047156
148,-0.260444045,-0.161727583,-0.258737928,0.962045693,0.261211442,0.954643998,0.937436867,0.960200272,0.971572845
149,-0.28960681,0.331652683,0.645123997,0.973328527,-0.932369289,0.952991453,0.937042571,0.969557708,0.976495726
150,0.115254303,-0.051711083,-0.051711083,0.974420315,0.219871398,0.931940528,0.95998366,0.966525283,0.966525283
151,-0.101791558,-0.397300811,-0.743905111,0.972139365,0.247097973,0.908149934,0.941593298,0.944657407,0.942849319
152,-0.154593128,-0.118763702,0.70307765,0.965842321,0.251247443,0.951971638,0.951971638,0.971572845,0.966951115
153,-0.204972898,0,-0.037329298,0.959601879,0.267404453,0.959601879,0.926541564,0.971331643,0.983455012
154,-0.249922424,-0.095507004,-0.066817226,0.97361012,0.321323966,0.97361012,0.939944225,0.954492566,0.994550368
155,-0.213863348,-0.463945889,0.701019666,0.960011203,0.261259646,0.938067923,0.932782499,0.942849319,0.960011203
156,-0.09065856,-0.012156613,0.128149312,0.965842321,0.307029708,0.965842321,0.942207568,0.977394636,0.977394636
157,0.041389179,-0.039066348,0.119102341,0.985471383,0.223870388,0.884705576,0.971558147,0.9251099,0.959241696
158,-0.017761308,-0.052829931,0.01372754,0.96857851,0.288491791,0.97361012,0.953939201,0.98391316,0.994550368
159,-0.35683895,0.663324958,0.669084762,0.974996043,-0.81225031,0.963996753,0.919866211,0.976911977,1
160,0.147819416,0,0,0.989637026,0.276154301,0.961354423,0.942258174,0.965860127,0.977278562
161,-0.21493146,0.69084928,-0.037115374,0.971504104,0.244419921,0.960768923,0.940324692,0.971331643,0.977008421
162,-0.376134501,-0.261593006,0.220719099,0.954400124,0.241973297,0.960011203,0.951453182,0.965710186,0.960011203
163,-0.092482039,0,0,0.964321029,-0.832909849,0.924625541,0.912024167,0.983633374,0.983633374
164,0.010022256,0,-0.080869237,0.994987437,0.296415056,0.93784818,0.961890662,0.947804481,0.994987437
165,0.060546855,-0.079179465,-0.079179465,0.974933356,0.247765614,0.948976469,0.965421584,0.926798546,0.971904238
166,0.053483456,-0.065692102,-0.088259616,0.972139365,0.34066642,0.971499853,0.913756782,0.983001595,0.994236263
167,-0.224133364,0.469652238,0.440277115,0.968245837,-0.853218451,0.950890652,0.95636507,0.980580676,1
168,0.041831612,-0.008849313,0,0.954475309,0.240719563,0.948976469,0.941367583,0.920786588,0.926798546
169,0.066682245,-0.196459246,-0.432734796,0.978258272,0.270664221,0.971562517,0.967906042,0.988949937,1
170,-0.199493711,-0.190079077,-0.715142086,0.949454679,0.256030301,0.943104865,0.952479131,0.950758695,0.954876324
171,-0.182408208,0.661437828,-0.859010166,0.987260626,-0.930547744,0.957427108,0.940774931,0.977012987,0.987260626
172,-0.04162777,0,0.130183392,0.961124418,0.303106577,0.9093702,0.950686993,0.927578955,0.982907841
173,-0.014303657,0,0.10735665,0.984250984,0.227935128,0.979164382,0.969223369,0.984250984,0.994666629
174,0.163508259,-0.033934723,0.09078413,0.97872097,0.250733711,0.977246283,0.96857851,0.989188872,0.994550368
175,-0.239581433,0.323377358,-0.777736486,0.959381289,0.200771173,0.965259914,0.939669476,0.948442733,0.965259914
176,-0.201875956,0.073490907,-0.591608971,0.983560524,0.268788446,0.949725813,0.943398113,0.988949937,0.988949937
177,-0.040276939,0.0655166,0.049490876,0.994666629,0.22482342,0.950686993,0.974155835,0.943812076,1
178,0.076232316,0.097919974,0,0.989304505,0.311662502,0.943440991,0.954406145,0.982985829,0.982985829
179,-0.165041488,-0.02495671,-0.49819639,0.96544285,0.3080674,0.948424275,0.932172486,0.954492566,0.977246283
180,-0.146863383,-0.070703317,0.234359217,0.972746914,0.197845999,0.949454679,0.952479131,0.977400409,0.994366152
181,0.049911037,-0.35514191,0.029379754,0.98907071,0.332720157,0.937674796,0.953462589,0.994490316,0.994490316
182,0.093621205,0.069181682,0.063826287,0.979379229,0.26030586,0.945826678,0.950708238,0.977313509,0.954627019
183,-0.309428399,-0.118763702,0.348460408,0.943778435,0.213680908,0.960200272,0.962045693,0.909578544,0.965842321
184,-0.308801382,-0.291620928,0,0.965139037,-0.829814506,0.951081344,0.965139037,0.960688179,0.977199119
185,0.021351563,0.014822529,-0.076926887,0.951909196,0.242935447,0.985329278,0.947072116,0.948689405,0.982231188
186,-0.153073138,-0.037329298,0,0.988303691,0.237887132,0.953877002,0.950381927,0.967223025,0.994100243
187,-0.216860067,0.33604319,0.694949311,0.971419477,0.339003007,0.948669907,0.961203955,0.977365729,0.983410994
188,-0.229299151,-0.652299511,-0.582893392,1,0.32104432,0.903170768,0.945905303,0.951177756,0.960887217
189,-0.238227735,0.047885421,0.051425948,0.972746914,0.287482787,0.978019294,0.947607083,0.994366152,0.988826465
190,-0.277185161,-0.243161726,0,0.982194422,-0.858715196,0.971133245,0.944089163,0.954557125,0.993957649
191,-0.147959089,0.141283451,-0.119207912,0.950890652,-0.679669005,0.891284478,0.909640443,0.970187166,0.976862745
192,0.167969354,0,0,0.985036563,0.28953202,0.925822158,0.966091783,0.982448816,1
193,-0.103355336,0,0,0.965076447,0.283936394,0.966588901,0.955751818,0.943442446,0.989637026
194,0.121452383,-0.00338947,0.048491724,0.955535456,0.23546906,0.963998407,0.945094643,0.971684661,0.966224231
195,-0.275657971,-0.200074358,-0.200074358,0.965704028,-0.712636143,0.994029797,0.960324019,0.988165264,1
196,0.00834954,-0.00655817,0.063826287,0.971880942,0.179441389,0.956035555,0.926185452,0.966026752,0.949590608
197,0.114074676,0,0.020110753,0.980196059,0.231895577,0.946708236,0.952579344,0.971898504,0.989949494
198,-0.272725419,-0.384292245,-0.441688592,0.965307299,-0.776954793,0.906981345,0.933991662,0.971133245,0.965091424
199,-0.158883857,-0.082995989,-0.346960352,0.948427059,0.241012764,0.948424275,0.945905303,0.915374914,0.938014878
200,-0.31602609,-0.126491106,-0.397227633,0.946811628,-0.8057809,0.946811628,0.958926603,0.929466118,0.970903821
201,-0.159735152,0.285682983,-0.106241138,0.950381927,0.195814542,0.924979151,0.921132373,0.965419108,0.982607369
202,-0.015319238,-0.400156179,0.088213772,0.989304505,0.283308041,0.96099494,0.954406145,0.960492165,0.977365729
203,0.02586141,0.045342074,0,1,0.304734882,0.989949494,0.985036563,1,1
204,0.126930999,-0.185404962,-0.464734291,0.95473312,0.335029697,0.925789176,0.928365735,0.937928636,0.954545455
205,-0.232497279,0,0.674199862,0.9701425,-0.875683926,0.95865344,0.9701425,0.964725894,0.964725894
206,0.028430066,-0.021332825,0,0.966186329,0.286865013,0.949005875,0.934458064,0.966605646,0.96065491
207,-0.103168396,0,-0.242440569,0.960379141,0.274190126,0.954876324,0.924320795,0.944485786,0.944485786
208,0.040935709,-0.033391864,0.07992358,0.97872097,0.249561905,0.914740925,0.953939201,0.954766164,0.949033777
209,0.066076337,0.008899985,0.072952297,0.984250984,0.292241415,0.979164382,0.954863711,0.994666629,0.989417692
210,-0.180474278,-0.029030902,0.694949311,0.948669907,0.262164141,0.948669907,0.943069314,0.967140471,0.960887217
211,-0.022502165,0.08501927,0.158247546,0.984083865,0.26143543,0.984083865,0.940539943,1,1
212,0.035565413,0.050956938,0.035198887,0.985610761,0.253875692,0.930588235,0.971825316,0.924710734,0.959047156
213,-0.167950893,0.684257329,0.185312855,0.970494959,-0.791263797,0.894618349,0.90913729,0.971022471,0.958907288
214,-0.19919822,0.323759134,-0.05052195,0.965307299,0.257518502,0.976467292,0.954521404,0.96497313,0.98802352
215,-0.02314351,0.047651826,0.025805359,0.961124418,0.219280847,0.905341183,0.930632761,0.918098211,0.949816728
216,-0.386305945,-0.324074417,-0.470644402,0.982607369,-0.764187793,0.960768923,0.950381927,0.988303691,0.988303691
217,0.05021277,-0.087879383,0.040824829,0.949984469,0.257916915,0.983738754,0.968245837,0.960706775,0.966605646
218,-0.052178531,-0.020860876,-0.741776623,0.97752522,0.27609419,0.920020508,0.918225057,0.967049848,0.977383082
219,0.07635858,-0.136571173,-0.136571173,0.988949937,0.229317721,0.994428926,0.973040858,1,0.994428926
220,-0.059686679,-0.493780184,-0.493780184,0.965965665,0.202994299,0.960379141,0.933652613,0.944485786,0.971638517
221,-0.285338294,0.215658127,0.696932052,0.966470866,-0.740031248,0.977269758,0.982806741,0.982806741,0.994169047
222,-0.085748145,-0.291242248,-0.526651272,0.977313509,-0.681581573,0.971236265,0.960324019,0.977313509,0.977313509
223,0.054614707,0.019382588,-0.005394546,0.989417692,0.196702191,0.943488782,0.936674165,0.97734255,0.994666629
224,0.090598237,-0.007470596,0.035111738,0.989417692,0.22307805,0.931597357,0.950217144,0.925799073,0.989417692
225,-0.234417872,0.703031204,-0.020378479,0.97752522,0.318213975,0.948763442,0.951453182,0.977383082,0.965710186
226,-0.016920236,-0.003754039,-0.003029725,0.989188872,0.296628988,0.960855748,0.953939201,0.954766164,1
227,-0.297110679,0,-0.291242248,0.982403318,0.232788041,0.965259914,0.939669476,0.971236265,0.994029797
228,0.081805122,0.075417677,0.032335329,0.960706775,0.248816452,0.92664041,0.944736987,0.954789272,0.971748096
229,0.004818287,0.041912974,0,0.955535456,0.289986933,0.971684661,0.945094643,0.960220058,0.977225673
230,-0.210379028,-0.419090741,-0.559766448,0.988700202,0.258321806,0.972446489,0.956968899,0.994301948,0.994301948
231,-0.278022733,0.227574596,0.227574596,0.98319208,0.24167907,0.93833747,0.947051855,0.977394636,1
232,0.004861111,-0.019246693,-0.080812204,0.961761267,0.183421053,0.919622418,0.947072116,0.936617933,0.971863298
233,-0.259840965,0.663324958,-0.859010166,0.974996043,-0.874584472,0.969032709,0.951778521,0.987260626,0.987260626
234,0.088881505,-0.033934723,-0.002556032,0.971651249,0.250090811,0.989188872,0.96857851,0.933830059,0.982926475
235,-0.237769067,-0.493780184,-0.442145509,0.988826465,0.303782576,0.978019294,0.957427108,0.983254148,0.994366152
236,0.10469782,-0.038633398,-0.12469541,0.954406145,0.267904645,0.949048614,0.940539943,0.96099494,0.989304505
237,-0.20332092,0.194232927,-0.304016755,0.959149828,0.216503913,0.970839191,0.944089163,0.942159328,0.977278562
238,-0.319054992,0.696813557,0.694808334,0.965419108,0.291934832,0.960903965,0.916161296,0.935656771,0.951293615
239,0.120677193,-0.07963452,0,0.989743319,0.293570418,0.898037314,0.965421584,0.989743319,0.994832007
240,0.072088586,0,0.028174385,0.97872097,0.304544038,0.960855748,0.96857851,0.966283792,1
241,-0.228149083,0.694808334,-0.187436901,0.948241628,0.257554536,0.931845501,0.940324692,0.938352917,0.971331643
242,0.11537521,-0.002948839,0.071614664,0.984083865,0.267227683,0.926268358,0.954406145,0.982985829,0.97182887
243,-0.17509387,0.286407957,-0.368119552,0.959811792,0.232631682,0.948564588,0.927066076,0.960887217,0.965569155
244,0.012192221,-0.504002623,-0.587150371,0.98907071,0.316883572,0.977260982,0.958314847,0.982998708,0.982998708
245,-0.171536797,0.678400525,0,0.97618706,-0.709000248,0.977237654,0.953998092,0.977237654,1
246,0.066184816,-0.0298163,0,0.969842286,0.192192878,0.943540775,0.965076447,0.93760476,0.954557125
247,-0.271748338,-0.652299511,-0.440729102,0.994169047,0.354381557,0.944722469,0.950923403,0.983410994,0.983410994
248,0.115610854,-0.030566454,0.081313346,0.984574911,0.280232828,0.965076447,0.951189731,0.971896198,0.989637026
249,-0.179679495,0.701019666,-0.161625094,0.948512307,0.295586029,0.971374285,0.917201125,0.954521964,0.954521964
250,-0.018569534,-0.012156613,-0.347221277,0.977775003,0.211089279,0.942984441,0.956968899,0.93833747,0.98331059
251,0.008104304,0.021759041,0,0.961354423,0.261796861,0.949014364,0.921849576,0.943540775,0.971896198
252,-0.232742133,0.69084928,-0.263341195,0.966091783,-0.779349107,0.942534525,0.955533086,0.988303691,1
253,-0.158828982,-0.5853282,-0.763924071,0.977383082,0.294508641,0.960011203,0.946484724,0.951050021,0.983362861
254,0.13104415,-0.021188058,0.090759422,1,0.28779023,0.983738754,0.948683298,1,1
255,-0.010445621,-0.092349369,0.124346748,0.994550368,0.296628988,0.943378712,0.944540556,0.92800681,0.954766164
256,0.083139531,0.094911917,0,0.949984469,0.310811129,0.949984469,0.968245837,0.977394636,0.977394636
257,-0.282929337,0,-0.293785896,0.965259914,0.223717039,0.948442733,0.953597341,0.96091079,0.967297541
258,0.148188743,-0.006684217,0.068984885,0.994666629,0.213091479,0.9546851,0.959579116,1,0.989417692
259,-0.242050989,-0.746127256,-0.12991989,0.971825316,0.319556512,1,0.950923403,0.983294806,1
260,-0.198434303,-0.504956278,0.227574596,0.98319208,0.227903193,0.920352719,0.937436867,0.994301948,0.994301948
261,-0.188058545,0.04642899,0.084136028,0.960547938,0.193151928,0.943210679,0.939211115,0.977400409,0.977400409
262,-0.198998459,-0.261122659,-0.251957589,0.98319208,0.243265594,0.967204152,0.951971638,0.971572845,0.971572845
263,-0.27328012,-0.375957511,-0.14793326,0.983378344,0.306633258,0.937379938,0.967558894,0.926183246,0.954800817
264,0.156970098,-0.048837844,0.077963877,0.9553517,0.262407355,0.971651249,0.963624112,0.937699009,0.977246283
265,0.044652757,-0.360517736,-0.628065453,0.948843742,0.285558164,0.928060899,0.943778435,0.942984441,0.954789272
266,-0.155760796,-0.331970774,-0.739666301,0.966841563,0.261259646,0.91403042,0.946484724,0.948763442,0.960011203
267,0.131051132,-0.082208713,0,0.985036563,0.24734258,0.956591337,0.943879807,0.994936676,0.982448816
268,-0.314667474,0,0,0.955533086,0.213392645,0.948241628,0.945313187,0.936596389,0.965419108
269,-0.267770971,-0.475743932,-0.622303234,0.988700202,0.255081403,0.942720222,0.932737905,0.960581237,0.966714986
270,0.041593076,0,-0.005394546,0.989417692,0.309336067,0.93202765,0.932286908,0.960395589,0.989417692
271,-0.12131803,0.130186977,0.052999894,0.988949937,0.332645576,0.973040858,0.967906042,1,0.988949937
272,0.176308749,0.066630083,0.061964572,0.960706775,0.240046103,0.944736987,0.934458064,0.971748096,0.977394636
273,-0.140732992,-0.287501244,-0.719240355,0.983254148,0.163102042,0.914380735,0.957427108,0.912850034,0.944485786
274,-0.165777584,0.195905581,0,0.970839191,-0.796573411,0.965307299,0.954521404,0.982194422,0.98802352
275,-0.2894157,0.078429349,0.303884117,0.981761387,-0.730623019,0.954381443,0.975900073,0.977190722,0.99380799
276,-0.085516537,0.19970897,-0.779955425,0.977313509,-0.815036637,0.965259914,0.959381289,0.944811113,0.977313509
277,-0.343467544,0.106528438,-0.004052338,0.988826465,0.31538428,0.965965665,0.962453006,0.994366152,0.988826465
278,0.06861007,0.01980302,0.065920184,0.97542622,0.196742185,0.954275381,0.961523948,0.954275381,0.95975621
279,0.236958309,0,0,0.977199119,0.276573414,0.945402211,0.954863711,0.965913839,0.965913839
280,0.208349365,-0.001827906,0.057553449,0.949984469,0.18649635,0.944736987,0.948683298,0.977394636,0.949005875
281,-0.024505499,-0.464705882,-0.001827906,0.983738754,0.30382068,0.932121801,0.939336437,0.977394636,0.983128597
282,-0.131278695,-0.059901991,0.028174385,0.960855748,0.229672777,0.97361012,0.934837129,0.971792073,0.983059393
283,0.018483422,-0.055087271,0,0.984414631,0.25095309,0.915215531,0.984414631,0.96028875,0.971880942
284,-0.376064547,0.057517568,0,0.981070844,-0.836538357,0.963996753,0.951778521,0.930735931,0.987260626
285,-0.172663857,0.082985237,0.130034641,0.968245837,0.284436789,0.98907071,0.934765429,0.971748096,0.994490316
286,-0.244895158,0.454735442,0,0.988303691,-0.731349035,0.919294234,0.945313187,0.948563043,1
287,-0.102585928,0.104822773,-0.156955804,0.960200272,0.247285859,0.914882672,0.937436867,0.954789272,0.977394636
288,0.014551795,-0.015116499,0.00940744,0.980390253,0.203543446,0.977078477,0.980390253,0.982342541,1
289,-0.155535012,0.319972347,-0.05052195,0.97716658,-0.753033994,0.918872351,0.9147176,0.967151897,0.971018159
290,0.039378746,-0.592890682,0.088144922,0.977394636,0.24586657,0.932121801,0.966186329,0.966605646,0.966605646
291,-0.077708734,0,0,0.970494959,-0.777771556,0.941473637,0.938314863,0.954475309,0.98787834
292,0.009597765,-0.080407127,-0.040017852,0.961699163,0.223093192,0.985184366,0.957427108,0.959595991,0.97188462
293,-0.04501097,-0.07959079,-0.061918509,0.979997979,0.243549481,0.948925168,0.965759964,0.954381443,0.954381443
294,-0.190339488,0.66033818,0.351442585,0.95636507,-0.760177854,0.933619533,0.923186182,0.986927542,0.993399268
295,-0.176180155,-0.242269554,0.310450085,0.97618706,-0.865080355,0.964901281,0.938314863,0.97618706,0.98787834
296,0.03611895,0.085216863,0.024641021,0.979379229,0.26030586,0.940822304,0.946170225,0.994722918,0.989528507
297,-0.137217597,0.26619093,-0.306719179,0.936105235,-0.709940901,0.970839191,0.930838998,0.922305239,0.960907654
298,0.094217483,-0.05624713,0.064489796,0.985036563,0.202339901,0.875189694,0.966091783,0.93218023,0.93218023
299,-0.244891168,-0.157159406,-0.292618258,0.972446489,0.292963433,0.977775003,0.967204152,0.98319208,0.988700202
300,0.016384323,0.02051256,0.05942234,0.958744971,0.247492524,0.938097762,0.958744971,0.966283792,0.971792073
301,-0.183320467,-0.099068013,0,0.970499181,-0.865348601,0.945585164,0.927997494,0.944741228,0.964103307
302,-0.368660498,0.669972862,0.297247501,0.975606083,-0.877573999,0.947823972,0.947484708,0.993730346,1
303,0.002722714,-0.083982505,0,0.981980506,0.241173998,0.976247987,0.981980506,0.976247987,0.981140181
304,0.020766895,-0.474644453,-0.609286088,0.971444432,0.250347867,0.988700202,0.967204152,0.931809376,0.912460083
305,-0.1710649,-0.359758912,0.166673681,0.988826465,0.324124695,0.960777591,0.942809042,1,1
306,-0.082552066,-0.166087872,-0.020495935,0.97752522,0.186880021,0.966841563,0.97752522,0.988571053,0.983001595
307,-0.251838816,0,0.678400525,0.98787834,-0.706510782,0.900581403,0.938314863,0.967422522,0.977237654
308,0.016615189,-0.015116499,0.052010174,0.980390253,0.278400334,0.990049504,0.957427108,0.977078477,0.994987437
309,-0.108415417,-0.300427046,0.143656263,0.931446947,0.236160629,0.891160191,0.903736925,0.899165402,0.915327946
310,0.085933116,0,0,0.956591337,0.224137931,0.989949494,0.941857338,0.971898504,0.971898504
311,0.016733686,-0.36548547,-0.48274623,0.966080308,0.321626975,0.949725813,0.962851667,0.950594949,0.983193499
312,-0.102165894,0.010783277,0.643267521,0.986393924,-0.848573232,0.908952811,0.948683298,0.929761905,0.960308479
313,0.009658476,-0.12469541,-0.002948839,0.97894501,0.226002259,0.955693096,0.959166305,0.984083865,0.994609125
314,0.013054204,-0.066817226,0.04997637,0.97872097,0.321323966,0.94875213,0.935414347,0.982926475,0.994550368
315,-0.112305058,0.229562185,0.091624681,0.967204152,0.227246345,0.971572845,0.947051855,0.98331059,1
316,-0.186637849,0.648424664,-0.387759273,0.926955792,-0.887550002,0.974021534,0.926049796,0.940017554,0.946724836
317,0.008119894,-0.095478435,-0.0042185,0.984083865,0.315381146,0.909189267,0.963998407,0.960492165,1
318,-0.005996739,-0.570224802,-0.588152515,0.994366152,0.250516149,0.937379938,0.957427108,0.954800817,0.983254148
319,0.050577591,-0.081682014,0.0641511,0.985471383,0.21426882,0.96162059,0.945412772,0.976765677,0.990243669
320,0.056355399,0.234359217,0.707106781,0.988826465,0.287242879,0.943104865,0.952479131,0.966844217,0.983254148
321,-0.183324724,0.032160653,0.019670304,0.972746914,0.237606588,0.938301034,0.942809042,0.971638517,0.971638517
322,-0.233434279,0.665719023,0,0.95811081,-0.748474913,0.957938964,0.90666728,0.960794189,0.977078477
323,0.203075814,0.046292486,-0.035095289,0.979164382,0.192168066,0.921924627,0.950217144,0.971858494,0.979164382
324,-0.083523377,0,-0.055695968,0.961189596,0.18806513,0.950919936,0.974679434,0.948704102,0.95425601
325,-0.143786509,-0.538423978,-0.054260952,0.970839191,-0.733076036,0.936105235,0.944089163,0.954557125,0.98802352
326,0.093369103,-0.001827906,0.094606624,0.983738754,0.213808844,0.963241949,0.939336437,0.966186329,0.98907071
327,0.03110213,-0.077089929,0.104064327,0.97361012,0.202494822,0.949033777,0.97361012,0.971792073,0.994550368
328,0.045572451,-0.14252699,-0.040017852,0.971008312,0.271561143,0.914102891,0.948683298,0.959595991,0.990049504
329,-0.209956264,0.181338774,0,0.954166667,-0.747957592,0.975900073,0.952563332,0.954166667,0.944534471
330,0.061715293,0.711159002,0.079838063,0.988826465,0.304446288,0.988826465,0.967558894,0.971638517,0.994366152
331,-0.040331522,0.068929398,0.110845112,0.98319208,0.307029708,0.971572845,0.967204152,0.98331059,0.994301948
332,0.114691857,0.091687615,0.135443179,0.966283792,0.247492524,0.950230797,0.935414347,0.977383082,0.966283792
333,-0.249077269,-0.045898722,0.327181929,0.925998506,0.272717058,0.965704028,0.895450335,0.936359259,0.930453679
334,0.06958995,-0.030644734,0.149671085,0.984250984,0.268710256,0.898390669,0.954863711,0.943406116,0.949422286
335,0.009791802,0.018961312,0,0.958744971,0.239154393,0.914740925,0.949204983,0.966283792,1
336,0.088151214,-0.11759203,-0.025080312,0.960547938,0.273094354,0.960547938,0.934103324,0.922029231,0.96072123
337,-0.188609417,-0.234681328,-0.16855588,0.954400124,0.354344618,0.925609168,0.907440708,0.971499853,0.977383082
338,-0.004887067,-0.558834181,-0.717537026,0.988949937,0.239682778,0.955097262,0.962851667,0.96072123,0.988949937
339,0.030990895,-0.292618258,-0.326102492,0.977775003,0.239982692,0.972446489,0.937436867,0.988700202,0.971444432
340,-0.190304331,0,-0.727321707,0.988700202,0.167588117,0.925895298,0.951971638,0.98331059,0.994301948
341,0.040336115,-0.014444129,0,0.956468457,0.23145179,0.977190722,0.979997979,0.910352138,0.977190722
342,-0.184657168,-0.177626042,0,0.969411696,-0.748474913,0.92871132,0.941468872,0.964321029,0.987420883
343,-0.199964315,0,-0.027528797,0.960855748,0.273095447,0.960855748,0.94502928,0.971792073,0.971792073
344,-0.134505054,0.077014693,-0.000861531,0.983560524,0.284784075,0.971562517,0.957875656,1,0.994428926
345,-0.035276124,-0.817467333,0.179546212,0.9701425,-0.730623019,0.948090926,0.922531208,0.970903821,0.981761387
346,-0.372719289,0,-0.037115374,0.965419108,0.195814542,0.982607369,0.971504104,0.97734255,0.97734255
347,0.082048155,0.078754595,0.100298037,0.966186329,0.271025485,0.983738754,0.929422293,0.977394636,0.977394636
348,0.029485315,0.067666495,0.146420273,0.989188872,0.309338136,0.932149246,0.949204983,0.92800681,0.977383082
349,0.00539268,0,0.128578123,0.98488578,0.240317994,0.896548135,0.961150105,0.971741903,0.989847453
350,-0.194654533,-0.194171156,-0.490449557,0.988165264,0.242398694,0.942301836,0.939669476,0.944811113,0.977313509
351,0.132890954,0.173484125,0.19583682,0.97169692,0.282271682,0.97169692,0.949725813,0.983193499,0.96072123
352,-0.137398472,0.054343989,0.699025295,0.965710186,0.309154993,0.97752522,0.951453182,0.971499853,0.977383082
353,0.125696994,0.101205113,0.097919974,0.97894501,0.323228357,0.945308238,0.927261066,0.984083865,0.984083865
354,-0.106829786,0.043548257,0.100052031,0.968904283,0.266104109,0.908902692,0.959166305,0.937590341,0.954451346
355,-0.302123956,0.682575337,0,0.970839191,0.267941755,0.954557125,0.959868905,0.948308841,1
356,0.032497282,0,-0.100533653,0.980950636,0.2616378,0.966796464,0.976355995,0.980950636,0.990337938
357,-0.107683983,0.086415857,0.680336051,0.970494959,-0.746878893,0.94719044,0.923380517,0.977237654,0.981980506
358,-0.128466776,-0.442145509,-0.366951233,0.960777591,0.304446288,0.931733354,0.949454679,0.919517212,0.966844217
359,-0.180214525,-0.628774241,-0.530754519,0.988949937,0.316468935,0.949574813,0.967906042,0.994428926,0.994428926
360,-0.106505731,0.152597666,0.152291986,0.97169692,0.276960066,0.943210679,0.962851667,0.944379159,0.97169692
361,0.103945238,0.013785001,0.052704628,0.955306955,0.279969973,0.932121801,0.909922564,0.943301948,0.971748096
362,-0.12190482,0.678400525,-0.311662529,0.993883735,-0.685247372,0.953000653,0.964901281,0.983562547,1
363,-0.198307156,0.043852901,0.075417677,0.973328527,0.208078556,0.955306955,0.953462589,0.983738754,0.983738754
364,0.022750943,0.104257207,0.141727545,0.984083865,0.290820906,0.960841948,0.984083865,0.960220058,0.994609125
365,0.042135049,0.110021557,0.148314394,0.97182887,0.242946728,0.984083865,0.954406145,0.97182887,0.954731458
366,0.000943648,0.036603921,0.036603921,0.985036563,0.253502748,0.943508714,0.957020298,0.942776332,0.989949494
367,-0.213928343,0.480353633,-0.054891914,0.965091424,-0.670672295,0.906981345,0.920114445,0.922305239,0.965091424
368,-0.156173535,0.213790922,-0.028697202,0.977269758,0.266738616,0.966470866,0.950923403,0.994169047,0.982806741
369,-0.189489252,-0.746127256,-0.746127256,0.994169047,0.350031603,0.954492566,0.994169047,1,1
370,0.069589672,-0.009293403,0.04375,0.990147543,0.26491887,0.948689405,0.953462589,1,0.99503719
371,-0.253919394,-0.020986925,-0.26863264,0.920020508,0.298808104,0.961629442,0.927572409,0.942849319,0.948763442
372,-0.037541592,-0.180654247,-0.558834181,0.978258272,0.250915925,0.897471422,0.957875656,0.944379159,0.977400409
373,-0.24881138,-0.313614199,-0.433258315,0.977269758,0.247149854,0.931019291,0.950923403,0.971419477,0.994169047
374,-0.15354235,-0.120359157,0.690466644,0.982194422,0.251225887,0.976467292,0.949262293,0.95433316,0.993957649
375,-0.25596932,0.235852725,0.227574596,0.967204152,0.163824554,0.920352719,0.962045693,0.932183908,0.98319208
376,-0.002863909,-0.171340395,0.106958295,0.973328527,0.298177686,0.983738754,0.958314847,0.98907071,0.977394636
377,0.115057201,-0.377941176,0.100298037,0.955306955,0.284436789,0.932183908,0.968245837,0.949005875,0.971748096
378,-0.127366662,-0.350088172,0,0.965965665,0.193343429,0.948910881,0.913578914,0.944485786,0.966844217
379,-0.158632684,-0.140539761,-0.15249488,0.962045693,0.305345045,0.938311456,0.937436867,0.98319208,0.972446489
380,-0.176336456,-0.076328571,-0.098719153,0.955097262,0.268788446,0.983560524,0.923975802,0.960547938,0.966080308
381,-0.021504993,0.026983036,0.071614664,0.984083865,0.259132503,0.96099494,0.973885829,0.937998501,1
382,-0.175780701,-0.233333617,-0.360517736,0.960200272,0.260759586,0.937208463,0.956968899,0.944578521,0.966951115
383,-0.199152159,-0.109737396,-0.126557106,0.962453006,0.206945594,0.948910881,0.957427108,0.977400409,0.994366152
384,-0.100164769,-0.473117523,-0.56542775,0.972139365,0.420207209,0.931001575,0.936776932,0.994236263,0.983001595
385,-0.248838103,-0.360517736,-0.504956278,0.960200272,0.318601179,0.926114639,0.956968899,0.93833747,0.944578521
386,0.017822835,-0.044712428,-0.007660918,0.968904283,0.217427101,0.950464934,0.945094643,0.949048614,0.954731458
387,0.104869029,-0.058440919,-0.095995937,0.979164382,0.171852282,0.920524328,0.964365076,0.960395589,0.97734255
388,-0.042617753,-0.055087271,-0.055087271,0.964724349,0.265373118,0.95998366,0.937285801,0.989528507,0.984414631
389,-0.114416826,0.151165346,-0.104351771,0.970245851,-0.798175574,0.963770651,0.899487191,0.983563631,0.983563631
390,-0.046469751,0.140927591,0.102994012,0.960706775,0.271025485,0.908936646,0.943975163,0.954789272,0.971748096
391,-0.258271624,-0.525135641,-0.448388452,0.964725894,-0.7778335,0.95865344,0.935352991,0.951638718,0.98359024
392,0.077570812,0.041131428,0.089545237,0.99503719,0.23,0.964887481,0.966736489,0.947952563,1
393,0.050300977,0.124346748,0.104064327,0.989188872,0.281470162,0.97872097,0.958744971,0.994550368,1
394,-0.286379349,0.682288239,0.313469283,0.970494959,-0.771816951,0.935714255,0.938314863,0.993883735,0.97618706
395,0.039280873,-0.02631095,0.138510992,0.977394636,0.326772562,0.954789272,0.944736987,0.966605646,0.983128597
396,-0.224941918,0,0,0.988165264,0.239663481,0.971175483,0.94982836,0.977313509,0.988165264
397,-0.011375129,0.040090612,-0.022155338,0.985184366,0.240602457,0.961699163,0.953025121,0.97188462,0.980390253
398,-0.180947876,0.674199862,-0.071838112,0.964485644,-0.780956323,0.925095484,0.948090926,0.960871269,0.987729597
399,0.144485987,0.074253992,0.080514619,0.971610539,0.296413321,0.977260982,0.963241949,0.960395132,0.982998708
400,0.03226085,-0.05479347,-0.035095289,0.966453237,0.262179631,0.955869745,0.930632761,0.949050359,0.9546851
401,-0.236210574,0,0,0.981536874,-0.775090881,0.935239198,0.931735943,0.993730346,0.981536874
402,0.018257419,0,0.047673129,0.966186329,0.272179413,0.932121801,0.973328527,0.921911497,0.944258571
403,0.066546771,-0.101025263,0,0.98113038,0.206696477,0.948326862,0.976577546,0.971753779,0.990430402
404,-0.324582322,0,0.158844807,0.969032709,-0.752068918,0.969032709,0.946228745,0.970395443,0.987260626
405,-0.137387018,0.094034954,0.121013619,0.978019294,0.26243325,0.931733354,0.957427108,0.948910881,0.983378344
406,0.032743093,0.045652716,0.092447174,0.961699163,0.203715744,0.951769952,0.966417231,0.936849441,0.97188462
407,-0.254681782,-0.251957589,-0.012156613,0.994301948,0.297935945,0.971572845,0.972446489,1,1
408,-0.345333714,0.684257329,-0.06335716,0.981980506,-0.822153743,0.941948614,0.953998092,0.98787834,0.98787834
409,-0.024420125,0.074736884,-0.24725066,0.965710212,0.314401179,0.949026869,0.922800273,0.931809376,0.954539584
410,0.09258859,-0.491965318,-0.448486452,0.98907071,0.279969973,0.954789272,0.973328527,0.966605646,0.983128597
411,-0.156351825,0.36778844,-0.326990689,0.952353266,-0.735497965,0.934914857,0.9258201,0.937955004,0.954156954
412,0.040805181,-0.011161173,0.067987489,0.977278562,0.245152729,0.984574911,0.931358441,0.982738305,0.977278562
413,0.105956957,-0.055379513,0.097260376,0.974679434,0.220807722,0.922290462,0.965076447,0.961354423,0.966588901
414,-0.367399874,0.213891959,-0.159039575,0.953746316,0.24616167,0.977225673,0.950381927,0.953746316,0.977225673
415,-0.113497754,0,0,0.962566135,0.640628304,0.942688662,0.930048687,0.969454274,0.983653028
416,-0.005401108,-0.14108317,-0.000612716,0.988949937,0.21724325,0.966080308,0.957875656,0.994428926,0.994428926
417,-0.028007542,0.025805359,0,0.974155835,0.214355768,0.897559873,0.932286908,0.915371084,0.966453237
418,-0.19746363,-0.073862898,-0.019559485,0.955097262,0.232781113,0.949725813,0.957875656,0.96072123,0.983193499
419,0.108381793,0,-0.057142857,0.99503719,0.228502765,0.966598088,0.957826285,0.982065522,1
420,0.167889268,-0.234681328,0.701019666,0.97752522,0.266461161,0.926027031,0.946484724,0.960860569,0.954766164
421,0.07197458,-0.276515963,0.052704628,0.994490316,0.351563871,0.98907071,0.968245837,1,1
422,-0.079093903,-0.001827906,-0.076665188,0.937674796,0.243292345,0.949984469,0.939562251,0.926263655,0.938181222
423,-0.296085265,-0.012519577,-0.251957589,0.977775003,0.292432801,0.931512994,0.942207568,0.960200272,0.971572845
424,0.066327353,-0.422539955,-0.720115776,0.978258272,0.249107728,0.954950643,0.948150779,0.960467306,0.988949937
425,-0.309428399,0.21213421,-0.012156613,0.966951115,0.279655998,0.972446489,0.928060899,0.935177557,0.950910357
426,-0.269999056,0.115113207,-0.281231945,0.988303691,-0.784429998,0.93202765,0.960768923,0.960903965,0.967223025
427,-0.164677394,-0.071838112,0.674199862,0.987729597,-0.867014742,0.958926603,0.953462589,0.99380799,0.987729597
428,-0.011129887,0.10858538,0.130808366,0.98113038,0.185460121,0.938030464,0.958980113,0.971753779,0.990430402
429,0.13487481,0.078967257,0.078967257,0.983378344,0.230321166,0.937101716,0.967558894,0.97150716,0.994366152
430,-0.33782223,0.165841475,-0.203836158,0.944111752,0.179494219,0.962453006,0.938083152,0.960379141,0.965965665
431,-0.03275349,0.050596407,-0.033391864,0.98391316,0.247726259,0.915616946,0.97361012,0.944123938,0.960578577
432,-0.135901226,-0.459372062,-0.752180431,0.971419477,0.356928002,0.959811792,0.911736703,0.971419477,0.983410994
433,0.128056182,-0.003770926,0.049490876,0.979164382,0.283874719,0.950686993,0.959579116,0.949050359,0.994666629
434,-0.13477793,-0.313032115,-0.617920428,0.982806741,0.2702431,0.959681877,0.950923403,0.971296661,0.988438918
435,-0.291872195,0.70307765,-0.012156613,0.965842321,0.251892548,0.937208463,0.967204152,0.922205926,0.96082403
436,-0.036232985,-0.024705135,0.079017443,0.97361012,0.296628988,0.960855748,0.944540556,0.966283792,0.989188872
437,0.028196227,0.043852901,-0.046807986,0.973328527,0.325679742,0.960706775,0.943975163,0.98907071,0.98907071
438,0.072018979,-0.055379513,0.023489697,0.966588901,0.299490655,0.960171533,0.946066374,0.965860127,0.965860127
439,-0.109126986,0,0,0.981536874,-0.707214215,0.964417453,0.936897955,0.983511436,0.977032494
440,-0.079080102,0.052999069,-0.459372062,0.948669907,0.33331071,0.965569155,0.943069314,0.93836344,0.960887217
441,-0.24979733,0,-0.392455498,0.97752522,0.322240245,0.965710186,0.936776932,0.994236263,0.994236263
442,-0.09065856,-0.64960146,-0.628065453,0.994301948,0.274591694,0.965842321,0.967204152,0.96082403,0.950910357
443,0.008183679,-0.027528797,-0.056655857,0.96857851,0.226028364,0.916173432,0.944540556,0.971792073,0.98391316
444,0.003059684,-0.028525148,-0.009876895,0.974155835,0.18829944,0.926884971,0.945637758,0.954398238,0.971710777
445,-0.153390649,0,-0.481117064,0.960200272,0.274591694,0.937208463,0.943778435,0.96082403,0.954789272
446,0.025478338,-0.048488114,0,0.977775003,0.227246345,0.98319208,0.942207568,0.971572845,1
447,-0.004026048,-0.580131729,0.091287093,0.98907071,0.235862554,0.943301948,0.963241949,0.950419011,0.96065491
448,-0.050774804,0.421818722,-0.731489774,0.977775003,0.292432801,0.932183908,0.972446489,0.960200272,0.988700202
449,0.174480109,-0.077532975,-0.033934723,0.960706417,0.228126748,0.963624112,0.949204983,0.977246283,0.943736418
450,0.148340066,-0.09753197,-0.055670221,0.984731928,0.250434707,0.989743319,0.960768923,0.982646593,0.994832007
451,-0.049598778,0.112854134,0.166173513,0.971638517,0.274190126,0.943104865,0.949454679,0.932201226,0.971638517
452,-0.317904368,-0.756490956,-0.028697202,0.977269758,0.275558869,0.977365729,0.966470866,0.977269758,0.994169047
453,-0.085589736,0.707106781,-0.012226681,0.98319208,0.249099593,0.898882838,0.937436867,0.954789272,0.948843742
454,-0.216020306,0.709171331,0.703031204,0.954263397,0.334911325,0.896175403,0.956500715,0.960623071,0.960623071
455,-0.151774649,0.035524707,0.674199862,0.964485644,-0.815190688,0.941035925,0.932504808,0.95865344,0.987729597
456,0.131295358,-0.050603555,0.053920277,0.951281601,0.23690631,0.938178095,0.965421584,0.937441019,0.954475309
457,0.105638639,0.025805359,0.0619768,0.971858494,0.247852208,0.984250984,0.935548909,0.971858494,0.97734255
458,-0.013864839,-0.113271202,-0.079179465,0.984731928,0.210141704,0.943235518,0.9701425,0.960043806,1
459,-0.224209716,0.286750612,0,0.974996043,-0.859337285,0.957712014,0.951778521,0.970395443,0.993569065
460,0.090436693,0.012628742,0,0.995271841,0.21232138,0.932818271,0.963952042,0.981593461,1
461,0.028196227,0.040824829,0.081561258,0.97849211,0.207360131,0.97849211,0.953462589,0.983738754,0.994490316
462,-0.188360998,0.245311004,0.245311004,0.929192121,-0.559194077,0.958438653,0.877184836,0.924870785,0.952352342
463,-0.408994798,0.310450085,0,0.958907288,-0.701285244,0.925299945,0.959403224,0.960894504,0.977237654
464,-0.034007081,-0.499516946,0.114744463,0.988700202,0.196586677,0.890842984,0.947051855,0.960581237,0.954539584
465,-0.12644432,0.082233868,0,0.960768923,0.315692287,0.971504104,0.930580132,0.965419108,0.97734255
466,-0.205505354,-0.353151198,-0.578691171,0.948241628,0.267404453,0.926541564,0.926541564,0.948563043,0.953877002
467,0.013236902,-0.045216106,-0.00655817,0.956035555,0.219871398,0.956035555,0.955312179,0.96028875,0.977313509
468,-0.060453493,-0.116249688,-0.212344047,0.960768923,0.27814509,0.884482744,0.921132373,0.982607369,0.988303691
469,0.028527217,-0.038148343,-0.009494146,0.974933356,0.261385115,0.954166667,0.965421584,0.93125,0.942799346
470,-0.140846848,-0.283018294,-0.442145509,0.954876324,0.278118223,0.954876324,0.978019294,0.954800817,0.983254148
471,-0.252522121,-0.431107688,-0.436301944,0.98802352,-0.822812297,0.942159328,0.949262293,0.977278562,0.977278562
472,-0.27744992,-0.285186273,-0.300764853,0.955306955,0.266786041,0.960706775,0.924452859,0.966605646,0.977394636
473,0.03804205,-0.24378357,-0.180654247,0.962851667,0.254626612,0.937535352,0.948150779,0.960547938,0.97169692
474,0.089626585,0,-0.006028789,0.984250984,0.212472089,0.955708151,0.959579116,0.954398238,1
475,0.034933873,0,0.056415267,0.974679434,0.283936394,0.943442446,0.965076447,0.949014364,0.965860127
476,0.021459331,0.051223009,0.115675862,0.960855748,0.217074942,0.914740925,0.920044779,0.938097762,0.960578577
477,0.192636678,-0.058440919,-0.035095289,0.966453237,0.289138542,0.950686993,0.954863711,0.9546851,0.9546851
478,-0.205397662,0.47478785,0,0.964901281,-0.860837361,0.94719044,0.938314863,0.977237654,0.98787834
479,-0.284624243,0.1976266,-0.050230754,0.976467292,0.256264001,0.976467292,0.949262293,0.98802352,0.98802352
480,0.049988223,-0.24378357,-0.164907149,0.944431203,0.263404181,0.955097262,0.948150779,0.943210679,0.966080308
481,0.074525041,0,0.039182555,1,0.188214149,0.947830701,0.977217967,0.963383548,0.940290525
482,-0.310544461,0.413952197,-0.257501198,0.974996043,-0.882041905,0.974996043,0.951778521,0.964103307,0.981070844
483,-0.184138412,0.690660187,-0.551161275,0.982403318,-0.715525652,0.936359259,0.955032938,0.977313509,0.977313509
484,0.052051583,-0.194943257,-0.17532387,0.949026869,0.296617801,0.948586916,0.95450409,0.948586916,0.977269792
485,-0.195554405,0.681994339,0,0.958926603,-0.728135458,0.923480755,0.932504808,0.964725894,1
486,-0.195966766,-0.278652218,-0.475060294,0.977269758,0.33331071,0.977269758,0.940965816,0.994169047,0.988438918
487,-0.157505926,-0.055751138,-0.038323353,0.983738754,0.191095078,0.971748096,0.963241949,0.98907071,1
488,0.183571879,0.039213903,0.090627687,0.982342541,0.292831455,0.948781802,0.966417231,0.948260375,0.948260375
489,-0.243787538,-0.197018911,-0.278107443,0.965830501,0.248853812,0.931446947,0.938688735,0.928044013,0.954545455
490,-0.01908126,-0.001277753,-0.05390246,0.98907071,0.371704702,0.932121801,0.948683298,0.98907071,0.994490316
491,0.043103391,0.046292486,0.053948136,0.937997852,0.187001993,0.949050359,0.930632761,0.937883336,0.960395589
492,-0.205491116,0,-0.291242248,0.976741004,-0.632532179,0.953597341,0.955032938,0.944811113,0.971236265
493,-0.21378103,0.213790922,-0.468104423,0.977269758,0.290826747,0.971825316,0.956022225,0.988438918,0.994169047
494,-0.12879768,0,0.118488425,0.989188872,0.218918413,0.931982429,0.953939201,0.960312742,0.971651249
495,0.018613471,0.025918865,-0.05479347,0.989417692,0.258731173,0.950686993,0.941123948,0.982907841,0.984250984
496,0.019527336,0,0.086706008,0.989417692,0.250311455,0.945573998,0.969223369,1,0.97734255
497,-0.20767363,0,-0.459129818,0.987729597,-0.875683926,0.95865344,0.948090926,0.970903821,0.987729597
498,-0.206394657,0.194232927,-0.46698234,0.959149828,-0.73978796,0.930143328,0.936324449,0.931835687,0.960907654
499,0.0480485,0.045602834,0.057373433,0.955869853,0.271501418,0.95433316,0.989528507,0.943218892,0.982682693