,accession,swiss_cbh_scores,swiss_egl_scores,swiss_diff_scores,swiss_pred_class,ncbi_cbh_scores,ncbi_egl_scores,ncbi_diff_scores,ncbi_pred_class
1,P62694.1,891.1,407.6,483.5,1,750.7,457.4,293.3,1
2,XP_006969224.1,890.6,407.5,483.1,1,751.8,457.4,294.4,1
3,AFD50192.1,888.2,403.7,484.5,1,748.8,452.9,295.9,1
4,AFP58843.1,865.6,398,467.6,1,728.3,441.4,286.9,1
5,XP_024748275.1,888.3,406.2,482.1,1,748.4,454.2,294.2,1
6,CAA37878.1,881.2,401.1,480.1,1,744.9,449,295.9,1
7,AGV05126.1,881.7,415.4,466.3,1,743.8,459.8,284,1
8,AER26900.1,866.1,399.8,466.3,1,728.9,443.8,285.1,1
9,4V0Z_A,797,401,396,1,729.4,446.3,283.1,1
10,1EGN_A,788.2,404.3,383.9,1,723.2,447.3,275.9,1
11,prf||1003195A,812.6,372.4,440.2,1,687.5,418.6,268.9,1
12,XP_013954979.1,869.1,410.1,459,1,748.5,454.9,293.6,1
13,1Q2E_A,767.8,408.9,358.9,1,706.1,449.4,256.7,1
14,RFU76296.1,860.3,412,448.3,1,743,463.8,279.2,1
15,5OA5_A,781.9,399.4,382.5,1,716.3,443.9,272.4,1
16,PNP59208.1,876.9,410.7,466.2,1,754.5,456.2,298.3,1
17,OPB45635.1,871.9,408,463.9,1,753,456.4,296.6,1
18,XP_024771708.1,878.4,409.9,468.5,1,758.5,459.5,299,1
19,ADH04808.1,873.2,409.4,463.8,1,757,459.4,297.6,1
20,AIK67329.1,822.7,366.1,456.6,1,730.4,413.4,317,1
21,KKO99004.1,867.4,413.4,454,1,749,461.2,287.8,1
22,AFD01232.1,846.3,405.9,440.4,1,731.5,451.1,280.4,1
23,API85495.1,661.1,294.3,366.8,1,540.3,333.5,206.8,1
24,XP_024761559.1,860.5,410.5,450,1,743.5,461,282.5,1
25,XP_013944336.1,855.9,411.5,444.4,1,743.2,461.6,281.6,1
26,XP_018656467.1,854.7,409.7,445,1,745,462.3,282.7,1
27,KOS19511.1,849.6,410.4,439.2,1,748.4,462.7,285.7,1
28,2Y9N_A,789.1,401.5,387.6,1,737.9,448,289.9,1
29,2YOK_A,788.2,401.2,387,1,737.6,447.3,290.3,1
30,ADC91991.1,659.8,326.1,333.7,1,614.2,362.9,251.3,1
31,5O59_A,775.2,399.9,375.3,1,723.5,447.9,275.6,1
32,AGU68246.1,945.7,457.3,488.4,1,822.8,515.1,307.7,1
33,XP_024678753.1,915.6,431.7,483.9,1,788.6,490.6,298,1
34,GAQ12141.1,915.3,428.3,487,1,786.6,487.2,299.4,1
35,POS70602.1,869.9,425.4,444.5,1,772.2,481.3,290.9,1
36,GAO86104.1,912.7,429.8,482.9,1,781.9,488.1,293.8,1
37,CDF76456.1,955.7,452,503.7,1,815.1,507,308.1,1
38,KNZ74328.1,879.2,483.8,395.4,1,808.3,532.2,276.1,1
39,RLL93246.1,979.5,463.1,516.4,1,828.9,514.5,314.4,1
40,XP_002484839.1,887.3,427.5,459.8,1,764.2,478.4,285.8,1
41,ATQ35967.1,853.3,435.2,418.1,1,797.2,492.5,304.7,1
42,CRG86514.1,843,429,414,1,792.2,490.6,301.6,1
43,RJE23952.1,961.8,461.3,500.5,1,826.2,518.4,307.8,1
44,XP_751044.1,992.3,468.8,523.5,1,835.6,524.3,311.3,1
45,XP_016645836.1,908.4,425.6,482.8,1,793.1,498.5,294.6,1
46,KFX96390.1,923.1,454.2,468.9,1,810.7,503.1,307.6,1
47,XP_001258278.1,982.9,468.2,514.7,1,833.9,523.5,310.4,1
48,XP_001261835.1,904.1,428.1,476,1,783.3,486.5,296.8,1
49,XP_026615684.1,913.9,427.8,486.1,1,782.2,489.3,292.9,1
50,XP_018148593.1,862.5,414.9,447.6,1,779.8,471.5,308.3,1
51,KIN02410.1,875.2,416.6,458.6,1,771.1,472.9,298.2,1
52,GAO88279.1,979.2,463.5,515.7,1,833.7,518.4,315.3,1
53,RKU48744.1,900.9,430,470.9,1,788.6,485.9,302.7,1
54,KFY49647.1,919.9,459.2,460.7,1,787.7,490.5,297.2,1
55,GAQ03001.1,976.9,471.4,505.5,1,830.5,524,306.5,1
56,AKI32221.1,929.7,462,467.7,1,803.4,511.6,291.8,1
57,ORY68870.1,888,422,466,1,789.2,477.5,311.7,1
58,XP_002149324.1,886.5,429.5,457,1,758.6,472.2,286.4,1
59,GAM33347.1,890.1,425.3,464.8,1,753.1,470.5,282.6,1
60,KIK52079.1,829.3,465.3,364,1,760.7,506.7,254,1
61,CAM98445.1,915.6,423.5,492.1,1,800.6,479.1,321.5,1
62,RAO70501.1,887,429.1,457.9,1,760.8,473.5,287.3,1
63,AGV05127.1,887.2,427.6,459.6,1,776.3,486.5,289.8,1
64,ALO81606.1,938.6,462.3,476.3,1,805,512.1,292.9,1
65,KUL83176.1,893.2,426.6,466.6,1,756,471.6,284.4,1
66,PKS11794.1,892.5,430.1,462.4,1,778.6,493.7,284.9,1
67,Q8WZJ4.1,901.3,435.8,465.5,1,759.4,477.3,282.1,1
68,CAM98447.1,892.1,461.5,430.6,1,838.2,516.2,322,1
69,XP_007914324.1,889.2,402,487.2,1,782.8,463.7,319.1,1
70,KFY36257.1,926.7,463.2,463.5,1,815,512.5,302.5,1
71,AIO10971.1,874.1,411.9,462.2,1,774.2,470.8,303.4,1
72,XP_003653508.1,919.2,430.7,488.5,1,805.9,486.6,319.3,1
73,KOS38349.1,958,463.8,494.2,1,825.2,519.9,305.3,1
74,KFY52868.1,917.2,466.8,450.4,1,808.1,510.7,297.4,1
75,XP_026610175.1,978.8,465.6,513.2,1,829.2,518.3,310.9,1
76,OQE27742.1,945.6,455.6,490,1,810.7,506.4,304.3,1
77,AIL95870.1,950.5,455.8,494.7,1,811.9,504.5,307.4,1
78,AGU68249.1,890.2,456.7,433.5,1,802.2,499,303.2,1
79,KFY17701.1,920.4,460.1,460.3,1,810.8,508.2,302.6,1
80,OKP11858.1,944.4,453.1,491.3,1,809.3,502.9,306.4,1
81,KFY87242.1,920.8,460.1,460.7,1,804.6,506.9,297.7,1
82,OQD92068.1,955.6,466.3,489.3,1,828.9,522.9,306,1
83,XP_022487591.1,952.9,460.4,492.5,1,816.5,515.2,301.3,1
84,AGU68247.1,889.5,456.8,432.7,1,822.8,514.2,308.6,1
85,OJJ74416.1,943,452.7,490.3,1,803.5,510.6,292.9,1
86,XP_009221781.1,850.6,408.9,441.7,1,776.3,472.3,304,1
87,AAL16941.1,866,450.6,415.4,1,815.2,507.3,307.9,1
88,AGV05131.1,899.3,436.7,462.6,1,797.4,499.9,297.5,1
89,XP_020119425.1,790,435.9,354.1,1,758,486.3,271.7,1
90,AAL33603.2,876.5,456.3,420.2,1,824.3,515.2,309.1,1
91,XP_025518099.1,943,460,483,1,802.1,517.9,284.2,1
92,XP_015404740.1,826.7,432.1,394.6,1,779.1,485.9,293.2,1
93,XP_003660789.1,896.9,429.9,467,1,790.7,495.2,295.5,1
94,CAM98448.1,879.6,431.9,447.7,1,785.1,504.7,280.4,1
95,CZR56432.1,873.6,433.3,440.3,1,784.2,484.2,300,1
96,OJI85092.1,940.7,458.3,482.4,1,798.9,515.9,283,1
97,OJJ37914.1,869.2,455,414.2,1,811.3,509.2,302.1,1
98,KKY37075.1,812.6,418.2,394.4,1,771,468.7,302.3,1
99,XP_025568883.1,940.4,457.2,483.2,1,798.7,514.6,284.1,1
100,POS71934.1,810.7,415.6,395.1,1,766.6,465,301.6,1
101,XP_024697958.1,948.7,455,493.7,1,822.4,513.2,309.2,1
102,OBT58475.1,917.9,460,457.9,1,811,507.7,303.3,1
103,KZL79690.1,820.7,411.2,409.5,1,779.7,471.4,308.3,1
104,KKY39577.1,804.3,369.7,434.6,1,702.8,421.1,281.7,1
105,ACT65727.1,858.2,427.8,430.4,1,781.2,492.2,289,1
106,XP_026626314.1,939.3,456.5,482.8,1,794.1,513.9,280.2,1
107,OQD62701.1,954.5,462.8,491.7,1,819.9,518.6,301.3,1
108,OOF96132.1,849.8,437.2,412.6,1,781.4,490.2,291.2,1
109,AAW64926.1,883.3,431.6,451.7,1,786.9,509.2,277.7,1
110,AGY80096.1,867.6,424.5,443.1,1,773.4,500.1,273.3,1
111,XP_014538681.1,949.2,464.4,484.8,1,825.3,523.1,302.2,1
112,GAA87307.1,942.2,457.3,484.9,1,801.7,516.5,285.2,1
113,XP_003041991.1,854.1,425.7,428.4,1,771.7,483.9,287.8,1
114,XP_001818879.1,825.8,431.1,394.7,1,781.1,486.5,294.6,1
115,AEL78901.1,904.5,438.2,466.3,1,777.1,499.7,277.4,1
116,PMD22162.1,891.8,436.8,455,1,782.1,485.7,296.4,1
117,KIK52078.1,815,465.8,349.2,1,750.4,505.3,245.1,1
118,KFY71392.1,920.8,460,460.8,1,812.6,507.9,304.7,1
119,AGV05125.1,884.5,433.7,450.8,1,781.4,497.7,283.7,1
120,XP_025579250.1,847.2,424.2,423,1,774.1,480.6,293.5,1
121,XP_025464797.1,844.8,431.5,413.3,1,774.5,483.3,291.2,1
122,OHX01224.1,819.8,411.2,408.6,1,778.8,471,307.8,1
123,OCL10905.1,822.8,421.7,401.1,1,792.1,479.9,312.2,1
124,XP_025392582.1,939.1,454.3,484.8,1,796.3,514.2,282.1,1
125,XP_024667880.1,948.5,454.8,493.7,1,823.8,512.5,311.3,1
126,XP_022390553.1,827.4,438.3,389.1,1,783.7,491,292.7,1
127,GAO87766.1,884.8,453.8,431,1,807.5,508,299.5,1
128,XP_013327603.1,873.3,455.3,418,1,819.3,512.8,306.5,1
129,EXF83665.1,810.4,407,403.4,1,774.1,465.7,308.4,1
130,CEL05758.1,941,466,475,1,808,521.9,286.1,1
131,GAQ36206.1,960.3,455,505.3,1,772.8,491.8,281,1
132,GAQ03432.1,892.3,454.3,438,1,814.7,512.1,302.6,1
133,OQE90785.1,959.9,473.1,486.8,1,825.5,527.8,297.7,1
134,OOF95327.1,929.2,450.4,478.8,1,798.5,504.9,293.6,1
135,OBT78768.1,915.3,457.4,457.9,1,803.1,507.6,295.5,1
136,KUM59674.1,953.4,464.9,488.5,1,817.6,518.9,298.7,1
137,XP_024684265.1,888.9,453.1,435.8,1,810.7,509.9,300.8,1
138,KZL78123.1,817.5,413.3,404.2,1,779.8,471.4,308.4,1
139,RFU25898.1,859.8,426,433.8,1,758.6,468.7,289.9,1
140,PLN75717.1,943.7,456.7,487,1,819.7,515.5,304.2,1
141,CVK83627.1,874.6,417.6,457,1,766.1,471,295.1,1
142,XP_750600.1,892.2,460,432.2,1,813.9,515.7,298.2,1
143,CBX74419.1,890.2,431.3,458.9,1,755.6,476.2,279.4,1
144,CDM37977.1,948.7,460.1,488.6,1,816,518.7,297.3,1
145,OBT85124.1,914.5,454.4,460.1,1,802,504.1,297.9,1
146,OBT48364.1,916.3,459.4,456.9,1,806.9,508.9,298,1
147,KXH69592.1,805.6,405.8,399.8,1,771.8,464.2,307.6,1
148,XP_001257823.1,887.9,455.5,432.4,1,809.3,514.1,295.2,1
149,CEJ57951.1,938,456.6,481.4,1,802.8,506.6,296.2,1
150,KLO96165.1,872.9,417.7,455.2,1,764.6,470.3,294.3,1
151,ACV95805.1,928.8,462.1,466.7,1,803.5,511.2,292.3,1
152,XP_009849826.1,904.4,421.8,482.6,1,744.7,455.1,289.6,1
153,EJD47743.1,851.7,477.4,374.3,1,788.2,524.8,263.4,1
154,OKP11396.1,876.3,461.4,414.9,1,823.3,509.2,314.1,1
155,OBT67170.1,916.3,460.9,455.4,1,804.5,509.7,294.8,1
156,RBA16240.1,867.7,413.6,454.1,1,759.8,467.3,292.5,1
157,PYH90852.1,838.4,427.8,410.6,1,768.6,485.9,282.7,1
158,PPQ86175.1,876.2,477.9,398.3,1,802.7,528.2,274.5,1
159,OOQ88648.1,939.1,449,490.1,1,802.8,502.5,300.3,1
160,GAQ38842.1,854.2,430.1,424.1,1,779.3,495.4,283.9,1
161,KIJ47863.1,877.4,487,390.4,1,799,532.8,266.2,1
162,XP_009254532.1,863.1,406.9,456.2,1,768.7,467.5,301.2,1
163,AAW68437.2,976.7,462.1,514.6,1,832.4,519.4,313,1
164,XP_001268257.1,955,461.6,493.4,1,806.9,517.6,289.3,1
165,PIG82688.1,825.4,432,393.4,1,778.9,487.6,291.3,1
166,WP_085741118.1,903.5,424.2,479.3,1,771.5,478.2,293.3,1
167,GAA85531.1,853.3,430.2,423.1,1,779.8,492.4,287.4,1
168,PTD13216.1,864.5,405.6,458.9,1,769,467.2,301.8,1
169,AUS45864.1,907.1,430.6,476.5,1,800.6,485.5,315.1,1
170,PCD18446.1,863.9,407.2,456.7,1,768.9,468.6,300.3,1
171,XP_026610602.1,886.2,455.1,431.1,1,806.4,506.8,299.6,1
172,AAT84320.1,859.2,421,438.2,1,764.2,496.6,267.6,1
173,RBR08204.1,858.9,419.7,439.2,1,762.9,474.3,288.6,1
174,PYI05737.1,841.8,419.9,421.9,1,768.8,476.6,292.2,1
175,1Q9H_A,858.3,444.1,414.2,1,807.8,502.4,305.4,1
176,KKA26295.1,858,401,457,1,769.4,461.1,308.3,1
177,GAW07236.1,823.2,463,360.2,1,754.2,508.7,245.5,1
178,XP_658098.1,947.7,452.8,494.9,1,808.9,513.6,295.3,1
179,XP_001214180.1,976.7,461.6,515.1,1,832.3,519.1,313.2,1
180,XP_025579710.1,917,439.8,477.2,1,786.2,495.4,290.8,1
181,RJE21345.1,866.7,446.9,419.8,1,808.8,506.2,302.6,1
182,Q00548.1,812.7,413.4,399.3,1,755.3,467,288.3,1
183,RHZ70917.1,879,452.8,426.2,1,802.4,506.3,296.1,1
184,EMD41378.1,863.7,459.1,404.6,1,786.4,510,276.4,1
185,XP_003709550.1,808.2,418.4,389.8,1,776.5,481.6,294.9,1
186,ADO21450.1,923.3,447.1,476.2,1,782.6,504.4,278.2,1
187,OBS26631.1,859.8,408,451.8,1,765,468.2,296.8,1
188,KPA46776.1,868.4,408.8,459.6,1,769.5,470,299.5,1
189,KGO74898.1,936.6,460.4,476.2,1,821.4,516.8,304.6,1
190,KPM43848.1,840.2,410.5,429.7,1,760.3,470.5,289.8,1
191,OCL03474.1,832.5,424.9,407.6,1,797.3,481.1,316.2,1
192,XP_003347627.1,895.1,422.1,473,1,766.7,476,290.7,1
193,AGV05132.1,876.8,424.9,451.9,1,771.6,486.9,284.7,1
194,RGP70583.1,863.6,407.9,455.7,1,766.4,469.1,297.3,1
195,AAS82858.1,863.8,406.3,457.5,1,770.4,468.1,302.3,1
196,XP_025513392.1,848.2,427.2,421,1,776.6,491,285.6,1
197,KZL68682.1,849.6,386.6,463,1,768.7,457.2,311.5,1
198,PSN60334.1,813,408.9,404.1,1,785.2,466.3,318.9,1
199,XP_024683778.1,917.4,463,454.4,1,776,508.6,267.4,1
200,OOQ84669.1,869.7,457.1,412.6,1,815.8,502.2,313.6,1
201,KXH31776.1,848.4,377.3,471.1,1,752.3,446.4,305.9,1
202,XP_025398863.1,903.9,443.2,460.7,1,793.5,503.1,290.4,1
203,KFY14413.1,781.8,401.1,380.7,1,729.7,448.5,281.2,1
204,RFN53142.1,853,414.9,438.1,1,762.6,472.5,290.1,1
205,KKY25279.1,851.1,446.2,404.9,1,786.2,492.1,294.1,1
206,KKK12991.1,943.7,441.7,502,1,805.5,504.9,300.6,1
207,ADZ44605.1,825.1,423.4,401.7,1,785.2,480.1,305.1,1
208,PSS05283.1,817.5,395.7,421.8,1,724.6,459.3,265.3,1
209,PMD29555.1,800.5,411.5,389,1,767.4,469.7,297.7,1
210,XP_025472194.1,923.7,452.2,471.5,1,794.8,504.5,290.3,1
211,KXG52935.1,960.3,475.8,484.5,1,826.7,533.7,293,1
212,XP_002562756.1,963.5,476,487.5,1,826.4,528.9,297.5,1
213,XP_024740423.1,885.3,423.9,461.4,1,782.9,480.8,302.1,1
214,XP_018071924.1,876.3,434.1,442.2,1,787.8,485.2,302.6,1
215,RMJ11822.1,838.7,425.2,413.5,1,748.5,468.5,280,1
216,XP_025547369.1,913.8,435.1,478.7,1,790.5,494,296.5,1
217,PYH99051.1,922.8,443.9,478.9,1,793.3,500.3,293,1
218,OQE45081.1,955.7,476.2,479.5,1,822.1,531.8,290.3,1
219,KLO10251.1,841.6,469.2,372.4,1,778.2,518.5,259.7,1
220,KIL95094.1,865,406.6,458.4,1,762.7,466,296.7,1
221,KFY40232.1,784.8,407.4,377.4,1,729,451.2,277.8,1
222,PQE21574.1,813,432.9,380.1,1,776.8,494.5,282.3,1
223,RDB20782.1,860.4,489.3,371.1,1,793.8,529.5,264.3,1
224,XP_003054277.1,845.3,415.1,430.2,1,770.8,480.9,289.9,1
225,OJI96612.1,870.2,444.7,425.5,1,811.6,505.5,306.1,1
226,KKK13091.1,844.5,427.9,416.6,1,789.8,485,304.8,1
227,XP_026601070.1,933.6,444.7,488.9,1,807.8,504.2,303.6,1
228,EJD55681.1,854.3,478.4,375.9,1,786.1,525.3,260.8,1
229,OJJ62476.1,876.5,443.9,432.6,1,814.6,504.1,310.5,1
230,XP_025536085.1,913.6,459.6,454,1,801.2,515.6,285.6,1
231,AAX60001.1,855.3,405.6,449.7,1,764.7,465.9,298.8,1
232,EMD37785.1,855,456.1,398.9,1,783.4,506.2,277.2,1
233,XP_022479705.1,792.1,399,393.1,1,758.5,463.1,295.4,1
234,KKF96734.1,800.4,387.7,412.7,1,742.4,454,288.4,1
235,KFX92953.1,782.4,403.5,378.9,1,726.1,448.1,278,1
236,XP_008094211.1,790,406,384,1,752.8,464.2,288.6,1
237,AAS82856.1,845.7,415.1,430.6,1,772,480.8,291.2,1
238,XP_025543035.1,848.1,428.2,419.9,1,776.4,493.7,282.7,1
239,PNH75385.1,834.1,383,451.1,1,751.2,448.6,302.6,1
240,EQB52258.1,810.7,405.7,405,1,775.9,468.5,307.4,1
241,KZV84994.1,840.5,468.4,372.1,1,779.4,511.1,268.3,1
242,KKK16539.1,843.5,427.9,415.6,1,788.9,485.7,303.2,1
243,RMJ19031.1,842,410.2,431.8,1,769.8,477.4,292.4,1
244,KIJ37522.1,845.4,468.6,376.8,1,779.1,514.8,264.3,1
245,ELA31292.1,811.2,407.7,403.5,1,776.3,470.2,306.1,1
246,XP_018157740.1,808,412,396,1,774.3,469.2,305.1,1
247,OJJ72950.1,843.7,424.4,419.3,1,774.5,490.7,283.8,1
248,OJJ56383.1,853.7,426.8,426.9,1,783.9,478.1,305.8,1
249,KIM94065.1,828.8,388.6,440.2,1,718.5,448.2,270.3,1
250,XP_001212905.1,856.2,452.5,403.7,1,781.3,499.4,281.9,1
251,XP_025587954.1,857.7,406.7,451,1,766.7,467.5,299.2,1
252,CZR68514.1,810.1,420.2,389.9,1,772.5,473.4,299.1,1
253,ENH80012.1,804.8,411,393.8,1,768.4,473.3,295.1,1
254,KZV94032.1,877.9,483.4,394.5,1,810.1,534,276.1,1
255,XP_018065128.1,809.8,421.7,388.1,1,772.2,475.7,296.5,1
256,AAK95563.1,831.7,483.1,348.6,1,764.1,524,240.1,1
257,XP_025447227.1,916.3,448.5,467.8,1,791,499.6,291.4,1
258,OQE24240.1,960.2,478.2,482,1,826.8,532.2,294.6,1
259,KJA25341.1,842.1,456.7,385.4,1,768.6,501.3,267.3,1
260,PYI34595.1,915.7,447.5,468.2,1,768.9,481.3,287.6,1
261,AUS45842.1,806.3,421.5,384.8,1,780.5,481.6,298.9,1
262,XP_018743614.1,874.4,413.3,461.1,1,767.6,468.5,299.1,1
263,XP_024701747.1,934.6,447.9,486.7,1,800.9,505.8,295.1,1
264,OQD87720.1,952.3,467.4,484.9,1,823.5,521.7,301.8,1
265,OQD87155.1,864.5,449,415.5,1,814.1,505.3,308.8,1
266,XP_020059320.1,844.4,436.6,407.8,1,777.6,494.3,283.3,1
267,KKY37789.1,787.5,421.4,366.1,1,747.1,481.4,265.7,1
268,EXM24103.1,876.8,420.3,456.5,1,768.3,474.1,294.2,1
269,XP_007827277.1,800.2,411.9,388.3,1,763.2,470.5,292.7,1
270,XP_025533339.1,916.6,446.9,469.7,1,789.6,500.4,289.2,1
271,XP_662780.1,859.9,433.5,426.4,1,790.4,488.7,301.7,1
272,4V1Z_A,886.3,458.9,427.4,1,820.3,512.6,307.7,1
273,KFZ25243.1,780.6,396.6,384,1,725.7,443.5,282.2,1
274,PYI27457.1,845.9,442.4,403.5,1,781.2,497.5,283.7,1
275,AFH78149.1,835,448.7,386.3,1,763.9,496.1,267.8,1
276,KPM40511.1,836.3,410.7,425.6,1,759.8,469.4,290.4,1
277,KIN07581.1,805.6,416.2,389.4,1,768.5,467.7,300.8,1
278,XP_016597479.1,950.4,461.5,488.9,1,825.2,519.5,305.7,1
279,AXB50469.1,868.8,390.2,478.6,1,763.6,462.2,301.4,1
280,OQE02994.1,947.6,465.3,482.3,1,817.6,521.9,295.7,1
281,CRK28675.1,828.1,379.1,449,1,719.5,427.7,291.8,1
282,CCF42634.1,830.2,378.2,452,1,760.1,449.8,310.3,1
283,XP_025498704.1,846.3,440.4,405.9,1,781.7,496.2,285.5,1
284,PNP77274.1,873.7,412.9,460.8,1,764.7,467.6,297.1,1
285,PMD48935.1,867.4,428.5,438.9,1,772.2,483.8,288.4,1
286,XP_022493462.1,863,448.3,414.7,1,811.2,503.6,307.6,1
287,KFY10639.1,794.6,420.2,374.4,1,761.4,479,282.4,1
288,ENH84238.1,847.1,382.1,465,1,752.7,449.2,303.5,1
289,XP_025429508.1,918.7,442.9,475.8,1,787.7,498.5,289.2,1
290,OIW31667.1,900.9,428.8,472.1,1,793.4,481.9,311.5,1
291,KZL85448.1,845.6,390.7,454.9,1,762.6,460.3,302.3,1
292,KDR74837.1,860,466.2,393.8,1,792.1,518,274.1,1
293,ROW00951.1,814.4,411.7,402.7,1,780,474.2,305.8,1
294,XP_007307222.1,835.8,448.8,387,1,764.4,497.2,267.2,1
295,XP_003833528.1,804,421.6,382.4,1,771.2,477.3,293.9,1
296,AEL78900.1,879.5,421.3,458.2,1,744.7,468.9,275.8,1
297,XP_025428630.1,845.6,439.3,406.3,1,782.4,500.1,282.3,1
298,KJA25342.1,850.7,460.5,390.2,1,776.9,507.3,269.6,1
299,OJJ06329.1,848.6,426.7,421.9,1,780.2,479.2,301,1
300,XP_025486698.1,841.6,435.1,406.5,1,774.9,494.9,280,1
301,XP_024700745.1,824.2,435.2,389,1,765.8,491.3,274.5,1
302,OJJ35654.1,847.5,444.4,403.1,1,793.5,500.9,292.6,1
303,XP_022387841.1,861.1,437.2,423.9,1,797.8,492,305.8,1
304,KIK70404.1,814.3,467.5,346.8,1,754.8,508.3,246.5,1
305,KDN67552.1,783.9,399.7,384.2,1,746.9,456.8,290.1,1
306,AAS82857.1,864.7,406.1,458.6,1,759.9,463.2,296.7,1
307,P46238.1,872.4,408,464.4,1,760.8,465.2,295.6,1
308,KKK24942.1,932.3,439.8,492.5,1,804.9,504.3,300.6,1
309,RNJ58757.1,833,382.6,450.4,1,748.7,447.7,301,1
310,RGP59830.1,850.9,403.5,447.4,1,760.2,461.4,298.8,1
311,GAW10594.1,829.8,480.4,349.4,1,761.2,524.4,236.8,1
312,XP_018068021.1,797.4,418.2,379.2,1,765.1,479.9,285.2,1
313,OAA61071.1,809.5,419.7,389.8,1,785.1,479.4,305.7,1
314,KZV94040.1,866,481,385,1,794.9,526.8,268.1,1
315,ADN88316.1,857.6,466.2,391.4,1,786.1,515.5,270.6,1
316,CZR58875.1,795.3,417.8,377.5,1,763.7,474,289.7,1
317,OAL06487.1,791.4,409.2,382.2,1,765.2,470,295.2,1
318,XP_026600870.1,846.7,427.8,418.9,1,783.6,485.5,298.1,1
319,PYI12875.1,841.7,434.6,407.1,1,774,493.9,280.1,1
320,O59843.1,911,440.5,470.5,1,783,493.5,289.5,1
321,KIK57628.1,792.1,458.7,333.4,1,723,503.9,219.1,1
322,XP_007913447.1,816.5,433.8,382.7,1,792.7,489.2,303.5,1
323,OQE22327.1,854.5,452.9,401.6,1,803.6,503.4,300.2,1
324,KXX83357.1,809.3,421.3,388,1,780.8,482.3,298.5,1
325,XP_015409042.1,860.2,440.8,419.4,1,792.6,494.5,298.1,1
326,XP_016583611.1,803.1,419.7,383.4,1,774.7,476.2,298.5,1
327,AEL22122.1,831.5,403.2,428.3,1,748.6,476.6,272,1
328,RAO69446.1,801.3,423.7,377.6,1,766.4,476.8,289.6,1
329,PPQ75293.1,849.9,460.7,389.2,1,781.9,507.3,274.6,1
330,XP_001903333.1,865.1,427.4,437.7,1,772.6,492.6,280,1
331,4XEB_A,795.5,413.6,381.9,1,739.2,459.9,279.3,1
332,XP_025403700.1,829.7,422.4,407.3,1,767.1,478.3,288.8,1
333,PVH74670.1,803.2,442,361.2,1,772.2,497.3,274.9,1
334,XP_018030942.1,814.6,414.9,399.7,1,782.2,474,308.2,1
335,KFY73186.1,806.4,426.8,379.6,1,777.5,484.6,292.9,1
336,KOS36334.1,848.7,444,404.7,1,806.1,501.7,304.4,1
337,VBB76653.1,862.3,427.2,435.1,1,771.3,492.5,278.8,1
338,XP_022582518.1,841.2,421.9,419.3,1,760.6,473.5,287.1,1
339,KFY40024.1,784.1,403.4,380.7,1,726.4,446,280.4,1
340,XP_002376207.1,860.6,445.1,415.5,1,793,498.1,294.9,1
341,KZV87868.1,826.5,476.9,349.6,1,792.1,520.5,271.6,1
342,KUI63569.1,820,421.5,398.5,1,782.7,483.4,299.3,1
343,ORY62425.1,807.6,408,399.6,1,766,468.4,297.6,1
344,KFY94689.1,787.8,400.6,387.2,1,726.5,443.4,283.1,1
345,KFX98284.1,793.6,416.7,376.9,1,761,474.4,286.6,1
346,XP_024743467.1,830.7,437.3,393.4,1,790.4,487.1,303.3,1
347,KIJ67443.1,865.7,478.7,387,1,788.4,528.4,260,1
348,EXF78223.1,803.6,369.3,434.3,1,712.3,435.8,276.5,1
349,CDJ79819.1,867.3,485.7,381.6,1,798.8,529.4,269.4,1
350,XP_001590256.1,810.4,445.3,365.1,1,776.5,504.4,272.1,1
351,PGH04215.1,887.1,443.6,443.5,1,788.1,500,288.1,1
352,KZT38150.1,835,477.1,357.9,1,762.3,513,249.3,1
353,KFA62033.1,809.6,427.5,382.1,1,726,474.2,251.8,1
354,CCX33723.1,829.8,441,388.8,1,798.8,487.6,311.2,1
355,5W11_A,810.8,421.6,389.2,1,772.5,483.8,288.7,1
356,OQD66934.1,858.8,448.1,410.7,1,811.3,505,306.3,1
357,KZP26731.1,846.5,460.2,386.3,1,761.7,505.3,256.4,1
358,KYQ92394.1,780.2,433.9,346.3,1,749,486.7,262.3,1
359,XP_001550707.1,810.1,435.8,374.3,1,772,493.4,278.6,1
360,KLO11714.1,844,458.6,385.4,1,771.5,510.8,260.7,1
361,KIH88199.1,801,418.6,382.4,1,773.5,476.2,297.3,1
362,KFA75877.1,805,426.4,378.6,1,722.6,471.1,251.5,1
363,AGW24291.1,850.8,456.3,394.5,1,800,507.1,292.9,1
364,PNH45221.1,824.2,378.6,445.6,1,740.9,441,299.9,1
365,PIG82932.1,859.1,444,415.1,1,791.6,496.5,295.1,1
366,KGO77304.1,861.6,441.2,420.4,1,812.7,497.7,315,1
367,XP_025550540.1,841.3,437.3,404,1,776.9,496.3,280.6,1
368,OCH90239.1,853.1,452.8,400.3,1,779.1,504.8,274.3,1
369,CEN61393.1,839.2,428.5,410.7,1,777.3,481.4,295.9,1
370,XP_018133188.1,795.7,415.9,379.8,1,762.5,477.3,285.2,1
371,XP_008031204.1,800.1,421.4,378.7,1,772.1,477.5,294.6,1
372,XP_014531257.1,854.4,439.1,415.3,1,806.4,498,308.4,1
373,KJK66486.1,859.7,448.7,411,1,792.5,498.6,293.9,1
374,KDR74808.1,845.5,472.2,373.3,1,783,517.6,265.4,1
375,XP_014171382.1,774.8,422,352.8,1,745.1,478,267.1,1
376,OWY47737.1,797.8,415.7,382.1,1,767,474.4,292.6,1
377,CDM33480.1,863.6,446.3,417.3,1,811.5,499.6,311.9,1
378,OIW24890.1,808.3,416.6,391.7,1,779.1,474.3,304.8,1
379,OBT45818.1,795.3,426.1,369.2,1,763.3,483.7,279.6,1
380,ROV93195.1,809.8,414.5,395.3,1,781.5,477.5,304,1
381,KDR74807.1,837.2,462.3,374.9,1,769.7,509.7,260,1
382,ROW00439.1,805.2,428.7,376.5,1,775.3,486.2,289.1,1
383,XP_001272622.1,874,450.2,423.8,1,801,504.6,296.4,1
384,RDW61389.1,809.2,419.8,389.4,1,774.8,475.5,299.3,1
385,4ZZT_A,797.8,397.6,400.2,1,762,458,304,1
386,KEY67882.1,803,425.8,377.2,1,722.7,471,251.7,1
387,PMD30352.1,803.4,419.2,384.2,1,773.5,477.5,296,1
388,ORX99021.1,801.2,413.4,387.8,1,781.9,476.7,305.2,1
389,KZV65465.1,843.3,460.8,382.5,1,767.5,503.7,263.8,1
390,PQE27625.1,832.2,458.1,374.1,1,767.3,513.7,253.6,1
391,OBT43925.1,799.2,426.2,373,1,770.3,483.2,287.1,1
392,KXG45468.1,860.3,448.6,411.7,1,809.8,507.3,302.5,1
393,OBT79771.1,790.9,413.1,377.8,1,758.8,474.9,283.9,1
394,RMJ28090.1,872.1,431.2,440.9,1,769.4,490.4,279,1
395,RII24917.1,796.7,414.6,382.1,1,766,473.9,292.1,1
396,OLN86165.1,798.5,400.1,398.4,1,764,459.6,304.4,1
397,OBT64007.1,800.1,426.6,373.5,1,764.7,480.3,284.4,1
398,XP_018030994.1,842.7,471.4,371.3,1,784.6,517.4,267.2,1
399,KNZ77904.1,863.6,494.2,369.4,1,778,527.6,250.4,1
400,OBT78251.1,798.9,424.3,374.6,1,769,481.1,287.9,1
401,RAK78808.1,906.1,447.7,458.4,1,785.9,500,285.9,1
402,XP_025501606.1,906.6,447.3,459.3,1,783.5,501.5,282,1
403,PQE19578.1,834.9,466.5,368.4,1,769.5,519.6,249.9,1
404,KFZ24653.1,798.7,425.7,373,1,769.1,480.1,289,1
405,KFY11132.1,806.1,425.1,381,1,772.5,482,290.5,1
406,XP_022469567.1,795.7,373.5,422.2,1,712.5,439.6,272.9,1
407,KXN82743.1,878.5,484.9,393.6,1,799.1,532.5,266.6,1
408,KDR74810.1,848.6,468.8,379.8,1,784.4,513.9,270.5,1
409,XP_003350595.1,805,430,375,1,775.7,489.1,286.6,1
410,CZT10876.1,800,429,371,1,772.2,485.5,286.7,1
411,XP_001555330.1,841.3,464.1,377.2,1,776.1,516.1,260,1
412,KUM60509.1,855.9,449,406.9,1,810.1,506.2,303.9,1
413,CRL17112.1,855.8,442.4,413.4,1,808.4,499.8,308.6,1
414,ORY61311.1,797.4,421,376.4,1,771,476.7,294.3,1
415,KFZ11669.1,791.1,406.3,384.8,1,752.5,464.7,287.8,1
416,EWC47260.1,826.5,441.5,385,1,788.7,499.1,289.6,1
417,P15828.2,900.3,442.9,457.4,1,786.9,508.7,278.2,1
418,PMD36707.1,816.1,420.8,395.3,1,771.8,471.6,300.2,1
419,RDB20742.1,856.1,480.9,375.2,1,789.4,529.2,260.2,1
420,XP_025490257.1,911.4,449.5,461.9,1,791,503.1,287.9,1
421,XP_001593518.1,770.7,428.3,342.4,1,737.9,479,258.9,1
422,EPS37206.1,832,431.8,400.2,1,788,488.5,299.5,1
423,PYI05517.1,893.3,437.4,455.9,1,784.5,492.7,291.8,1
424,GAW21887.1,810,413.7,396.3,1,775.7,477.9,297.8,1
425,OQE08414.1,858.3,441.8,416.5,1,806.9,496.5,310.4,1
426,OQE00996.1,855.9,445.9,410,1,809.6,502.8,306.8,1
427,XP_016593736.1,854.9,437.1,417.8,1,808.5,495.3,313.2,1
428,KFX89124.1,791.5,429.5,362,1,762.6,484.5,278.1,1
429,RDW71739.1,846,464.1,381.9,1,775.4,513.4,262,1
430,EYE99640.1,832.2,450.4,381.8,1,786.4,499.6,286.8,1
431,KNZ74329.1,838.2,471.9,366.3,1,805.2,515.8,289.4,1
432,KFX89475.1,803.8,427.1,376.7,1,774,484.8,289.2,1
433,BAC07256.1,842.1,443.2,398.9,1,777.4,488.9,288.5,1
434,GAP83010.1,801.3,410.5,390.8,1,765.8,470.5,295.3,1
435,XP_024673154.1,832.2,432.5,399.7,1,777.8,491,286.8,1
436,CZT04824.1,796,429.6,366.4,1,770.5,484.8,285.7,1
437,ODM23691.1,829.6,449.1,380.5,1,783.3,498.3,285,1
438,CEJ81038.1,778.8,402.3,376.5,1,749.8,466.8,283,1
439,KDQ16754.1,819,479.6,339.4,1,770.2,517.2,253,1
440,EJD47754.1,819.4,475.2,344.2,1,783.7,521.2,262.5,1
441,KXH59751.1,799.6,371.9,427.7,1,712.8,438.1,274.7,1
442,RDW66483.1,834.7,462,372.7,1,771.3,510.3,261,1
443,PVH79537.1,849.8,430,419.8,1,774.1,479.6,294.5,1
444,XP_020055541.1,903.7,447.1,456.6,1,781.4,498.2,283.2,1
445,KIO30842.1,838.3,457.5,380.8,1,754.6,511,243.6,1
446,KZV75433.1,830.4,441.8,388.6,1,756.1,485.1,271,1
447,ENH60968.1,814.8,388.3,426.5,1,706.9,442.8,264.1,1
448,P38676.1,872.3,426.1,446.2,1,727.5,471.5,256,1
449,XP_022406041.1,830.9,450.1,380.8,1,785.9,499.1,286.8,1
450,KDN38337.1,822.6,502,320.6,1,771,540,231,1
451,OBT60971.1,801.8,425.7,376.1,1,762.5,478.3,284.2,1
452,Q06886.1,918.7,427,491.7,1,773.2,489.4,283.8,1
453,XP_002562376.1,865.6,452.4,413.2,1,816.2,507.9,308.3,1
454,OQE90407.1,856.8,451.4,405.4,1,807.4,507.9,299.5,1
455,KZP29337.1,837.7,450,387.7,1,759.3,498.9,260.4,1
456,XP_011119724.1,821.8,450.7,371.1,1,782.3,503.9,278.4,1
457,RDL35936.1,785.7,423.4,362.3,1,766.7,489.1,277.6,1
458,EJD53243.1,835.8,466.5,369.3,1,770.9,507.5,263.4,1
459,KXN81905.1,820.6,464.1,356.5,1,804.2,519.5,284.7,1
460,AAT64006.1,846,466.4,379.6,1,783.9,516.5,267.4,1
461,OCH88340.1,847.9,449.7,398.2,1,772,503.8,268.2,1
462,KFY35180.1,805.8,426.5,379.3,1,774.2,483.8,290.4,1
463,EJD53248.1,874.7,484,390.7,1,797,529.9,267.1,1
464,APA08612.1,842.7,476.6,366.1,1,779.4,526.4,253,1
465,RDB24361.1,849.1,489.6,359.5,1,777.4,528.5,248.9,1
466,KFY17200.1,788.4,423.2,365.2,1,757.9,481.2,276.7,1
467,CUA75811.1,841.1,498.7,342.4,1,779.6,535.3,244.3,1
468,AGV05124.1,778.3,399,379.3,1,748.9,455.9,293,1
469,EGU81053.1,815.9,420.9,395,1,769.6,474.8,294.8,1
470,PQE09460.1,763.1,438.9,324.2,1,731.5,491,240.5,1
471,AGV05129.1,781.9,399.3,382.6,1,751.6,459.3,292.3,1
472,XP_014079635.1,794,417.1,376.9,1,771.8,474.8,297,1
473,XP_007702495.1,796,418.3,377.7,1,769.4,476,293.4,1
474,PVI03788.1,809.7,421.8,387.9,1,783.6,480.2,303.4,1
475,CAM98446.1,779.3,407.3,372,1,754.1,464.7,289.4,1
476,XP_024691088.1,833.4,434.2,399.2,1,778,494,284,1
477,KIM22435.1,848.9,469.2,379.7,1,787.2,518.1,269.1,1
478,KDQ29416.1,822.6,479.4,343.2,1,786,523.7,262.3,1
479,XP_024550696.1,778.5,435.3,343.2,1,741.8,486.3,255.5,1
480,KFY85476.1,798.6,424.9,373.7,1,762.3,479.3,283,1
481,PPQ99255.1,826.8,476,350.8,1,764.1,522.2,241.9,1
482,CUA76416.1,843.5,499.5,344,1,782.6,537.1,245.5,1
483,KII85870.1,813.4,467.4,346,1,796.6,525.4,271.2,1
484,OQE30246.1,860.9,448.4,412.5,1,811.9,507.1,304.8,1
485,PQE26942.1,828.4,466,362.4,1,762.7,516.8,245.9,1
486,ROW08279.1,764.3,413.2,351.1,1,731.1,472.6,258.5,1
487,PKS11422.1,785.9,408,377.9,1,766.7,472.3,294.4,1
488,KZP29345.1,822.9,439.5,383.4,1,746.3,499.7,246.6,1
489,EMR83546.1,776,435.4,340.6,1,741.4,486.7,254.7,1
490,EFQ90786.1,782.5,416.2,366.3,1,761.4,466.7,294.7,1
491,OBZ73447.1,838.2,479.1,359.1,1,762.9,506.7,256.2,1
492,ROW03477.1,772.4,414,358.4,1,739.4,475.6,263.8,1
493,PLN84595.1,835.2,438.1,397.1,1,779.4,494.9,284.5,1
494,OQE45958.1,853.1,439.7,413.4,1,801.4,496.6,304.8,1
495,OAL53425.1,792.4,415,377.4,1,763.9,472.6,291.3,1
496,KFY43603.1,785.7,421.9,363.8,1,754.8,479.8,275,1
497,CCA94938.1,784.5,429.6,354.9,1,756.3,481.8,274.5,1
498,BAA76365.1,854.7,463.5,391.2,1,785,507.7,277.3,1
499,KZT42342.1,780.7,463.9,316.8,1,746.4,505.6,240.8,1
500,KIO22127.1,821.2,460.1,361.1,1,739.9,510.8,229.1,1
501,EUC58409.1,814.7,500.5,314.2,1,768.8,541.5,227.3,1
502,XP_007690051.1,789.2,434,355.2,1,768,485.6,282.4,1
503,XP_007837045.1,802.9,412.5,390.4,1,780,477.7,302.3,1
504,PQE13871.1,704.9,368.2,336.7,1,672.7,429.2,243.5,1
505,KFY30436.1,795.5,431.2,364.3,1,763.4,485,278.4,1
506,XP_007391667.1,830.8,507.8,323,1,756.1,542.2,213.9,1
507,XP_003650402.1,788.5,395.1,393.4,1,754.7,458.9,295.8,1
508,XP_647587.1,785.1,436.5,348.6,1,755.6,489.8,265.8,1
509,XP_014556760.1,790.8,419.5,371.3,1,768.2,475.8,292.4,1
510,KEP46235.1,814.6,500.7,313.9,1,770,540.3,229.7,1
511,EPE10387.1,792.4,403.1,389.3,1,764.8,462.2,302.6,1
512,4CSI_A,814.4,431.8,382.6,1,769.5,496,273.5,1
513,ORY11399.1,831.7,473.5,358.2,1,773.7,517.3,256.4,1
514,OLN87954.1,794.9,393.4,401.5,1,726.7,450.9,275.8,1
515,XP_016639261.1,793.7,407,386.7,1,765,472.1,292.9,1
516,XP_007269363.1,797.7,479,318.7,1,799.7,520.6,279.1,1
517,RDB20585.1,815.1,485.9,329.2,1,802.6,530.9,271.7,1
518,KUI69789.1,767.4,399,368.4,1,742.1,467.7,274.4,1
519,RNJ57945.1,759.4,415.8,343.6,1,685.5,479.3,206.2,1
520,PVI00561.1,825.3,468.9,356.4,1,775.7,518.2,257.5,1
521,GAW23997.1,802.7,432.4,370.3,1,773.1,488.9,284.2,1
522,XP_008082625.1,863.5,446.3,417.2,1,789.2,500.2,289,1
523,XP_003287745.1,790.6,430.4,360.2,1,760,494.4,265.6,1
524,KIP07351.1,831.4,481.9,349.5,1,750.5,523,227.5,1
525,XP_018379328.1,763.2,398.9,364.3,1,734.4,454,280.4,1
526,KDQ11533.1,840.8,487.7,353.1,1,771.7,526.6,245.1,1
527,PPQ91089.1,829.2,474.5,354.7,1,770.7,523.8,246.9,1
528,KIO32104.1,818.3,463.1,355.2,1,736.5,511.9,224.6,1
529,ESZ95596.1,836.1,467.9,368.2,1,776.7,519.3,257.4,1
530,PSR82103.1,773.5,393.9,379.6,1,746.1,461.5,284.6,1
531,4ZZP_A,777.7,420.7,357,1,746.3,483.7,262.6,1
532,KDQ08314.1,844.4,479.9,364.5,1,763.9,520.9,243,1
533,KFY57321.1,789.9,428.9,361,1,753.9,482.9,271,1
534,KDQ60879.1,799.1,462.4,336.7,1,736.3,501.6,234.7,1
535,RFU24712.1,828.1,455.3,372.8,1,767.5,514.9,252.6,1
536,KZS88000.1,820.3,470.1,350.2,1,754,513.6,240.4,1
537,KDR74830.1,834.9,482.9,352,1,776.5,522.1,254.4,1
538,CCO37654.1,806.9,486.1,320.8,1,760.1,529,231.1,1
539,XP_007333581.1,873.3,466.7,406.6,1,776.4,523.7,252.7,1
540,OCL10685.1,840.4,470.7,369.7,1,784,516.8,267.2,1
541,ELU39808.1,833.7,481.7,352,1,770.7,519.3,251.4,1
542,KZV96794.1,772.5,427.4,345.1,1,763,480.8,282.2,1
543,4ZZQ_A,772.1,426.5,345.6,1,742.7,478.9,263.8,1
544,KEP49583.1,827.5,489.5,338,1,768.3,536.8,231.5,1
545,KDQ29446.1,785.7,470.7,315,1,790.6,512.4,278.2,1
546,KFA50817.1,769.3,414.3,355,1,736.6,477.7,258.9,1
547,KDQ16044.1,847.7,477.8,369.9,1,766.1,516.8,249.3,1
548,XP_020125604.1,823.6,423.5,400.1,1,783.7,478.7,305,1
549,EUC58347.1,791.3,487,304.3,1,753.4,529.4,224,1
550,BAJ07534.1,804.2,468.1,336.1,1,767.1,508.4,258.7,1
551,CRK11086.1,743.7,399.3,344.4,1,666.3,460.8,205.5,1
552,ESZ96488.1,762.4,424,338.4,1,719.2,475.7,243.5,1
553,CZT43176.1,829.4,435.5,393.9,1,761.3,483.4,277.9,1
554,KIJ36208.1,766.5,412.4,354.1,1,702.4,447.1,255.3,1
555,KKY21377.1,830.1,423.9,406.2,1,795.6,484.4,311.2,1
556,KUI52933.1,769.5,402.8,366.7,1,740,468.3,271.7,1
557,XP_008081089.1,790.3,420.1,370.2,1,761.4,474.8,286.6,1
558,XP_004357991.1,779.2,428.8,350.4,1,750.4,492.2,258.2,1
559,XP_001596118.1,804.1,443.6,360.5,1,743.3,492,251.3,1
560,EOD51529.1,834.7,422.4,412.3,1,798.5,482.1,316.4,1
561,KUI54578.1,740.4,366.9,373.5,1,706.9,430,276.9,1
562,KDQ29419.1,790.1,474.3,315.8,1,788,519.3,268.7,1
563,PVH82522.1,760.1,448.3,311.8,1,742.5,501.7,240.8,1
564,XP_006463825.1,867.8,463.6,404.2,1,769.8,519,250.8,1
565,KFA70453.1,764.9,409.3,355.6,1,733.3,476.2,257.1,1
566,KDN46927.1,819.8,496.3,323.5,1,768.9,541.4,227.5,1
567,CAA68840.1,755.1,401.5,353.6,1,736.6,467.5,269.1,1
568,KIJ62361.1,798,479.7,318.3,1,791.2,530.6,260.6,1
569,KZT33759.1,822.8,471.5,351.3,1,754,512.2,241.8,1
570,KZS87494.1,815.3,476.3,339,1,753.4,512.3,241.1,1
571,RPA85863.1,825,482.3,342.7,1,760.2,519.8,240.4,1
572,KDQ28976.1,796.7,478.7,318,1,812.3,526.1,286.2,1
573,ELU36802.1,831.6,495.2,336.4,1,775.4,538.2,237.2,1
574,KXN91625.1,804,472.2,331.8,1,791,518,273,1
575,CCO32610.1,837.2,496.4,340.8,1,774.8,542.1,232.7,1
576,PGH09860.1,792.4,445.5,346.9,1,778.8,505.3,273.5,1
577,EUC59275.1,825.7,489.6,336.1,1,767.6,536.5,231.1,1
578,CCO33072.1,826.1,481.9,344.2,1,766.1,521.5,244.6,1
579,KXH62566.1,694.6,354.4,340.2,1,693.5,412.9,280.6,1
580,CUA70548.1,833.5,494,339.5,1,772.9,538.6,234.3,1
581,KDN65609.1,803,374.8,428.2,1,714.1,432.7,281.4,1
582,XP_007296374.1,813.8,415,398.8,1,764,462.4,301.6,1
583,XP_007388187.1,790.1,459.3,330.8,1,715.2,490.6,224.6,1
584,KZP26727.1,777.8,403.2,374.6,1,698.9,450.4,248.5,1
585,PVF92348.1,821.7,456.8,364.9,1,775.3,507.3,268,1
586,XP_018385458.1,782.5,437,345.5,1,758.2,494.3,263.9,1
587,KXH36146.1,691.2,353.6,337.6,1,689.5,410.2,279.3,1
588,KLU85411.1,756.1,363.3,392.8,1,678.4,411.5,266.9,1
589,PPR06726.1,794.7,467.1,327.6,1,778.2,509.1,269.1,1
590,KXH45986.1,692.4,353.8,338.6,1,691.2,411.6,279.6,1
591,XP_007401163.1,834,494.5,339.5,1,755.8,527.7,228.1,1
592,AAT64007.1,809.2,481.5,327.7,1,803.7,528.9,274.8,1
593,OMP85207.1,811.3,412.1,399.2,1,779.4,472.2,307.2,1
594,EUC59570.1,833.9,492.3,341.6,1,773.5,529.6,243.9,1
595,XP_003837470.1,784.4,443.3,341.1,1,764.6,500.5,264.1,1
596,XP_022475738.1,689.8,357.7,332.1,1,689.7,413.2,276.5,1
597,KZP29034.1,784.2,456.7,327.5,1,762.4,504.7,257.7,1
598,AAB46373.1,857.1,482.6,374.5,1,756.2,527.1,229.1,1
599,XP_007400937.1,812.2,489.7,322.5,1,734.9,527.5,207.4,1
600,PVF92312.1,818.3,463,355.3,1,775.4,512.5,262.9,1
601,PPR00364.1,832.5,488.9,343.6,1,768,529.3,238.7,1
602,KDR74971.1,789.2,470.9,318.3,1,778.6,515.6,263,1
603,PPQ77938.1,830.6,482.9,347.7,1,767.9,527.7,240.2,1
604,KDQ13783.1,813.8,466.8,347,1,741.2,505.8,235.4,1
605,ENH81208.1,700.3,353.4,346.9,1,698.1,414.2,283.9,1
606,KZL66563.1,699.6,355.6,344,1,696.1,415.2,280.9,1
607,KZV75342.1,776.3,449.8,326.5,1,768.9,492.7,276.2,1
608,KZS96647.1,781,438.2,342.8,1,712,475.1,236.9,1
609,KZL78322.1,702.4,352.3,350.1,1,699.5,413.8,285.7,1
610,OAA59800.1,785.8,423.7,362.1,1,759.5,482.3,277.2,1
611,KIJ50966.1,822.3,475.2,347.1,1,803.9,522.5,281.4,1
612,BAA76364.1,845.4,466.9,378.5,1,778.5,515.5,263,1
613,KIM25002.1,821.4,470.6,350.8,1,774.2,518.6,255.6,1
614,KIJ29046.1,804,463.6,340.4,1,783.5,517.1,266.4,1
615,XP_009656415.1,726.4,396.7,329.7,1,656.4,457.4,199,1
616,XP_007384596.1,797.2,468,329.2,1,723,501,222,1
617,XP_007269625.1,789,476,313,1,803.6,524.7,278.9,1
618,CUA77192.1,818.8,480.1,338.7,1,753.1,521.2,231.9,1
619,XP_004354247.1,764.3,421.4,342.9,1,737.4,485.5,251.9,1
620,XP_008099950.1,768.5,371.9,396.6,1,735.1,435.4,299.7,1
621,XP_007294260.1,776.5,475.6,300.9,1,773.1,525,248.1,1
622,BAD16575.1,840.9,465.9,375,1,778.5,514,264.5,1
623,OCB90904.1,769,454.2,314.8,1,772.2,493.5,278.7,1
624,KIJ34263.1,809.4,469.7,339.7,1,786,517.3,268.7,1
625,KIY68497.1,832.9,458.6,374.3,1,779,503.6,275.4,1
626,PGH13437.1,794.1,435.5,358.6,1,769.9,495.9,274,1
627,ENH84678.1,722.3,399.8,322.5,1,711.9,458.7,253.2,1
628,KIY68121.1,773.3,447,326.3,1,780.1,505.9,274.2,1
629,KFA73333.1,746,401.2,344.8,1,713.9,460.9,253,1
630,KDN61204.1,702.3,353.8,348.5,1,698,412.9,285.1,1
631,PFH51627.1,779.3,457.2,322.1,1,793.6,509.3,284.3,1
632,XP_012748734.1,783.9,446,337.9,1,749.3,497.6,251.7,1
633,KIK58814.1,746.8,458,288.8,1,732.6,499.7,232.9,1
634,KDQ28893.1,792.3,483.4,308.9,1,806.1,534,272.1,1
635,KZP29331.1,781.2,454.9,326.3,1,759.9,499,260.9,1
636,KXN91715.1,788.1,466,322.1,1,769.2,522.9,246.3,1
637,KDQ16756.1,789,494.1,294.9,1,778.2,532.4,245.8,1
638,BAH59084.1,788.1,458.4,329.7,1,769.4,508,261.4,1
639,EUC59442.1,820.6,485.8,334.8,1,761.5,524.5,237,1
640,PAV16850.1,783.4,470.9,312.5,1,797.8,518.9,278.9,1
641,CCF41856.1,692.3,355.8,336.5,1,689.8,412.5,277.3,1
642,OBZ74435.1,831.9,469.6,362.3,1,776.4,513,263.4,1
643,XP_007773670.1,786.4,467.4,319,1,774.6,520,254.6,1
644,KIY62046.1,780.9,480.9,300,1,785.9,520.2,265.7,1
645,CAA80252.1,828.7,491.4,337.3,1,751.7,528.6,223.1,1
646,ELA29756.1,687.8,356.3,331.5,1,690.3,413.8,276.5,1
647,OAL54287.1,771.4,438.7,332.7,1,755.4,499.9,255.5,1
648,XP_008091285.1,693.5,350.7,342.8,1,693.7,412.8,280.9,1
649,KDQ28942.1,804.5,458.4,346.1,1,753.7,502.2,251.5,1
650,PBK69122.1,769.8,459.5,310.3,1,777.6,508.5,269.1,1
651,KIP10054.1,826.7,484.3,342.4,1,745.9,518.1,227.8,1
652,PVF94991.1,815.8,478.1,337.7,1,777.7,524,253.7,1
653,XP_007682689.1,785.2,433.5,351.7,1,754.2,491.4,262.8,1
654,BAQ59234.1,785.7,476.9,308.8,1,800.5,525.7,274.8,1
655,XP_016590202.1,762.3,403,359.3,1,741.6,464.4,277.2,1
656,EMD41386.1,739.1,436.1,303,1,724.9,480.2,244.7,1
657,AUS45834.1,695.1,390.7,304.4,1,689.2,445.9,243.3,1
658,PVF92349.1,784.5,453.3,331.2,1,774.2,503,271.2,1
659,KNG47004.1,784.4,442.9,341.5,1,759.3,496.1,263.2,1
660,RPB22498.1,804.1,466.3,337.8,1,764,507.2,256.8,1
661,XP_003386578.1,751.8,446.1,305.7,1,759.5,509.1,250.4,1
662,XP_007711063.1,791.4,438.1,353.3,1,754.9,491.7,263.2,1
663,KDQ16755.1,793.2,480.8,312.4,1,772,518.4,253.6,1
664,KDQ28955.1,814.1,458.1,356,1,754.2,502.2,252,1
665,XP_007694303.1,787.8,434.4,353.4,1,753.6,490.6,263,1
666,SJL13708.1,771.8,460.2,311.6,1,779.2,511.2,268,1
667,XP_007309483.1,795.1,454.2,340.9,1,774,507.4,266.6,1
668,KIM21094.1,833.5,464.5,369,1,775.5,514.3,261.2,1
669,KIY69854.1,778.3,478.7,299.6,1,786.3,517.9,268.4,1
670,XP_007360330.1,753.5,475.7,277.8,1,767.5,526.1,241.4,1
671,KZM23976.1,772.8,449.5,323.3,1,752.1,501.1,251,1
672,KIJ28439.1,802.4,455.8,346.6,1,781.8,510.2,271.6,1
673,EUC56251.1,821.6,476.7,344.9,1,757,516.4,240.6,1
674,KZP10087.1,790.9,451.6,339.3,1,762.6,499.3,263.3,1
675,BAA76363.1,823,482.7,340.3,1,765.3,531.7,233.6,1
676,XP_008025548.1,786.6,438.9,347.7,1,755.3,497.8,257.5,1
677,CCO31925.1,782.3,493.2,289.1,1,779.3,532.8,246.5,1
678,RBQ85240.1,718.8,392.2,326.6,1,647.5,450.6,196.9,1
679,CAA82761.1,826.3,501.4,324.9,1,760.7,538.7,222,1
680,OCB83901.1,789.8,477,312.8,1,794.8,520.9,273.9,1
681,XP_007363020.1,767.1,477.1,290,1,781.6,520.3,261.3,1
682,PSR70566.1,818.3,471.7,346.6,1,771.3,518.6,252.7,1
683,PPQ86183.1,792.1,453.4,338.7,1,784.4,503.7,280.7,1
684,KIM23049.1,775.1,472.3,302.8,1,794.9,519.6,275.3,1
685,XP_014084216.1,791.1,435.4,355.7,1,754.3,491.9,262.4,1
686,KIP04535.1,838.2,498.4,339.8,1,753.7,537,216.7,1
687,AHI87690.1,807.9,411.4,396.5,1,736.9,456.1,280.8,1
688,KZP24065.1,741.2,448.4,292.8,1,725.4,502.1,223.3,1
689,KDR74809.1,773.2,446.7,326.5,1,766.3,494.4,271.9,1
690,KDQ64435.1,753.6,473.5,280.1,1,749.1,509.9,239.2,1
691,EJD41770.1,773.2,427.8,345.4,1,757.1,482.8,274.3,1
692,CDJ79820.1,785,458.7,326.3,1,769.1,517.9,251.2,1
693,OCB88151.1,778.4,476.3,302.1,1,788,523.2,264.8,1
694,PVG00368.1,776.7,462.3,314.4,1,780.5,514.6,265.9,1
695,KTB35057.1,769.9,461.1,308.8,1,795.3,520.8,274.5,1
696,KZL81444.1,727.1,416.5,310.6,1,719.4,470.8,248.6,1
697,PVH87632.1,778.6,463.6,315,1,771.4,512.7,258.7,1
698,ESK92225.1,769.8,461.1,308.7,1,795.3,520.7,274.6,1
699,OCL12446.1,768.6,430.1,338.5,1,756.9,489.3,267.6,1
700,KIK57629.1,753.6,459.7,293.9,1,736.6,504.3,232.3,1
701,RDW63401.1,788.5,441.7,346.8,1,706.9,471.6,235.3,1
702,BAJ07535.1,791.3,473.4,317.9,1,792.6,520.4,272.2,1
703,XP_009544628.1,772.4,475.1,297.3,1,796.7,517.5,279.2,1
704,KZP29338.1,770.5,448.2,322.3,1,755,505.4,249.6,1
705,CZS96657.1,756.9,459.8,297.1,1,759.3,515.5,243.8,1
706,RPD59301.1,765.2,474.5,290.7,1,794.8,521.2,273.6,1
707,EHA26941.1,807.2,359.7,447.5,1,667.6,410.5,257.1,1
708,RDW57293.1,784.6,442.4,342.2,1,726.7,487.9,238.8,1
709,KZP24061.1,741.2,453.9,287.3,1,727.7,505,222.7,1
710,RPD64364.1,767.8,475,292.8,1,795.6,523.8,271.8,1
711,KIO30425.1,808.1,489,319.1,1,735.7,528.6,207.1,1
712,PBK99839.1,767.5,463,304.5,1,781.1,508.6,272.5,1
713,OSD03329.1,777.3,479.4,297.9,1,798.3,527.2,271.1,1
714,KDQ59940.1,747.2,468.5,278.7,1,743.1,504.6,238.5,1
715,XP_001798965.1,772.5,435.1,337.4,1,746.5,490.7,255.8,1
716,PPR06743.1,812.9,463.6,349.3,1,767.2,517.8,249.4,1
717,ERS95359.1,747,414.1,332.9,1,728.9,468.1,260.8,1
718,PSN61977.1,766.2,434.3,331.9,1,751.2,497.4,253.8,1
719,RMZ72566.1,757.9,432.4,325.5,1,738.3,490.6,247.7,1
720,OTB15818.1,683.7,373.4,310.3,1,686.2,428,258.2,1
721,CDO73021.1,774.4,480.2,294.2,1,799.8,527.1,272.7,1
722,PSR72764.1,803.6,468,335.6,1,769.6,515.6,254,1
723,ORY16703.1,769.7,418.7,351,1,751.5,486.7,264.8,1
724,PVF96188.1,769.1,448.5,320.6,1,771.5,500.5,271,1
725,OSD03057.1,776.5,474.2,302.3,1,794.6,521.9,272.7,1
726,pir||JC7979,807.6,471.8,335.8,1,740.6,518.2,222.4,1
727,XP_007385833.1,783.5,452.3,331.2,1,707.1,486.8,220.3,1
728,RDL37007.1,776.8,465.4,311.4,1,762.5,516.9,245.6,1
729,OWY46466.1,721.1,410.7,310.4,1,708.4,471.6,236.8,1
730,KIH93361.1,745.5,417.4,328.1,1,727.8,469.4,258.4,1
731,BAF57427.1,716.9,395,321.9,1,707.5,454.8,252.7,1
732,XP_018038892.1,765.8,415.3,350.5,1,748,483.8,264.2,1
733,OAK99998.1,718.4,408.1,310.3,1,702,467.4,234.6,1
734,BAB69425.1,743.3,436.6,306.7,1,751.5,489.1,262.4,1
735,KZP29343.1,755.1,427,328.1,1,729.8,484.1,245.7,1
736,KIJ59320.1,801,473,328,1,774.2,521.1,253.1,1
737,KZM28686.1,716.8,397.4,319.4,1,704.5,457.8,246.7,1
738,OSS46742.1,718.4,396.1,322.3,1,701.7,457.4,244.3,1
739,KIM39199.1,767.3,464.5,302.8,1,759.9,512.9,247,1
740,PBP23133.1,791.9,430.9,361,1,736.3,479.5,256.8,1
741,AAF70170.1,700.3,357.7,342.6,1,674.1,413,261.1,1
742,OTA55642.1,684.6,374.2,310.4,1,682.9,427.3,255.6,1
743,OCB88153.1,762.5,456.2,306.3,1,758.1,499.7,258.4,1
744,OSS45006.1,781,454.3,326.7,1,756.2,508.8,247.4,1
745,ELU36541.1,785.5,492.8,292.7,1,751.3,515.5,235.8,1
746,CDO77672.1,772.9,475.7,297.2,1,792.6,520.2,272.4,1
747,ADX07301.1,769.6,467.5,302.1,1,767,509.4,257.6,1
748,XP_007360649.1,758.4,481.7,276.7,1,787.2,529.2,258,1
749,RDW85557.1,767.3,452.9,314.4,1,751.4,501.6,249.8,1
750,KIO32106.1,786,490.9,295.1,1,750.7,526,224.7,1
751,KIO29104.1,807.5,494.8,312.7,1,743.6,529.4,214.2,1
752,PZC93490.1,709.7,389.9,319.8,1,689.4,430.8,258.6,1
753,OIW22475.1,695.6,389.6,306,1,689.8,447,242.8,1
754,RPB15720.1,780.1,490.8,289.3,1,777.9,529.5,248.4,1
755,KZP24057.1,742.8,419.6,323.2,1,723.4,477.6,245.8,1
756,XP_007830051.1,674.9,363,311.9,1,677.4,418.9,258.5,1
757,EFQ85644.1,760.8,438.2,322.6,1,740.8,496.1,244.7,1
758,RDW75272.1,770.4,454.3,316.1,1,754.9,503.5,251.4,1
759,XP_007388188.1,775.3,458.5,316.8,1,716,491.4,224.6,1
760,2XSP_A,756,459.8,296.2,1,775.8,505.7,270.1,1
761,OTB20734.1,687.5,382.4,305.1,1,678.2,439.3,238.9,1
762,PIL31386.1,758.7,475.3,283.4,1,786.2,519.2,267,1
763,CCF45772.1,698.8,366.2,332.6,1,670.4,407.1,263.3,1
764,GAW12081.1,692.9,356,336.9,1,691.3,417.3,274,1
765,PSR87218.1,819.6,462.3,357.3,1,781.5,515.6,265.9,1
766,OTB01634.1,679.9,379,300.9,1,677.9,428.5,249.4,1
767,PIL25014.1,761.6,480.1,281.5,1,790,524.1,265.9,1
768,ABS82449.1,752.5,490.3,262.2,1,760.7,535,225.7,1
769,XP_001939369.1,760.5,441.9,318.6,1,740.3,496.3,244,1
770,PGH14772.1,717,412.3,304.7,1,701.8,467.5,234.3,1
771,XP_001793972.1,695.6,353.6,342,1,671,413.4,257.6,1
772,KZL77744.1,699.9,394.3,305.6,1,700,449.2,250.8,1
773,KLU88254.1,681.2,354.3,326.9,1,683.8,415.6,268.2,1
774,OQO14828.1,789.5,452.1,337.4,1,728.9,495.1,233.8,1
775,RDX51166.1,760.1,478.6,281.5,1,788.9,525.9,263,1
776,XP_007912966.1,690.1,369.2,320.9,1,697.8,424.9,272.9,1
777,XP_007696862.1,717.5,408.2,309.3,1,701.8,471.1,230.7,1
778,XP_008032721.1,757.1,476.3,280.8,1,781.1,523.1,258,1
779,BAF80326.1,767.3,476.4,290.9,1,797.3,523.6,273.7,1
780,ORY55887.1,690.6,373.6,317,1,686.7,425.7,261,1
781,XP_018066661.1,766.4,453.4,313,1,754.6,508.5,246.1,1
782,CCX05784.1,781.8,496.4,285.4,1,800.2,541.5,258.7,1
783,KIN01384.1,771.4,464.4,307,1,759.3,509.5,249.8,1
784,KIM80652.1,755.6,467.8,287.8,1,774.9,513.1,261.8,1
785,PIL31796.1,750.1,468.7,281.4,1,772.2,515.4,256.8,1
786,PVH95218.1,753.2,425.1,328.1,1,733.8,483.8,250,1
787,ESK92213.1,767.5,456.9,310.6,1,779.7,519.2,260.5,1
788,XP_007688710.1,717.4,406.1,311.3,1,700.2,469.6,230.6,1
789,OJT09832.1,770.8,467.4,303.4,1,790.8,519.5,271.3,1
790,XP_007673008.1,778.7,437.2,341.5,1,722.9,464.1,258.8,1
791,ACB86851.1,710.3,401.9,308.4,1,666.4,426.5,239.9,1
792,PSN74458.1,720.4,412.8,307.6,1,706.8,473.1,233.7,1
793,OTA25065.1,718.9,437.5,281.4,1,717.5,485.3,232.2,1
794,PSN74518.1,692.4,371.3,321.1,1,666.4,433.5,232.9,1
795,RMY31773.1,721.3,433.4,287.9,1,717.7,485.6,232.1,1
796,ROT38034.1,690.2,415.8,274.4,1,677.3,480.6,196.7,1
797,XP_018035184.1,707.5,385,322.5,1,702.5,449.8,252.7,1
798,KDQ27082.1,799.4,495.8,303.6,1,764.5,527.6,236.9,1
799,XP_008038849.1,770.1,470.3,299.8,1,790.1,521.2,268.9,1
800,OAL43114.1,716.3,400.8,315.5,1,699,459,240,1
801,PMD35591.1,772.4,458.1,314.3,1,766,509.6,256.4,1
802,PGH01701.1,706.6,394.4,312.2,1,690.4,456.9,233.5,1
803,PAV19410.1,773.3,462.2,311.1,1,789.8,512.5,277.3,1
804,BAF57466.1,708.6,421,287.6,1,721.8,467.4,254.4,1
805,KDQ27075.1,802.1,494.7,307.4,1,762.4,527.2,235.2,1
806,KEP49443.1,765.5,495.3,270.2,1,770.5,527.4,243.1,1
807,AKV16370.1,728,418.3,309.7,1,734.8,471.7,263.1,1
808,RDX54300.1,760.6,469.9,290.7,1,789.6,518.9,270.7,1
809,XP_014558768.1,713.3,400.8,312.5,1,696.8,465,231.8,1
810,XP_001933075.1,704.7,374.9,329.8,1,682.8,421.6,261.2,1
811,ORY17463.1,696.1,373.9,322.2,1,672.1,435.3,236.8,1
812,KIK60233.1,743.1,442.5,300.6,1,732.9,487.7,245.2,1
813,RPD82270.1,762.2,474,288.2,1,792.3,522.2,270.1,1
814,PSK38141.1,750.6,451.8,298.8,1,745.2,499.1,246.1,1
815,BAF57469.1,706.3,418.1,288.2,1,718.3,465,253.3,1
816,XP_016642695.1,666.2,375.2,291,1,678.2,440.4,237.8,1
817,RPB06341.1,730.8,451.8,279,1,727.5,489.3,238.2,1
818,ESK92212.1,763,446.3,316.7,1,778.9,509.3,269.6,1
819,KNZ72273.1,717.6,458.8,258.8,1,714.7,492.9,221.8,1
820,KDN35441.1,749.6,471.6,278,1,748.2,509,239.2,1
821,XP_014081814.1,712,403.5,308.5,1,697.7,466.5,231.2,1
822,OAL03950.1,761.9,444.9,317,1,739.9,495.9,244,1
823,XP_016638786.1,698,362.7,335.3,1,693.1,421,272.1,1
824,XP_008028120.1,713.9,401.9,312,1,702.5,465.6,236.9,1
825,RMZ14681.1,717.2,439.4,277.8,1,716.1,487,229.1,1
826,RMZ10341.1,714,435.5,278.5,1,713.4,485.3,228.1,1
827,KKY31709.1,668.9,355.9,313,1,672,413.1,258.9,1
828,OSD03237.1,758.7,478.4,280.3,1,780.5,527.7,252.8,1
829,KDQ26525.1,747.8,466.9,280.9,1,761.6,513.4,248.2,1
830,RMY69095.1,720,441.4,278.6,1,717.8,489.5,228.3,1
831,KIO25552.1,778.1,494,284.1,1,758.9,533.7,225.2,1
832,RMX73146.1,719.2,436.5,282.7,1,718.5,486.1,232.4,1
833,KFH41332.1,675,368.4,306.6,1,678.3,424.4,253.9,1
834,ENH88787.1,664.2,367.8,296.4,1,672.5,427.6,244.9,1
835,BAF57465.1,709.1,421.1,288,1,723.6,469.6,254,1
836,CUA69914.1,751.8,470.9,280.9,1,749,505.8,243.2,1
837,OTA88550.1,687.4,385.8,301.6,1,682.4,448,234.4,1
838,RMY02589.1,712.9,434.6,278.3,1,714.1,485.4,228.7,1
839,RMY53321.1,713.7,435,278.7,1,714.4,485.7,228.7,1
840,XP_003843719.1,701.9,402.4,299.5,1,696.4,467.4,229,1
841,CCO30076.1,765.8,487.5,278.3,1,770.5,523.7,246.8,1
842,ELA27029.1,722.7,323.5,399.2,1,623.9,381.4,242.5,1
843,CDO75516.1,757.3,473.4,283.9,1,779.3,522.2,257.1,1
844,OTA30394.1,714.9,438.4,276.5,1,714.7,487.4,227.3,1
845,PKS12972.1,664.4,374.8,289.6,1,673.2,438.7,234.5,1
846,RMY99278.1,716.3,437.9,278.4,1,716.6,487.9,228.7,1
847,AUS45847.1,688,360.8,327.2,1,691.4,422.2,269.2,1
848,KDQ27077.1,783.4,471.7,311.7,1,749.5,510.8,238.7,1
849,POS79930.1,675.4,361.4,314,1,677.2,420.1,257.1,1
850,PNS18699.1,744.9,456.8,288.1,1,743.9,503.8,240.1,1
851,RKU45105.1,686.2,379.3,306.9,1,686.5,441.8,244.7,1
852,CZT48618.1,717.4,450.3,267.1,1,706.1,507.9,198.2,1
853,XP_007840019.1,691.7,362.7,329,1,693.2,424.2,269,1
854,CAK18798.1,799.7,493.4,306.3,1,760.8,525.6,235.2,1
855,KNG51834.1,682.7,396.1,286.6,1,666.7,448.7,218,1
856,OMP88934.1,738.6,473.3,265.3,1,745.1,522.9,222.2,1
857,KIY62172.1,760,465.2,294.8,1,765.5,512.4,253.1,1
858,KFY21962.1,768.3,451.1,317.2,1,714.4,499.2,215.2,1
859,PAV19520.1,770.7,470.7,300,1,786.1,519.6,266.5,1
860,EMR67607.1,672.9,369.9,303,1,668.1,421.8,246.3,1
861,EMR70594.1,668.2,379,289.2,1,662.3,436.6,225.7,1
862,OTA52586.1,687,384.5,302.5,1,681.9,446.6,235.3,1
863,BAF57467.1,713.1,425.2,287.9,1,726.1,472.3,253.8,1
864,XP_008032771.1,761.1,478.9,282.2,1,777.2,529.7,247.5,1
865,RMY19941.1,715.8,436.1,279.7,1,715.8,486,229.8,1
866,XP_003039008.1,750.6,463,287.6,1,767.3,511.7,255.6,1
867,KDN38910.1,762.6,486.3,276.3,1,766.9,522.1,244.8,1
868,XP_001836368.1,754,468.5,285.5,1,758,518.3,239.7,1
869,CZR52247.1,771.3,462.4,308.9,1,758.8,516.4,242.4,1
870,KFY51671.1,770,444.5,325.5,1,721.5,502.9,218.6,1
871,KFA77967.1,665.5,348.9,316.6,1,660.1,403.1,257,1
872,RDI80553.1,723.1,404.9,318.2,1,710.8,470.6,240.2,1
873,XP_003029269.1,770.9,453.6,317.3,1,770.6,506.1,264.5,1
874,OQO28419.1,728.8,442.3,286.5,1,718.8,480.3,238.5,1
875,PBK93641.1,745.9,460.9,285,1,762.1,505.2,256.9,1
876,PPR00362.1,882.1,509,373.1,1,817.1,555.3,261.8,1
877,OQO14372.1,724.2,441.6,282.6,1,717.7,478.9,238.8,1
878,KDQ27097.1,793.2,489,304.2,1,759.8,524.5,235.3,1
879,KIO28512.1,766.4,488.8,277.6,1,739.2,528.3,210.9,1
880,PKS05014.1,698.2,368.1,330.1,1,697.2,431.8,265.4,1
881,PBK69204.1,751,464.6,286.4,1,771.9,510,261.9,1
882,RMZ73897.1,696.2,370.2,326,1,676.1,417.2,258.9,1
883,XP_001841626.1,750.7,463.6,287.1,1,753.9,513.4,240.5,1
884,CCO35084.1,752.2,471.4,280.8,1,752.1,508.2,243.9,1
885,XP_001836369.1,756.3,465.8,290.5,1,759.5,518.6,240.9,1
886,KZP24059.1,706.4,451.3,255.1,1,695.8,507.2,188.6,1
887,XP_001836370.2,758.2,459.8,298.4,1,756,515.6,240.4,1
888,KZT04277.1,732,425.5,306.5,1,732.2,471,261.2,1
889,XP_003666507.1,662.3,367.8,294.5,1,667.1,423.3,243.8,1
890,RPD82393.1,751,471.4,279.6,1,774.8,522.2,252.6,1
891,XP_003713026.1,663.5,354.3,309.2,1,666.2,415.2,251,1
892,EUC55051.1,750.1,468.5,281.6,1,748.9,508.6,240.3,1
893,BAF57302.1,714.5,439,275.5,1,722.8,489.5,233.3,1
894,OJT15939.1,759.5,478.3,281.2,1,775.8,528.8,247,1
895,OCB92091.1,781.5,463.8,317.7,1,759.6,491.9,267.7,1
896,XP_020133671.1,736.7,472.1,264.6,1,742.3,521.4,220.9,1
897,KEQ63408.1,710.5,429.8,280.7,1,711.8,481.6,230.2,1
898,EOD46148.1,712.4,470.9,241.5,1,719.5,511.7,207.8,1
899,XP_007307038.1,730.9,448.3,282.6,1,741.4,497.8,243.6,1
900,OHW90568.1,663.8,379.7,284.1,1,669.5,432.7,236.8,1
901,XP_001836367.2,743.1,458.1,285,1,746.3,507.2,239.1,1
902,XP_013346232.1,699.2,427.2,272,1,704.5,477.4,227.1,1
903,XP_013424832.1,705.7,432,273.7,1,710,482.3,227.7,1
904,PPR02243.1,2357.8,1336,1021.8,1,802.7,517.9,284.8,1
905,PBK99760.1,752.9,466.9,286,1,775.8,513.1,262.7,1
906,PSN60342.1,761.6,471.5,290.1,1,769.8,524.8,245,1
907,BAF57464.1,707.2,416.8,290.4,1,721.6,467.6,254,1
908,KFX93646.1,627.5,332,295.5,1,606.1,368.6,237.5,1
909,POS72206.1,654.9,348.6,306.3,1,657.5,410.6,246.9,1
910,1GPI_A,755.7,486,269.7,1,739.8,528.5,211.3,1
911,CCA72657.1,807.7,459.4,348.3,1,763.2,509.4,253.8,1
912,XP_008086857.1,757.7,463.7,294,1,748.7,513.8,234.9,1
913,BAF57422.1,696,394.9,301.1,1,690.1,439,251.1,1
914,KXH35616.1,661.6,372.3,289.3,1,670.3,427.9,242.4,1
915,OJT14401.1,732,468.4,263.6,1,758.2,518.2,240,1
916,PKS11792.1,679.4,376.2,303.2,1,688.7,435.5,253.2,1
917,XP_957090.1,666,357.6,308.4,1,673.2,411.1,262.1,1
918,CAK18800.1,794.4,483.6,310.8,1,760.5,522.8,237.7,1
919,RDX51039.1,756,472,284,1,772.5,524.9,247.6,1
920,XP_009854730.1,663.1,356.3,306.8,1,670.6,409.3,261.3,1
921,XP_018153042.1,660.1,376.4,283.7,1,668.8,430.5,238.3,1
922,XP_009223722.1,675.5,355.9,319.6,1,677.5,414.7,262.8,1
923,KIY52887.1,754.8,450.7,304.1,1,753.7,497.5,256.2,1
924,EXF80042.1,659.9,370,289.9,1,671.9,426.5,245.4,1
925,SJL13626.1,747.8,462.5,285.3,1,763.9,506.5,257.4,1
926,XP_022469744.1,665.6,371.1,294.5,1,673.4,428.5,244.9,1
927,BAF57344.1,709.4,426.9,282.5,1,716.3,479.5,236.8,1
928,ORY01420.1,634.5,346.8,287.7,1,616.7,408.2,208.5,1
929,PNH75077.1,698.6,358.3,340.3,1,649.5,416.4,233.1,1
930,XP_008097850.1,657.2,373.7,283.5,1,667.5,428.5,239,1
931,EHL02858.1,723.6,398.7,324.9,1,690.4,443.2,247.2,1
932,KXH25440.1,657.9,373.5,284.4,1,670,429.4,240.6,1
933,PNH44921.1,692,361.8,330.2,1,642.5,419.7,222.8,1
934,KXX74766.1,660.6,363.7,296.9,1,668.6,415.3,253.3,1
935,XP_009219280.1,670.3,376.1,294.2,1,680.9,432.8,248.1,1
936,PNH54421.1,699.8,361,338.8,1,649.1,417.9,231.2,1
937,BAF57425.1,681.9,391.7,290.2,1,682.7,439.9,242.8,1
938,OTA32062.1,719.6,445.2,274.4,1,724,488.8,235.2,1
939,KXH62831.1,657.4,371.8,285.6,1,668.7,426,242.7,1
940,KXJ88849.1,667.8,370.8,297,1,654.1,434.3,219.8,1
941,XP_001225986.1,652.1,362.4,289.7,1,660.1,415.1,245,1
942,AGM32530.1,701.8,404.7,297.1,1,712,451.1,260.9,1
943,XP_008039631.1,752.6,482.1,270.5,1,770.9,535.1,235.8,1
944,KLU82461.1,669.7,372.4,297.3,1,680.9,428.9,252,1
945,BAF57418.1,692,395.6,296.4,1,687.4,439.3,248.1,1
946,AAD31545.1,662.5,368.7,293.8,1,671.6,421.4,250.2,1
947,BAF57423.1,681.1,389.1,292,1,676.9,437.5,239.4,1
948,OJT07201.1,755.2,483.4,271.8,1,772.7,535,237.7,1
949,PBP16287.1,688.7,403.2,285.5,1,686.1,438.2,247.9,1
950,EEB91979.1,741.7,445.3,296.4,1,757.3,500.5,256.8,1
951,RKU46180.1,745.8,463.1,282.7,1,744.2,519.5,224.7,1
952,XP_016645838.1,676,374.4,301.6,1,686.8,437.4,249.4,1
953,XP_003720331.1,640.1,365.6,274.5,1,655.9,421.1,234.8,1
954,RMY71362.1,712.6,444.5,268.1,1,720.1,488.6,231.5,1
955,XP_003344013.1,665.5,360.4,305.1,1,671.6,411.9,259.7,1
956,KDN68452.1,634,357.6,276.4,1,651.9,407.7,244.2,1
957,OLN96277.1,643.7,372.6,271.1,1,654.6,426.4,228.2,1
958,AAY89412.2,656.5,369.7,286.8,1,669.6,428.5,241.1,1
959,ELA23474.1,657,372.4,284.6,1,672.8,428,244.8,1
960,KUF92630.1,697.9,406.2,291.7,1,703.8,452.1,251.7,1
961,KDQ59063.1,686.7,383.8,302.9,1,629.6,427.3,202.3,1
962,BAF57342.1,701.9,399.1,302.8,1,703.5,455.9,247.6,1
963,OBT66153.1,716.3,453.9,262.4,1,720.8,500.8,220,1
964,BAF57377.1,686,385.5,300.5,1,679.7,442,237.7,1
965,CUA77027.1,780.1,481.7,298.4,1,690.8,493.6,197.2,1
966,KZL73896.1,644,376.7,267.3,1,652.8,426.5,226.3,1
967,OTA25199.1,711,444.7,266.3,1,718,487.5,230.5,1
968,RMX88744.1,707.5,438.9,268.6,1,711.3,487.1,224.2,1
969,XP_009520749.1,694.2,409.4,284.8,1,698.9,459.2,239.7,1
970,BAF57468.1,693.1,421.3,271.8,1,707,468.3,238.7,1
971,OBT55890.1,681.3,361.5,319.8,1,650,404.1,245.9,1
972,ADB85437.1,661,391.3,269.7,1,668.8,444.4,224.4,1
973,BAF57390.1,685.1,378.4,306.7,1,678.5,436.3,242.2,1
974,RLN21556.1,693.3,427.8,265.5,1,710.3,480.2,230.1,1
975,OBT72953.1,713,448,265,1,718.3,493.3,225,1
976,KFZ02543.1,721.4,454.4,267,1,723.1,503.4,219.7,1
977,ROT42574.1,669.5,341.8,327.7,1,638.5,410.6,227.9,1
978,GAP88326.2,692.8,395,297.8,1,665.6,432.4,233.2,1
979,KFA53816.1,640.4,322.1,318.3,1,633.8,372.4,261.4,1
980,KEQ84078.1,696,420.7,275.3,1,699.7,470.7,229,1
981,KFZ18927.1,713.2,453.1,260.1,1,718.3,501.3,217,1
982,XP_001801296.1,659.3,369.4,289.9,1,645.3,419.7,225.6,1
983,OIW34407.1,742.8,452.5,290.3,1,740.3,509,231.3,1
984,AAF70171.1,651.2,375.8,275.4,1,650.9,437.2,213.7,1
985,XP_007384072.1,730.5,423.1,307.4,1,658.6,451.5,207.1,1
986,RLN59059.1,703.7,433,270.7,1,710.8,483.1,227.7,1
987,XP_008914865.1,703.9,410.7,293.2,1,709.6,457.8,251.8,1
988,KEY69210.1,640.2,322,318.2,1,633.6,372.3,261.3,1
989,BAF57376.1,679.8,377,302.8,1,671.8,428.2,243.6,1
990,KFH44057.1,640.8,367.2,273.6,1,648.2,423.1,225.1,1
991,KFY65682.1,713.8,447.6,266.2,1,719.4,497.7,221.7,1
992,ADB85438.1,663,392.4,270.6,1,669.2,447,222.2,1
993,XP_007415254.1,705.3,437.7,267.6,1,721.4,499.3,222.1,1
994,BAF57389.1,672.8,371.4,301.4,1,662.3,425.2,237.1,1
995,XP_007914695.1,745.1,450.5,294.6,1,737.2,505.4,231.8,1
996,OBW67285.1,696.3,422.4,273.9,1,700,472.2,227.8,1
997,RMX96929.1,698.2,429.7,268.5,1,701.2,478.4,222.8,1
998,ETL25714.1,689,416.3,272.7,1,688.1,463.8,224.3,1
999,XP_003658767.1,750.4,462.4,288,1,750,522.4,227.6,1
1000,RAW36579.1,705.7,412.7,293,1,714.3,460.4,253.9,1
1001,ETI31880.1,688.9,416.1,272.8,1,688.3,463.9,224.4,1
1002,VBB83558.1,649.5,368.6,280.9,1,660.4,422.3,238.1,1
1003,BAF57382.1,687.8,382.6,305.2,1,684.2,441,243.2,1
1004,XP_002904776.1,699.7,418.2,281.5,1,708.3,466.8,241.5,1
1005,XP_024583820.1,700,421.4,278.6,1,703.8,470.3,233.5,1
1006,KDN38341.1,682.8,441,241.8,1,632.7,464.2,168.5,1
1007,RMX93140.1,697,429.6,267.4,1,700.8,479.8,221,1
1008,BAF57343.1,680.2,421.6,258.6,1,694,473.3,220.7,1
1009,KFY13943.1,713.6,454.3,259.3,1,719,501.1,217.9,1
1010,RLN91031.1,678.7,441.6,237.1,1,690.7,487.6,203.1,1
1011,CEL53487.1,710.2,442.5,267.7,1,710.3,468.5,241.8,1
1012,ETM44625.1,680.4,446.7,233.7,1,698.3,493.1,205.2,1
1013,RMY64541.1,703.2,433.7,269.5,1,692.5,465.7,226.8,1
1014,XP_007415255.1,709.3,450.7,258.6,1,716,504.3,211.7,1
1015,BAF57394.1,675.1,372.5,302.6,1,669.3,424.7,244.6,1
1016,AUS45832.1,747.5,456.9,290.6,1,745.2,517.6,227.6,1
1017,CAD56667.1,640.1,357.7,282.4,1,656.6,417.5,239.1,1
1018,XP_002902727.1,674.3,440.6,233.7,1,690.4,484.2,206.2,1
1019,OBT41306.1,720.2,454.9,265.3,1,725.3,501.5,223.8,1
1020,KFY03061.1,711.6,453.6,258,1,717.6,500.8,216.8,1
1021,KZS17998.1,681.6,413.3,268.3,1,709,474.7,234.3,1
1022,RAW36580.1,681.8,423.9,257.9,1,682.1,455.1,227,1
1023,CRK13805.1,640.5,360,280.5,1,651.2,419.3,231.9,1
1024,KFY31136.1,706.4,449.5,256.9,1,715.8,502.6,213.2,1
1025,2RFW_A,628.9,343.6,285.3,1,645.2,405.3,239.9,1
1026,XP_001220726.1,735.4,438.8,296.6,1,730.1,498.3,231.8,1
1027,XP_007416070.1,712.3,429.4,282.9,1,722.5,488,234.5,1
1028,KJA18704.1,693.1,415,278.1,1,670.1,457.3,212.8,1
1029,PNH68923.1,639,361.5,277.5,1,651.2,419.6,231.6,1
1030,KFX89304.1,719.7,457.9,261.8,1,723.7,503.4,220.3,1
1031,XP_016643068.1,635.8,375.9,259.9,1,647.5,435.3,212.2,1
1032,RPA73165.1,719.2,455.9,263.3,1,734.4,508,226.4,1
1033,OWZ06396.1,681.3,421.6,259.7,1,698.7,470.4,228.3,1
1034,XP_009531399.1,671.4,446.4,225,1,686.9,489.5,197.4,1
1035,RAW25327.1,678.8,448.2,230.6,1,695.1,490.6,204.5,1
1036,KZP08603.1,669.1,358.5,310.6,1,586.8,399.9,186.9,1
1037,RMZ23105.1,637.1,386.1,251,1,635.4,433.4,202,1
1038,4GWA_A,649.6,384.8,264.8,1,653.8,436.7,217.1,1
1039,OQO30258.1,716.6,393.5,323.1,1,656.6,431.2,225.4,1
1040,XP_003007044.1,638.9,342.9,296,1,564.9,399.7,165.2,1
1041,XP_020434714.1,594.1,342.4,251.7,1,565.6,370.8,194.8,1
1042,CCA94937.1,688.7,419.7,269,1,701.2,480.2,221,1
1043,RMY07970.1,675.3,417.7,257.6,1,678.4,466.2,212.2,1
1044,KKY34535.1,735.4,450.8,284.6,1,730.6,500.1,230.5,1
1045,RLN66020.1,682.6,416.2,266.4,1,685.9,457.8,228.1,1
1046,XP_018027108.1,678,414,264,1,698.5,471.6,226.9,1
1047,RMX63785.1,678.6,398,280.6,1,677.4,440.8,236.6,1
1048,XP_009651846.1,621.2,351.5,269.7,1,635.5,407.7,227.8,1
1049,POS74672.1,716.2,443.9,272.3,1,717.2,490.4,226.8,1
1050,KXX74890.1,737.8,458.4,279.4,1,731.4,519.2,212.2,1
1051,RLN64642.1,673.9,437.6,236.3,1,690.9,482.5,208.4,1
1052,KEY69583.1,621.9,340.4,281.5,1,625.8,403.4,222.4,1
1053,KNG49289.1,616.4,316.8,299.6,1,596.6,370.1,226.5,1
1054,XP_007396985.1,686.7,419.5,267.2,1,607.2,449.5,157.7,1
1055,GAP83183.1,640.8,365.6,275.2,1,630,426,204,1
1056,CCI48599.1,650.9,418.6,232.3,1,669.3,464.8,204.5,1
1057,RBQ76852.1,629.3,326.3,303,1,596.9,369.1,227.8,1
1058,BAF57299.1,644.6,379.7,264.9,1,658.7,432.6,226.1,1
1059,KFY43956.1,715.2,456.4,258.8,1,719.8,503.1,216.7,1
1060,ESZ97145.1,609.8,333.9,275.9,1,587.1,383.1,204,1
1061,KTB35046.1,683.3,400.4,282.9,1,696.8,451.7,245.1,1
1062,EFX85218.1,661.5,392.6,268.9,1,690,452,238,1
1063,RMZ16639.1,665.6,407.5,258.1,1,667.2,448.1,219.1,1
1064,KXT09663.1,723.3,434.7,288.6,1,722.8,488.7,234.1,1
1065,KDQ64434.1,671.9,426,245.9,1,666.7,451.1,215.6,1
1066,VBB72183.1,717.8,459.4,258.4,1,721.6,517.1,204.5,1
1067,RMX63503.1,669.5,436.3,233.2,1,685.4,484.6,200.8,1
1068,CCA21686.1,653.3,423.1,230.2,1,675.8,470.4,205.4,1
1069,PWO17817.1,618.6,343.1,275.5,1,600.6,376.9,223.7,1
1070,XP_007415325.1,701.8,448.9,252.9,1,713.7,492.5,221.2,1
1071,XP_011128405.1,774,452.2,321.8,1,710.2,498.9,211.3,1
1072,BAF57309.1,644.4,376.8,267.6,1,661.8,429.2,232.6,1
1073,OAL52628.1,628.1,337.3,290.8,1,636.7,395.7,241,1
1074,4XNN_A,650.7,385.1,265.6,1,677.1,442.6,234.5,1
1075,CCI50359.1,647.6,396.2,251.4,1,665.9,455.8,210.1,1
1076,PKS12553.1,632.4,371.6,260.8,1,646,435.5,210.5,1
1077,XP_024576735.1,660.6,442.3,218.3,1,683,487.5,195.5,1
1078,XP_007928914.1,722.3,443.8,278.5,1,724.8,493.9,230.9,1
1079,RLM96863.1,667.9,426.3,241.6,1,667.6,459.2,208.4,1
1080,AGT15839.1,648.4,376.8,271.6,1,658.3,429.4,228.9,1
1081,XP_023342726.1,674.5,401.5,273,1,694.6,453.3,241.3,1
1082,CAA38274.1,671.7,458.9,212.8,1,673.7,493.7,180,1
1083,BAF57313.1,645.3,374.9,270.4,1,663.9,428.6,235.3,1
1084,OAA61285.1,701.8,435.1,266.7,1,698.8,493.1,205.7,1
1085,EPS35170.1,730.8,456.8,274,1,684.6,475.4,209.2,1
1086,KZP29346.1,630.5,395,235.5,1,622.4,432.5,189.9,1
1087,KXT06251.1,721.5,437.1,284.4,1,724,495.7,228.3,1
1088,KFA62579.1,587.3,289.1,298.2,1,584.5,339.8,244.7,1
1089,ERS95138.1,722.8,430.7,292.1,1,721.5,490.9,230.6,1
1090,OBZ75906.1,669.8,366.5,303.3,1,616.2,394.3,221.9,1
1091,BAF57308.1,643.7,378.8,264.9,1,652.4,428.7,223.7,1
1092,AGT15840.1,659.7,369.3,290.4,1,666.2,433.5,232.7,1
1093,XP_006695708.1,721.9,451.3,270.6,1,721.3,522.8,198.5,1
1094,RLN77037.1,641.4,403.5,237.9,1,657.2,446.4,210.8,1
1095,KFA66814.1,610.4,322.2,288.2,1,610,375.1,234.9,1
1096,EME48496.1,701.1,418.4,282.7,1,701.6,474,227.6,1
1097,PKR97084.1,704.1,462.7,241.4,1,709.7,503.1,206.6,1
1098,XP_018027109.1,655.4,404.5,250.9,1,680.6,457.7,222.9,1
1099,KDN35459.1,648.6,422.4,226.2,1,653.2,449.1,204.1,1
1100,AGM37865.1,658.7,412.5,246.2,1,680.3,468.3,212,1
1101,KUF92628.1,624.6,390.3,234.3,1,631.5,427.2,204.3,1
1102,KKY35571.1,574.6,308.5,266.1,1,581.2,361.3,219.9,1
1103,EHK97530.1,583.7,299.4,284.3,1,559.7,348.8,210.9,1
1104,AGY80097.1,711.7,441.4,270.3,1,710.6,512.7,197.9,1
1105,BAF57307.1,641.5,371.3,270.2,1,650,424.2,225.8,1
1106,XP_009520751.1,579.6,331.9,247.7,1,593.8,367.2,226.6,1
1107,KIH87174.1,686.5,424.7,261.8,1,686.6,474.2,212.4,1
1108,ADB85439.1,596.8,378.4,218.4,1,606.8,424.4,182.4,1
1109,BAF57301.1,642.6,364.5,278.1,1,648,416.9,231.1,1
1110,BAF57312.1,638.8,362.6,276.2,1,644.5,413.5,231,1
1111,OLQ02135.1,622.5,442.3,180.2,1,658.8,475.8,183,1
1112,BAF57297.1,640.9,369.1,271.8,1,649.8,420.5,229.3,1
1113,PLW42863.1,643.3,397.1,246.2,1,654.3,454.1,200.2,1
1114,XP_003852232.1,641.3,429.3,212,1,667.6,476.3,191.3,1
1115,XP_023450325.1,683.7,447,236.7,1,695.7,496.5,199.2,1
1116,KJX99444.1,644.6,431.7,212.9,1,671.2,478.6,192.6,1
1117,GAT53668.1,572,311.7,260.3,1,553.1,374.3,178.8,1
1118,BAG71491.1,631.6,355.2,276.4,1,636.4,405.1,231.3,1
1119,CAA38275.1,651.6,405.4,246.2,1,607.4,434.2,173.2,1
1120,PVF96109.1,632.7,395.5,237.2,1,640.3,427.5,212.8,1
1121,PLW28074.1,653.7,407.2,246.5,1,660.5,463.7,196.8,1
1122,OBT59441.1,643.1,405.6,237.5,1,648.4,448.9,199.5,1
1123,GAT45916.1,613.1,365.8,247.3,1,556.3,400,156.3,1
1124,BAF57311.1,635.3,360.3,275,1,643.2,412.7,230.5,1
1125,OAV97568.1,644.6,391.6,253,1,652.6,447.2,205.4,1
1126,KIJ47804.1,612.8,373.6,239.2,1,600.1,403.8,196.3,1
1127,OAV97564.1,640.6,385.7,254.9,1,655.2,443.4,211.8,1
1128,XP_003331905.1,659.1,405.6,253.5,1,665,464,201,1
1129,KNE97073.1,633.4,406.4,227,1,641.4,461.2,180.2,1
1130,KNZ59188.1,633.3,387.6,245.7,1,641.5,440.6,200.9,1
1131,XP_016592602.1,685.6,414.1,271.5,1,693.7,462.8,230.9,1
1132,ADG63074.1,624.7,428.6,196.1,1,651.6,463,188.6,1
1133,XP_009520750.1,584.2,340.4,243.8,1,593.7,385.5,208.2,1
1134,KEP49444.1,614.2,420.6,193.6,1,646,449.7,196.3,1
1135,EUC56220.1,612.5,418.7,193.8,1,644.5,447.7,196.8,1
1136,PPJ50236.1,682.4,446.3,236.1,1,692.8,495.4,197.4,1
1137,EKG18618.1,624.3,326.9,297.4,1,595,372.7,222.3,1
1138,ADG63073.1,605.9,412.1,193.8,1,630.8,454.4,176.4,1
1139,KNE99496.1,636.9,392,244.9,1,645.7,449.5,196.2,1
1140,ASK39989.1,597.1,408.9,188.2,1,595.6,436.1,159.5,1
1141,KXX73231.1,556.9,330.2,226.7,1,563.2,384.5,178.7,1
1142,XP_003331897.1,667.5,414.5,253,1,670.9,471.9,199,1
1143,KNZ56975.1,627.4,403.4,224,1,642.8,458.1,184.7,1
1144,OLQ08924.1,662.7,384.3,278.4,1,626.8,434.7,192.1,1
1145,POW10034.1,918.6,552.3,366.3,1,603.6,437.2,166.4,1
1146,KIO27501.1,579.9,383.4,196.5,1,569.3,428.1,141.2,1
1147,GAY02858.1,591.5,375.2,216.3,1,611.6,422.8,188.8,1
1148,KNE99526.1,642.9,382.5,260.4,1,642.5,440.6,201.9,1
1149,AGU16949.1,620.7,278.9,341.8,1,582.6,327.7,254.9,1
1150,CDF76458.1,610.9,288.4,322.5,1,516.8,335,181.8,1
1151,KIO21212.1,597.9,406.7,191.2,1,596.1,440.2,155.9,1
1152,KIO23989.1,608.4,386.3,222.1,1,566.2,434,132.2,1
1153,KIO27347.1,564.1,381.4,182.7,1,579.6,405.8,173.8,1
1154,XP_003325148.2,589.6,398.6,191,1,603.1,454.3,148.8,1
1155,KZV87842.1,545.1,284,261.1,1,481,311.8,169.2,1
1156,XP_018030115.1,565.6,368.6,197,1,594.7,410.7,184,1
1157,XP_007412481.1,572.7,463.2,109.5,1,576,505,71,1
1158,CDW73805.1,542.1,405.1,137,1,559.7,445.6,114.1,1
1159,CCO34556.1,584,347.4,236.6,1,540.9,378.9,162,1
1160,OAV91121.1,582.4,383.8,198.6,1,604.7,444.3,160.4,1
1161,OCL07667.1,588.9,545.8,43.1,1,620.8,590.7,30.1,1
1162,RBQ79249.1,500.6,296.8,203.8,1,511.4,347.7,163.7,1
1163,CUA77171.1,567.1,383.8,183.3,1,569.5,406.7,162.8,1
1164,KXH37027.1,519.9,299.8,220.1,1,527.1,356.1,171,1
1165,CRK21343.1,490.1,290.5,199.6,1,502.7,341.6,161.1,1
1166,RLN02619.1,510,354.6,155.4,1,519.2,386.1,133.1,1
1167,OLP86078.1,603.8,352.4,251.4,1,580.6,406.6,174,1
1168,CRK18119.1,490.9,291.2,199.7,1,502.8,341.8,161,1
1169,ORY13610.1,566.9,378.4,188.5,1,584.5,426.3,158.2,1
1170,AAD41096.2,531.1,300.8,230.3,1,562.2,322.9,239.3,1
1171,GAT55931.1,511.9,451.8,60.1,1,513.6,470.5,43.1,1
1172,CRK17239.1,482.4,304.3,178.1,1,493.5,345.8,147.7,1
1173,POW05784.1,1196.6,702.5,494.1,1,585.7,379.9,205.8,1
1174,PPQ80913.1,550.7,281.9,268.8,1,481.1,323.4,157.7,1
1175,RDL41000.1,544.6,537.4,7.2,1,580.4,581.1,-0.7,0
1176,XP_005770716.1,532.7,384.2,148.5,1,568.2,422.2,146,1
1177,KFY27597.1,572,365.1,206.9,1,584.1,400,184.1,1
1178,XP_003325151.1,541.3,374.5,166.8,1,561.6,421.3,140.3,1
1179,XP_008899321.1,518.5,409.4,109.1,1,537.4,447.4,90,1
1180,RDI79222.1,519.5,445,74.5,1,535.7,482.8,52.9,1
1181,OIW32764.1,534.3,539.7,-5.4,0,552.5,592,-39.5,0
1182,KZP14046.1,472.7,447.9,24.8,1,452.7,485,-32.3,0
1183,AGM37866.1,526.1,418.7,107.4,1,573.4,447.3,126.1,1
1184,RLN55379.1,506,405.9,100.1,1,527.7,445.5,82.2,1
1185,EJY73874.1,502.5,408.2,94.3,1,527.1,441.4,85.7,1
1186,KXH42464.1,506.6,292.5,214.1,1,518.1,347.2,170.9,1
1187,RLN74543.1,503.1,403.2,99.9,1,525.3,442.6,82.7,1
1188,OLQ05972.1,578.6,360.7,217.9,1,598.7,420.3,178.4,1
1189,KZL71246.1,479.4,290.2,189.2,1,491.2,335.9,155.3,1
1190,OWZ04342.1,514.2,410.6,103.6,1,534.4,451.3,83.1,1
1191,PPR04123.1,484.9,453.9,31,1,513.4,503.8,9.6,1
1192,POW08321.1,559,342.3,216.7,1,569.8,395.6,174.2,1
1193,GAW03175.1,525.3,320.2,205.1,1,519.9,347.1,172.8,1
1194,KDQ28730.1,507.7,376.6,131.1,1,531.9,419.1,112.8,1
1195,CZR67134.1,511.7,532.9,-21.2,0,550.7,569.2,-18.5,0
1196,RNJ57994.1,483.6,278.7,204.9,1,482.6,317.2,165.4,1
1197,KOO34745.1,485.4,307.2,178.2,1,489.5,349.8,139.7,1
1198,XP_018158912.1,475.1,308,167.1,1,489.8,351,138.8,1
1199,RAW39452.1,506.2,409,97.2,1,524.1,445.9,78.2,1
1200,XP_009527020.1,501.9,380.3,121.6,1,516.3,415.4,100.9,1
1201,KZL85552.1,472.1,295.8,176.3,1,486.3,343.4,142.9,1
1202,OWY98412.1,486,402.5,83.5,1,510.3,437.9,72.4,1
1203,XP_009656772.1,475,273.1,201.9,1,484.8,319.3,165.5,1
1204,XP_024740754.1,516.1,504.3,11.8,1,538.7,546.3,-7.6,0
1205,ELA23765.1,484.2,302.6,181.6,1,491.9,357.7,134.2,1
1206,KFA69645.1,478.5,277.5,201,1,489.5,325.8,163.7,1
1207,CRK24563.1,997,547.3,449.7,1,894.8,613.5,281.3,1
1208,KDR71392.1,475.3,450.4,24.9,1,506,491.8,14.2,1
1209,PVF94990.1,534,322.7,211.3,1,538.6,356.6,182,1
1210,CRK47348.1,471.8,268.4,203.4,1,469.1,301.9,167.2,1
1211,AUS45846.1,521.4,526.6,-5.2,0,541.3,574.7,-33.4,0
1212,RDW67636.1,495,447.7,47.3,1,513.2,480.9,32.3,1
1213,ETL48594.1,497.2,391.2,106,1,520.1,430.1,90,1
1214,PPQ70801.1,480.6,460.5,20.1,1,508.7,500.4,8.3,1
1215,XP_008899317.1,498.7,390.9,107.8,1,521.7,430.1,91.6,1
1216,XP_959111.2,508,537.4,-29.4,0,530.9,576.5,-45.6,0
1217,XP_009527014.1,418.4,327.7,90.7,1,434,366.4,67.6,1
1218,OWZ15611.1,497.8,405.1,92.7,1,517.5,444.6,72.9,1
1219,KOO34509.1,549.9,355.6,194.3,1,546.7,400,146.7,1
1220,EQB46374.1,484.4,305.6,178.8,1,495.5,359.3,136.2,1
1221,KIO27496.1,477.8,344,133.8,1,474.1,369.5,104.6,1
1222,CRK16418.1,468.5,266.7,201.8,1,469.1,301.9,167.2,1
1223,ENH83949.1,452.1,303,149.1,1,458.7,344.4,114.3,1
1224,XP_008084879.1,469.8,338.2,131.6,1,483.4,392.9,90.5,1
1225,ENH77549.1,472.5,305.3,167.2,1,486.5,355.2,131.3,1
1226,KHE79882.1,505.6,533.8,-28.2,0,528.7,573.3,-44.6,0
1227,XP_018073185.1,451.7,610.5,-158.8,0,414,635.2,-221.2,0
1228,CZR58529.1,448.9,609.1,-160.2,0,422.5,636.5,-214,0
1229,PMD41034.1,476.2,457.1,19.1,1,496.1,488.3,7.8,1
1230,XP_025374359.1,480.7,261.5,219.2,1,469.2,318.2,151,1
1231,XP_009848981.1,506.1,532.8,-26.7,0,528.3,574.3,-46,0
1232,XP_018014717.1,476.9,404.1,72.8,1,513.3,428,85.3,1
1233,XP_009530495.1,466.9,376,90.9,1,484.6,413,71.6,1
1234,PMD36249.1,474.8,519.6,-44.8,0,505.8,562.4,-56.6,0
1235,BAF57304.1,521.4,309.1,212.3,1,535.9,344.2,191.7,1
1236,KNE97054.1,499,348.5,150.5,1,504.2,381.5,122.7,1
1237,KXX81013.1,489.2,281.4,207.8,1,496.9,329.4,167.5,1
1238,KJA25670.1,478.9,433,45.9,1,504.4,482.7,21.7,1
1239,XP_018027093.1,477.7,391.6,86.1,1,525.8,426.3,99.5,1
1240,KEY83715.1,452.6,610.3,-157.7,0,400.5,638.1,-237.6,0
1241,XP_018061549.1,511.6,528.5,-16.9,0,548.4,568.8,-20.4,0
1242,KDQ32063.1,497.5,379.4,118.1,1,533.9,407,126.9,1
1243,POW08326.1,488.4,307.3,181.1,1,493.4,360,133.4,1
1244,AAY83392.1,484.4,297.4,187,1,499.9,338.1,161.8,1
1245,XP_018027094.1,467.4,386.3,81.1,1,501.4,424.9,76.5,1
1246,OIW30456.1,451,611.1,-160.1,0,409.2,615.3,-206.1,0
1247,RAO66627.1,462.6,587.6,-125,0,423.5,628.9,-205.4,0
1248,XP_003320017.1,493.5,385.3,108.2,1,514.6,435.5,79.1,1
1249,XP_002477827.1,446.3,549.9,-103.6,0,400.4,584.9,-184.5,0
1250,CCI10223.1,462.4,342.3,120.1,1,483.7,399.1,84.6,1
1251,XP_003000063.1,425,250.7,174.3,1,442,294.7,147.3,1
1252,GAO84310.1,445.1,607.1,-162,0,399,632.6,-233.6,0
1253,OBT55658.1,449.1,610.2,-161.1,0,416.7,629.9,-213.2,0
1254,XP_018027096.1,469.7,392.9,76.8,1,508.7,422.7,86,1
1255,GAT53667.1,457,258.1,198.9,1,445.4,301.7,143.7,1
1256,EJK65697.1,525.2,353.3,171.9,1,555.4,389.5,165.9,1
1257,XP_007409501.1,464.9,363.8,101.1,1,474.7,419.5,55.2,1
1258,RLL95915.1,440.6,613.7,-173.1,0,397.2,635.4,-238.2,0
1259,AGU68559.1,435.8,599.7,-163.9,0,391.2,628.3,-237.1,0
1260,XP_018027095.1,466.7,368.1,98.6,1,516.7,400.3,116.4,1
1261,AEG74551.1,461.2,591.3,-130.1,0,422.6,629.8,-207.2,0
1262,XP_001257357.1,446.6,605.3,-158.7,0,396.8,634.9,-238.1,0
1263,RHZ56946.1,444.3,611.5,-167.2,0,395,634.3,-239.3,0
1264,XP_003349007.2,482.6,512.5,-29.9,0,493.5,541.6,-48.1,0
1265,KKP04531.1,396,589.5,-193.5,0,361,577.3,-216.3,0
1266,CRG91303.1,434.4,615.4,-181,0,459.5,615.1,-155.6,0
1267,KIO27346.1,429.2,281.3,147.9,1,433,320,113,1
1268,OLQ01063.1,483,340,143,1,497,366.7,130.3,1
1269,ATQ35969.1,428.9,607.7,-178.8,0,455.3,611.1,-155.8,0
1270,GAQ03870.1,436.6,600.7,-164.1,0,389,632.7,-243.7,0
1271,EPS37981.1,468.8,482.7,-13.9,0,508.7,516.6,-7.9,0
1272,XP_022384332.1,444.7,705.9,-261.2,0,473.1,655.4,-182.3,0
1273,PCH04144.1,459.1,588.7,-129.6,0,420.7,629.3,-208.6,0
1274,OBT72511.1,447.8,606.8,-159,0,415.8,626.9,-211.1,0
1275,XP_024684773.1,443.1,605,-161.9,0,395.3,637.8,-242.5,0
1276,CEJ57932.1,424.3,583.7,-159.4,0,385.2,614.3,-229.1,0
1277,OOQ88667.1,425.6,592,-166.4,0,384.7,618.8,-234.1,0
1278,XP_001221752.1,432.6,258.8,173.8,1,443.4,288.5,154.9,1
1279,KUG02309.1,426.5,355.3,71.2,1,443.5,380.3,63.2,1
1280,CEL59238.1,450.2,310.4,139.8,1,473.3,333.6,139.7,1
1281,XP_024769765.1,392.5,595,-202.5,0,358.7,579.5,-220.8,0
1282,XP_003653757.1,443.9,632.2,-188.3,0,397,617.8,-220.8,0
1283,AUS45853.1,441.4,600.1,-158.7,0,404.8,607,-202.2,0
1284,RKU42608.1,414.4,588.8,-174.4,0,381.9,589.3,-207.4,0
1285,KUL87051.1,457.2,591.4,-134.2,0,421.9,629.1,-207.2,0
1286,KJK67409.1,439.1,707.3,-268.2,0,468.8,651.7,-182.9,0
1287,RLN43739.1,427.9,359,68.9,1,448.5,388.7,59.8,1
1288,RFU77467.1,383,609.1,-226.1,0,363.4,589.4,-226,0
1289,KFX42352.1,466.6,596.6,-130,0,430.8,634.5,-203.7,0
1290,OKP11847.1,426.9,592.4,-165.5,0,389.2,620,-230.8,0
1291,AAX28897.1,401.9,622.7,-220.8,0,369.3,588.5,-219.2,0
1292,AEL78899.1,450.6,574.8,-124.2,0,419.7,623.3,-203.6,0
1293,RLN05676.1,418.3,350.8,67.5,1,439.7,381.7,58,1
1294,RLN57611.1,412.6,346.7,65.9,1,434.2,378.8,55.4,1
1295,POW06523.1,467.1,400.6,66.5,1,493,454,39,1
1296,EIT75638.1,438.4,708.6,-270.2,0,467.7,651,-183.3,0
1297,OKP12134.1,440.8,666.6,-225.8,0,468.6,651.6,-183,0
1298,AFD50194.1,394.9,618.6,-223.7,0,362.3,588.2,-225.9,0
1299,XP_003663441.1,434.3,626.3,-192,0,389.4,587.1,-197.7,0
1300,Q12714.1,390,617.9,-227.9,0,360.5,582,-221.5,0
1301,XP_015403008.1,432.9,704.5,-271.6,0,463,651,-188,0
1302,AUS45859.1,402.6,627.2,-224.6,0,434.8,636.3,-201.5,0
1303,XP_018661465.1,395.3,587.3,-192,0,354.6,576,-221.4,0
1304,XP_007826775.1,363.3,590.2,-226.9,0,392.3,577.3,-185,0
1305,PPQ73410.1,450.9,258.1,192.8,1,430.4,293.1,137.3,1
1306,AMP44569.1,394,606.4,-212.4,0,358.7,573.1,-214.4,0
1307,KNE93994.1,462.4,395.8,66.6,1,487.7,447.9,39.8,1
1308,OHW99465.1,361.5,593,-231.5,0,396,591.9,-195.9,0
1309,KIM97048.1,460.5,577.6,-117.1,0,411.1,612.6,-201.5,0
1310,XP_013328908.1,419.8,651.9,-232.1,0,451.4,659.2,-207.8,0
1311,OJJ32625.1,440.1,687.1,-247,0,476.4,666.8,-190.4,0
1312,XP_026614649.1,438.4,611.4,-173,0,395,635,-240,0
1313,KFA53421.1,384.8,603.5,-218.7,0,410.2,594.8,-184.6,0
1314,KNF01766.1,428.7,348,80.7,1,445.6,380.8,64.8,1
1315,KXH40255.1,359.8,597.5,-237.7,0,396.3,590.9,-194.6,0
1316,AEO17039.1,374.9,588,-213.1,0,346,558.2,-212.2,0
1317,ORY66024.1,374.1,596.9,-222.8,0,394.4,581,-186.6,0
1318,PQE23689.1,447.3,600.1,-152.8,0,414.6,632.2,-217.6,0
1319,POW14050.1,431.1,348.7,82.4,1,447.7,382.2,65.5,1
1320,ACT53749.1,420.4,600.4,-180,0,449.8,620.1,-170.3,0
1321,PKK52653.1,375.8,592.6,-216.8,0,359.2,579.5,-220.3,0
1322,AUS45843.1,414.7,597.1,-182.4,0,437.2,614.3,-177.1,0
1323,OTA02599.1,387.1,625.6,-238.5,0,370.6,590.6,-220,0
1324,XP_001272393.1,437.1,723.9,-286.8,0,469.4,653.8,-184.4,0
1325,XP_003336529.1,437.8,341.3,96.5,1,451.5,385.1,66.4,1
1326,XP_001217286.1,435.2,720.4,-285.2,0,470.8,675.3,-204.5,0
1327,OTA91901.1,371.3,631,-259.7,0,405,607.7,-202.7,0
1328,XP_018034582.1,394.9,586.8,-191.9,0,357.3,580.2,-222.9,0
1329,OTA59750.1,371.8,632.8,-261,0,407.1,610.4,-203.3,0
1330,XP_003653476.1,422.2,584.3,-162.1,0,450.6,604.5,-153.9,0
1331,KKK18832.1,403.4,633,-229.6,0,436.6,618.2,-181.6,0
1332,KDN69973.1,354.5,581.7,-227.2,0,389.4,578.9,-189.5,0
1333,KZL66977.1,357.1,590,-232.9,0,393.2,586,-192.8,0
1334,EWC46684.1,358.4,583.6,-225.2,0,386,580.9,-194.9,0
1335,PKS10364.1,421.6,600.7,-179.1,0,450.6,626.2,-175.6,0
1336,KLU90594.1,384.7,577.3,-192.6,0,413.2,583.8,-170.6,0
1337,XP_018163442.1,354.7,587.1,-232.4,0,390.2,584.8,-194.6,0
1338,EPS32968.1,422.6,578.6,-156,0,385.5,612.3,-226.8,0
1339,XP_001217291.1,424.5,595.1,-170.6,0,372.9,616.2,-243.3,0
1340,GAT45921.1,455.5,331.3,124.2,1,490.5,359,131.5,1
1341,AEC03714.1,379.2,603.6,-224.4,0,348.3,573.3,-225,0
1342,PLN74894.1,426.1,684.3,-258.2,0,454.8,651.8,-197,0
1343,PSK53969.1,354.5,590.2,-235.7,0,380.1,587,-206.9,0
1344,OAV90639.1,425,348.4,76.6,1,439.2,388.3,50.9,1
1345,OTB11111.1,374.7,625.2,-250.5,0,407.4,606.7,-199.3,0
1346,AFJ54161.1,381.1,597.5,-216.4,0,349.4,572,-222.6,0
1347,OQE31641.1,412.5,645.7,-233.2,0,438.7,638.8,-200.1,0
1348,XP_024761505.1,390.2,579.5,-189.3,0,353.1,570.5,-217.4,0
1349,OIW25376.1,397,580.6,-183.6,0,423.1,605.4,-182.3,0
1350,EPE09822.1,399.3,542.3,-143,0,427.4,597.6,-170.2,0
1351,XP_024678968.1,396.6,676.9,-280.3,0,427.4,606.9,-179.5,0
1352,CCI11379.1,433.3,337.4,95.9,1,456.2,366,90.2,1
1353,XP_006694959.1,383.3,648.4,-265.1,0,417.9,620.4,-202.5,0
1354,PIG85971.1,420.6,677.8,-257.2,0,447.2,627.5,-180.3,0
1355,XP_007674700.1,419.7,591.6,-171.9,0,449.3,604.1,-154.8,0
1356,KNZ61518.1,431.1,361.9,69.2,1,448.2,415.4,32.8,1
1357,OAV97201.1,432.2,359.4,72.8,1,455.8,409.4,46.4,1
1358,KXH63092.1,369.1,595.5,-226.4,0,389.1,577.6,-188.5,0
1359,KUI65264.1,409.6,586.1,-176.5,0,438.5,596.3,-157.8,0
1360,GAQ05521.1,400.4,682.7,-282.3,0,431.2,607.5,-176.3,0
1361,PNP43187.1,383.9,588.4,-204.5,0,355.4,575.9,-220.5,0
1362,XP_024706865.1,406.8,669.9,-263.1,0,437.3,638.5,-201.2,0
1363,XP_001270378.1,398.3,572.2,-173.9,0,365,581.7,-216.7,0
1364,XP_001262790.1,405.5,698.4,-292.9,0,433.1,609.9,-176.8,0
1365,PLW09840.1,412.7,328.1,84.6,1,423.3,363.2,60.1,1
1366,PNP60528.1,371.9,594.2,-222.3,0,357.2,577.9,-220.7,0
1367,RKU43060.1,402,629.1,-227.1,0,433.4,627.1,-193.7,0
1368,POM57471.1,393.6,323.5,70.1,1,409.8,352.9,56.9,1
1369,KFA70565.1,377.3,613.9,-236.6,0,407.5,606.4,-198.9,0
1370,RPA74006.1,389.1,570.5,-181.4,0,399,574.3,-175.3,0
1371,EXF78288.1,359,596,-237,0,384.2,576.9,-192.7,0
1372,BAF57463.1,399.7,391.8,7.9,1,422.2,429.8,-7.6,0
1373,OIW26693.1,394,610.4,-216.4,0,430.1,622.6,-192.5,0
1374,KMK55866.1,400,693.5,-293.5,0,428.4,602.4,-174,0
1375,XP_003042167.1,375.9,627.3,-251.4,0,414.5,603.6,-189.1,0
1376,XP_008100077.1,356.1,586,-229.9,0,391.8,581.6,-189.8,0
1377,XP_022477955.1,358.9,589.5,-230.6,0,383.6,577.5,-193.9,0
1378,OTA74810.1,365.3,541.8,-176.5,0,393.3,552.4,-159.1,0
1379,AEC03713.1,408.1,572.2,-164.1,0,372.5,599.6,-227.1,0
1380,EQB47096.1,364,605.9,-241.9,0,399.3,578.8,-179.5,0
1381,OAA66765.1,401,552.6,-151.6,0,429.8,587.6,-157.8,0
1382,KPM42577.1,372.3,620,-247.7,0,401.9,593.7,-191.8,0
1383,GAO85828.1,396.1,680.5,-284.4,0,430.1,608.4,-178.3,0
1384,XP_003721274.1,356.5,627,-270.5,0,379.7,563.8,-184.1,0
1385,KXJ89812.1,362.2,617.5,-255.3,0,403.2,596,-192.8,0
1386,PSN71505.1,373.4,614.1,-240.7,0,405.9,608.5,-202.6,0
1387,KXX78202.1,369.2,651.3,-282.1,0,409.4,617.2,-207.8,0
1388,XP_003664606.1,365.6,629.2,-263.6,0,398.5,597.6,-199.1,0
1389,ROV90657.1,398.1,576.1,-178,0,423.8,586.2,-162.4,0
1390,XP_009220936.1,366.2,568.6,-202.4,0,398,567.7,-169.7,0
1391,KFZ12993.1,388.2,621.9,-233.7,0,416.4,619.1,-202.7,0
1392,ELA27492.1,364.3,606.1,-241.8,0,399.1,578.3,-179.2,0
1393,XP_013944369.1,377.6,591.7,-214.1,0,351.1,575.9,-224.8,0
1394,KKK20241.1,380,598.2,-218.2,0,411.8,589.5,-177.7,0
1395,XP_026613706.1,410.4,690.2,-279.8,0,441.2,633.4,-192.2,0
1396,RMJ13969.1,373.6,623.4,-249.8,0,408.3,599.3,-191,0
1397,KEQ64414.1,417,619.5,-202.5,0,455.9,624.6,-168.7,0
1398,KEY79368.1,393,683.5,-290.5,0,421.1,594.4,-173.3,0
1399,AEX97159.1,358,626.2,-268.2,0,379.6,562.5,-182.9,0
1400,XP_016642496.1,411.6,601.6,-190,0,443.6,625.4,-181.8,0
1401,PSR83220.1,399.9,572,-172.1,0,427.2,588.2,-161,0
1402,ELA33398.1,352.5,589.2,-236.7,0,390.6,587.4,-196.8,0
1403,OTB13622.1,375.4,548.6,-173.2,0,405.7,564.8,-159.1,0
1404,XP_956431.1,411.5,563.7,-152.2,0,440.6,591.4,-150.8,0
1405,OAA55269.1,406.5,551.3,-144.8,0,430.7,604.4,-173.7,0
1406,KUI59283.1,399.5,572.6,-173.1,0,425.8,584.3,-158.5,0
1407,XP_013431068.1,414.4,624.7,-210.3,0,448.6,623.5,-174.9,0
1408,OTB03595.1,351.1,612.4,-261.3,0,384.8,591.4,-206.6,0
1409,XP_022491793.1,410.8,641.8,-231,0,438.7,645.9,-207.2,0
1410,POS68602.1,371.1,607,-235.9,0,396.7,595.5,-198.8,0
1411,RPA73852.1,370,596.5,-226.5,0,401.5,598.8,-197.3,0
1412,XP_001935476.1,365.3,598.1,-232.8,0,393.5,629.8,-236.3,0
1413,PKS11374.1,399.5,634.8,-235.3,0,429.6,623.5,-193.9,0
1414,XP_016587043.1,407.7,561.8,-154.1,0,440.2,599.6,-159.4,0
1415,ELQ38641.1,391.9,523.7,-131.8,0,418,566.7,-148.7,0
1416,PMD45505.1,387.6,620.5,-232.9,0,423.6,618,-194.4,0
1417,RFN49478.1,355.5,588.4,-232.9,0,394,578.2,-184.2,0
1418,ENH84097.1,348.5,585.5,-237,0,389.9,581.6,-191.7,0
1419,ROV96533.1,375.6,593.8,-218.2,0,393.1,597.6,-204.5,0
1420,XP_009650886.1,362,603.7,-241.7,0,397.2,589.8,-192.6,0
1421,XP_013952935.1,381.5,592.3,-210.8,0,359.1,579,-219.9,0
1422,ADR78837.1,401,587.4,-186.4,0,357.5,602.2,-244.7,0
1423,KZM21550.1,378.2,606.6,-228.4,0,400.8,602.2,-201.4,0
1424,RBR23191.1,355.3,590.3,-235,0,393.9,577.6,-183.7,0
1425,RHZ66275.1,383.4,678.6,-295.2,0,421.5,608.4,-186.9,0
1426,EQB57198.1,353.3,591.9,-238.6,0,391.3,588.1,-196.8,0
1427,XP_018125963.1,397.3,537.1,-139.8,0,370.8,556.4,-185.6,0
1428,XP_016639308.1,399.3,640.6,-241.3,0,430.8,628.2,-197.4,0
1429,KFZ00907.1,402.9,535.5,-132.6,0,373,555.9,-182.9,0
1430,XP_003720295.1,359.1,599.7,-240.6,0,393.6,575.6,-182,0
1431,VBB79487.1,357.8,634.7,-276.9,0,395,594.6,-199.6,0
1432,EXA41331.1,354,644.9,-290.9,0,393.1,590.4,-197.3,0
1433,OLN87910.1,350.3,580.2,-229.9,0,390,574.1,-184.1,0
1434,XP_007291601.1,358.8,588.8,-230,0,391.2,592.2,-201,0
1435,EPS41805.1,350.2,580.1,-229.9,0,382.1,578.4,-196.3,0
1436,OQD79223.1,413,638.9,-225.9,0,445,644.7,-199.7,0
1437,ELQ67794.1,359,599.7,-240.7,0,392.8,575.7,-182.9,0
1438,ORY11044.1,360.1,602.8,-242.7,0,392.6,608.5,-215.9,0
1439,ENH84869.1,362.5,593.6,-231.1,0,394.5,568.7,-174.2,0
1440,XP_001229968.1,375.5,607,-231.5,0,398.2,589.8,-191.6,0
1441,CAD56666.1,369.6,650,-280.4,0,406.3,615.1,-208.8,0
1442,XP_009854773.1,409.9,566.4,-156.5,0,439.1,592.3,-153.2,0
1443,KFY44167.1,382.4,629.4,-247,0,413.8,616,-202.2,0
1444,XP_003348034.1,400.1,551.6,-151.5,0,430.1,575.4,-145.3,0
1445,RKL44928.1,349.5,643.2,-293.7,0,388.7,588.8,-200.1,0
1446,RLN43737.1,364,309.2,54.8,1,374.8,332.9,41.9,1
1447,XP_011125285.1,356.4,570.5,-214.1,0,389.2,571.1,-181.9,0
1448,KZL85729.1,342.9,574.8,-231.9,0,365.8,559,-193.2,0
1449,OQN98347.1,428.5,565.3,-136.8,0,391.5,589.5,-198,0
1450,PNP85135.1,348.4,642.1,-293.7,0,388,587.3,-199.3,0
1451,KUI66808.1,384.8,607.7,-222.9,0,400.1,610.2,-210.1,0
1452,EMR63988.1,369.4,606.1,-236.7,0,399.6,590.6,-191,0
1453,EFQ91197.1,366.2,596.2,-230,0,394.2,627.2,-233,0
1454,KUI58119.1,383.8,606.8,-223,0,399.2,609.5,-210.3,0
1455,KFY17939.1,373.5,571.5,-198,0,406.7,576.6,-169.9,0
1456,KIL92162.1,365.2,635,-269.8,0,385.1,570.8,-185.7,0
1457,KKK13555.1,373.3,583.7,-210.4,0,386,616.2,-230.2,0
1458,KFH42209.1,369.4,604.7,-235.3,0,400.6,597.6,-197,0
1459,OQO03793.1,428.5,565.5,-137,0,393.1,587.7,-194.6,0
1460,RFU23655.1,373.1,610.7,-237.6,0,398.7,590.9,-192.2,0
1461,Q12622.1,357.4,676.5,-319.1,0,393.8,594.6,-200.8,0
1462,KIO22627.1,392.3,256.9,135.4,1,398.5,287.4,111.1,1
1463,2OVW_A,339.8,625.2,-285.4,0,380.1,577.1,-197,0
1464,KDN67726.1,370.2,201.6,168.6,1,380,241.2,138.8,1
1465,BAF57417.1,370.8,381.6,-10.8,0,395.8,412.9,-17.1,0
1466,RPA78534.1,352.4,558,-205.6,0,374.8,566.4,-191.6,0
1467,KNG49974.1,353.3,602.8,-249.5,0,380.1,616.1,-236,0
1468,XP_018384981.1,360.6,600,-239.4,0,388.9,611.6,-222.7,0
1469,OBS23353.1,351.1,589.2,-238.1,0,391.5,578.1,-186.6,0
1470,XP_001903720.1,351.7,613.5,-261.8,0,386.9,575.8,-188.9,0
1471,OWZ00802.1,379.4,302.7,76.7,1,398.4,335.9,62.5,1
1472,EJY79292.1,363.1,329,34.1,1,380,351.8,28.2,1
1473,1EG1_A,330.9,607.3,-276.4,0,358.3,570.7,-212.4,0
1474,CEL06627.1,386,656.1,-270.1,0,421.3,620.9,-199.6,0
1475,1OVW_A,337.3,619.9,-282.6,0,377.8,574.8,-197,0
1476,KZL85384.1,355.4,592.7,-237.3,0,395.1,578.2,-183.1,0
1477,5W0A_A,330.6,581.4,-250.8,0,351.2,567.7,-216.5,0
1478,OLN81951.1,357.2,595.4,-238.2,0,397.6,579.5,-181.9,0
1479,XP_018151835.1,363.2,593.9,-230.7,0,400.8,578.4,-177.6,0
1480,KFY79001.1,372.2,578.3,-206.1,0,396,583.8,-187.8,0
1481,XP_008082686.1,374.6,623,-248.4,0,405.4,627.4,-222,0
1482,KFA70766.1,350.8,581.6,-230.8,0,379,570.1,-191.1,0
1483,RLN58891.1,360.7,305.3,55.4,1,371.2,330.8,40.4,1
1484,XP_011320549.1,346.2,589.4,-243.2,0,386.9,575.4,-188.5,0
1485,2A39_A,343.2,654.6,-311.4,0,377.9,581.7,-203.8,0
1486,OSS52874.1,358.2,593.1,-234.9,0,381.6,592.4,-210.8,0
1487,PTD04164.1,344.9,587.2,-242.3,0,386,573.4,-187.4,0
1488,CRK47963.1,361.8,600.2,-238.4,0,383.9,571.5,-187.6,0
1489,OBT57087.1,431.3,196,235.3,1,412.6,228.7,183.9,1
1490,XP_024671592.1,416.7,680.8,-264.1,0,450,649.5,-199.5,0
1491,XP_009260949.1,346.8,589.8,-243,0,388.2,575.3,-187.1,0
1492,XP_007409658.1,410.4,359,51.4,1,433.2,400.2,33,1
1493,KXX82701.1,413,571.5,-158.5,0,433.2,606.1,-172.9,0
1494,KZL75277.1,349.5,591.3,-241.8,0,386.3,575.2,-188.9,0
1495,KFA50685.1,350,579.2,-229.2,0,377.2,568.7,-191.5,0
1496,KFY53438.1,364.9,569,-204.1,0,390.3,580,-189.7,0
1497,KDN60249.1,339.2,566.1,-226.9,0,378.2,552.8,-174.6,0
1498,EXF72999.1,355.9,582.1,-226.2,0,392.1,568.4,-176.3,0
1499,XP_014551036.1,365.3,582.5,-217.2,0,390,593.2,-203.2,0
1500,PVI01840.1,357.2,591.8,-234.6,0,386.2,593.1,-206.9,0
1501,XP_661022.1,382.5,671.7,-289.2,0,410.5,617.6,-207.1,0
1502,GAW21670.1,378.3,561.8,-183.5,0,355.3,568.4,-213.1,0
1503,PGH03602.1,362.5,611.3,-248.8,0,400.5,608.3,-207.8,0
1504,KFY35206.1,373.6,569.8,-196.2,0,403.3,578.8,-175.5,0
1505,CZT06667.1,356.6,586,-229.4,0,382.8,594.9,-212.1,0
1506,1OJI_A,342.2,654.2,-312,0,377.6,580.8,-203.2,0
1507,KFZ23731.1,368.7,566.1,-197.4,0,396.5,576.5,-180,0
1508,PSR81291.1,351.3,565.8,-214.5,0,376.3,577.8,-201.5,0
1509,RGP67342.1,351.6,592.2,-240.6,0,392,579.4,-187.4,0
1510,XP_025584106.1,352.7,593.4,-240.7,0,394.1,578.7,-184.6,0
1511,PVH76851.1,370.6,603.9,-233.3,0,404.4,613.2,-208.8,0
1512,PNS21313.1,360.1,601.8,-241.7,0,377.8,586.2,-208.4,0
1513,KFY14813.1,373.1,570,-196.9,0,401.4,579.9,-178.5,0
1514,CZT12735.1,363.7,589.6,-225.9,0,398,603.6,-205.6,0
1515,CZT52897.1,362.3,588.9,-226.6,0,397.1,603.7,-206.6,0
1516,KFA81107.1,360.1,213.4,146.7,1,374.9,246.8,128.1,1
1517,PVH83766.1,359.2,579.7,-220.5,0,385.8,583.4,-197.6,0
1518,KFY04245.1,369.7,627,-257.3,0,404.2,613.7,-209.5,0
1519,RGP63876.1,348.3,593.3,-245,0,393.8,577,-183.2,0
1520,XP_001906344.1,383.4,533.8,-150.4,0,408,554.5,-146.5,0
1521,XP_022469278.1,351.9,581.7,-229.8,0,391.6,567.8,-176.2,0
1522,XP_014073814.1,357.6,577.3,-219.7,0,383.8,590.6,-206.8,0
1523,XP_018128216.1,372.9,577.8,-204.9,0,398,584.6,-186.6,0
1524,AAK19621.1,360.8,577.1,-216.3,0,386.4,589,-202.6,0
1525,KEY69368.1,359.9,214.3,145.6,1,374.4,246.7,127.7,1
1526,KFY81472.1,367.3,567.7,-200.4,0,393.8,577,-183.2,0
1527,XP_024689105.1,410.3,674.9,-264.6,0,446,640.8,-194.8,0
1528,KXH33301.1,350.3,581.7,-231.4,0,390.4,566.9,-176.5,0
1529,OAL43067.1,363.9,615.2,-251.3,0,393.4,620.1,-226.7,0
1530,KIH86576.1,406.1,559.7,-153.6,0,437.5,596.6,-159.1,0
1531,OBT63731.1,367.4,571,-203.6,0,393.8,579.5,-185.7,0
1532,XP_018135161.1,437.1,206.5,230.6,1,424.3,242.4,181.9,1
1533,VBB80398.1,383.1,532.7,-149.6,0,406.6,553.7,-147.1,0
1534,XP_008024638.1,362,589.8,-227.8,0,385.6,605.6,-220,0
1535,XP_003345850.1,377.7,543.8,-166.1,0,406.9,584.2,-177.3,0
1536,KFY47794.1,369.7,621.7,-252,0,403,609.9,-206.9,0
1537,ROV90444.1,370.5,602.7,-232.2,0,388.2,598.4,-210.2,0
1538,KXH60722.1,352.7,580.4,-227.7,0,389,564.5,-175.5,0
1539,RLN55381.1,351.8,294.5,57.3,1,363.2,319.5,43.7,1
1540,OBT51334.1,349.6,549.9,-200.3,0,371.9,553.6,-181.7,0
1541,XP_007701837.1,358.9,582.5,-223.6,0,385.1,594.9,-209.8,0
1542,OBT81281.1,366.3,571.6,-205.3,0,392.8,579.3,-186.5,0
1543,KFZ11545.1,373.5,626.4,-252.9,0,409.5,614.8,-205.3,0
1544,KFY21901.1,370.5,614.8,-244.3,0,401.3,605.8,-204.5,0
1545,KFY07944.1,368.8,615.6,-246.8,0,399.4,606.8,-207.4,0
1546,XP_007714097.1,360.8,595.1,-234.3,0,384.6,606.6,-222,0
1547,RMZ11953.1,411.6,622.9,-211.3,0,437,626.8,-189.8,0
1548,OBT74322.1,364.8,569,-204.2,0,390.8,576.4,-185.6,0
1549,GAW20298.1,340.3,592.6,-252.3,0,371.1,580.9,-209.8,0
1550,XP_007691315.1,361.8,578.3,-216.5,0,388.2,590.1,-201.9,0
1551,GAP88255.2,341.5,583.3,-241.8,0,371.9,572.7,-200.8,0
1552,XP_014079628.1,356.5,592.8,-236.3,0,380.1,603.2,-223.1,0
1553,KFY25003.1,357,557.9,-200.9,0,381.6,568.5,-186.9,0
1554,XP_007702164.1,358.8,594.2,-235.4,0,380.3,605.6,-225.3,0
1555,AAM54071.1,372.9,662,-289.1,0,399.7,608.8,-209.1,0
1556,RMY62672.1,409.2,622.4,-213.2,0,436,626.6,-190.6,0
1557,OBT46120.1,366.7,570.4,-203.7,0,391.6,577.3,-185.7,0
1558,XP_026606673.1,359.2,635.9,-276.7,0,390.1,600.6,-210.5,0
1559,ROW06316.1,372.4,599.3,-226.9,0,387.2,593.7,-206.5,0
1560,OTA30467.1,406.1,618.8,-212.7,0,433.3,625.2,-191.9,0
1561,XP_007690044.1,360.6,595.4,-234.8,0,383.8,605.8,-222,0
1562,RMY91014.1,408.3,616.8,-208.5,0,434.3,625.2,-190.9,0
1563,OTA32532.1,407.7,619.2,-211.5,0,435.3,624.7,-189.4,0
1564,RMX79629.1,409.5,623.5,-214,0,436.6,629.1,-192.5,0
1565,OBT83480.1,367.8,624.4,-256.6,0,404.8,612.3,-207.5,0
1566,OBT39142.1,370.2,625.7,-255.5,0,404.3,611.7,-207.4,0
1567,OJJ00937.1,370.2,628.3,-258.1,0,405.3,598.6,-193.3,0
1568,RMZ05143.1,407.7,620.2,-212.5,0,436.4,626.2,-189.8,0
1569,PYH94160.1,358,561.6,-203.6,0,393.1,563,-169.9,0
1570,XP_011127257.1,342,523.3,-181.3,0,366.2,528.1,-161.9,0
1571,XP_014170719.1,372.6,496,-123.4,0,388.1,528.9,-140.8,0
1572,OJJ61614.1,361.6,631.6,-270,0,401.3,593.2,-191.9,0
1573,KFX93759.1,362.3,559.6,-197.3,0,391.3,570.2,-178.9,0
1574,KFY05095.1,361.3,560.3,-199,0,390.5,571.9,-181.4,0
1575,OBT74011.1,367.6,623,-255.4,0,404.8,611.9,-207.1,0
1576,VBB81035.1,361,230.8,130.2,1,384,289.5,94.5,1
1577,XP_008099372.1,333.1,564.6,-231.5,0,372.1,547.9,-175.8,0
1578,PGG99346.1,369,606.2,-237.2,0,406.8,592.8,-186,0
1579,RMX75445.1,399.7,618.7,-219,0,429,621.6,-192.6,0
1580,OAL03143.1,348.5,584.9,-236.4,0,377.4,595.1,-217.7,0
1581,POS69885.1,361.7,582,-220.3,0,383.4,590.1,-206.7,0
1582,XP_014550478.1,339.8,549.6,-209.8,0,375.4,565.2,-189.8,0
1583,XP_007688323.1,334.1,546.7,-212.6,0,369.9,561.7,-191.8,0
1584,XP_014074599.1,328.3,531.1,-202.8,0,363.7,551,-187.3,0
1585,RMZ69756.1,336.1,561.8,-225.7,0,372.4,576.1,-203.7,0
1586,XP_025551065.1,330.6,534.1,-203.5,0,364,514.7,-150.7,0
1587,OWP05017.1,331.3,572.1,-240.8,0,368.8,574.3,-205.5,0
1588,OTB06064.1,351.6,505,-153.4,0,380.9,527.4,-146.5,0
1589,XP_024749210.1,335.3,527.5,-192.2,0,304.4,489.6,-185.2,0
1590,XP_025397816.1,326.8,501.8,-175,0,355.8,499.7,-143.9,0
1591,XP_018031386.1,344.7,595.6,-250.9,0,372.2,602,-229.8,0
1592,XP_007699991.1,326.3,528.9,-202.6,0,360.9,549.1,-188.2,0
1593,KFX95479.1,331.5,521.9,-190.4,0,358.6,546.7,-188.1,0
1594,KFX95062.1,339.1,525.9,-186.8,0,365.9,550.8,-184.9,0
1595,RMZ23329.1,389.8,592.9,-203.1,0,415.3,597.8,-182.5,0
1596,EAQ70834.1,307.3,522.3,-215,0,326.9,481.4,-154.5,0
1597,KFY33986.1,369.4,616.3,-246.9,0,399.2,607.1,-207.9,0
1598,KFY41376.1,333.3,524.8,-191.5,0,360.1,548.3,-188.2,0
1599,OBT63025.1,365.7,620,-254.3,0,398.7,608.8,-210.1,0
1600,ROT36704.1,342.4,585,-242.6,0,378.4,570.5,-192.1,0
1601,KZP29026.1,330.3,206.2,124.1,1,318.7,216.1,102.6,1
1602,EWC44736.1,321,529.6,-208.6,0,349.4,526.7,-177.3,0
1603,KFZ02040.1,368.5,618.4,-249.9,0,400.2,606.6,-206.4,0
1604,BAF57386.1,338.2,361,-22.8,0,370.3,398.4,-28.1,0
1605,RMJ22283.1,321.6,423.2,-101.6,0,271.1,444.1,-173,0
1606,CUA75473.1,365.3,292.7,72.6,1,406,323.1,82.9,1
1607,KKK15988.1,378.2,526.3,-148.1,0,340.4,550.4,-210,0
1608,PKS08567.1,332.4,203.2,129.2,1,329.7,226.7,103,1
1609,RFU35774.1,339.9,497,-157.1,0,356.4,510.4,-154,0
1610,OBT57787.1,322.7,509,-186.3,0,347.1,524.4,-177.3,0
1611,XP_001226402.1,309.3,557.1,-247.8,0,341.2,520.6,-179.4,0
1612,KKA28489.1,318.1,495.2,-177.1,0,352.3,512.3,-160,0
1613,XP_025576959.1,303,463.6,-160.6,0,325.6,506.8,-181.2,0
1614,GAP87383.2,326.2,445.8,-119.6,0,276.9,462.5,-185.6,0
1615,KLU90884.1,339.9,493.6,-153.7,0,371.9,519.9,-148,0
1616,KIO25536.1,502.3,291,211.3,1,437.2,311.3,125.9,1
1617,OTA67792.1,277.9,431.5,-153.6,0,306,442,-136,0
1618,XP_007391663.1,457.2,273,184.2,1,419.7,300,119.7,1
1619,RLN52506.1,292.9,227.6,65.3,1,308.8,262.8,46,1
1620,EGZ68083.1,341.1,460.8,-119.7,0,366.3,505.6,-139.3,0
1621,KFY23569.1,300.6,427.9,-127.3,0,321.9,434.2,-112.3,0
1622,PYI10672.1,290.7,453,-162.3,0,314.2,492,-177.8,0
1623,XP_001803151.1,273.8,444.4,-170.6,0,308.5,474.1,-165.6,0
1624,ORY00089.1,238.1,372.7,-134.6,0,257.4,406.2,-148.8,0
1625,KXN91647.1,344.8,204.6,140.2,1,333,215.8,117.2,1
1626,AUS45854.1,243.6,376.6,-133,0,265.6,416.4,-150.8,0
1627,PMD20389.1,239.8,357.7,-117.9,0,259.5,400.6,-141.1,0
1628,XP_003649482.1,239.7,373.2,-133.5,0,258.6,412.5,-153.9,0
1629,PYH97044.1,272.5,449.3,-176.8,0,297.8,483.5,-185.7,0
1630,EHK96098.1,258.5,454.2,-195.7,0,282.2,461.3,-179.1,0
1631,KKY30234.1,238.7,415.3,-176.6,0,260.1,415,-154.9,0
1632,OAA58934.1,234.9,374.5,-139.6,0,253.3,412,-158.7,0
1633,CDP29257.1,276.5,168.3,108.2,1,303.8,214.1,89.7,1
1634,PVI03099.1,234.4,384.5,-150.1,0,260.1,416.9,-156.8,0
1635,PKS06079.1,240.5,382.8,-142.3,0,261.9,415.7,-153.8,0
1636,RDL36776.1,226.1,360.6,-134.5,0,248.3,404.4,-156.1,0
1637,BAF57305.1,228.2,259.1,-30.9,0,239.7,305.8,-66.1,0
1638,KFZ17183.1,213.3,354.2,-140.9,0,230.8,379.3,-148.5,0
1639,PMD43144.1,233.9,361,-127.1,0,251.4,398.1,-146.7,0
1640,BAF57398.1,204,223.7,-19.7,0,214.7,280.3,-65.6,0
1641,XP_018067218.1,234.4,375.7,-141.3,0,253.7,413.4,-159.7,0
1642,XP_014174976.1,272.7,372.4,-99.7,0,291.4,400,-108.6,0
1643,PVH81057.1,245.7,374.3,-128.6,0,263.4,415.3,-151.9,0
1644,KFY16141.1,237.6,367.2,-129.6,0,256.9,395,-138.1,0
1645,KFY98137.1,232.2,371,-138.8,0,253,401.6,-148.6,0
1646,CZR52860.1,229.7,359.9,-130.2,0,251.3,406,-154.7,0
1647,BAF57314.1,202.2,252.7,-50.5,0,223.8,300.5,-76.7,0
1648,OTA64206.1,236.6,374.1,-137.5,0,254.7,408.5,-153.8,0
1649,BAF57396.1,227.6,249.4,-21.8,0,248.3,309,-60.7,0
1650,EGU79668.1,250.9,190.7,60.2,1,340.3,211.8,128.5,1
1651,BAF57295.1,196.2,255,-58.8,0,214.7,305.1,-90.4,0
1652,SCO76346.1,249,188.5,60.5,1,339.2,210.4,128.8,1
1653,BAF57374.1,257.1,278,-20.9,0,268.1,329,-60.9,0
1654,XP_007841266.1,236.3,360.8,-124.5,0,256.9,398.9,-142,0
1655,BAF57424.1,243.8,264.4,-20.6,0,264.1,321.7,-57.6,0
1656,XP_016644738.1,222.7,368.9,-146.2,0,250.5,401.2,-150.7,0
1657,CRK31706.1,435,749.2,-314.2,0,470.4,720.6,-250.2,0
1658,BAF57379.1,194.8,218,-23.2,0,208.1,287.8,-79.7,0
1659,OTB03263.1,226.8,356.4,-129.6,0,247.3,388.7,-141.4,0
1660,XP_023437757.1,246.9,194,52.9,1,348,215.4,132.6,1
1661,OTA84776.1,229.8,370,-140.2,0,248.6,404.9,-156.3,0
1662,CVL03983.1,244.4,196.3,48.1,1,346,216.2,129.8,1
1663,KFX96407.1,226.4,365,-138.6,0,245.5,392.5,-147,0
1664,KZS07709.1,210.9,226.4,-15.5,0,229.2,286.1,-56.9,0
1665,CVL08831.1,241,187.3,53.7,1,343.3,206.1,137.2,1
1666,OCK99149.1,255.8,218,37.8,1,278.2,244,34.2,1
1667,OTB19472.1,227.4,362.9,-135.5,0,249.6,401,-151.4,0
1668,XP_018126203.1,225.8,363.5,-137.7,0,246.5,392.7,-146.2,0
1669,BAF57384.1,193.9,215.4,-21.5,0,207.5,283.1,-75.6,0
1670,XP_018758261.1,226.1,182.8,43.3,1,326.8,203.8,123,1
1671,BAF57391.1,194.6,215,-20.4,0,204.1,282,-77.9,0
1672,KFY15750.1,225.3,358,-132.7,0,244.9,389.2,-144.3,0
1673,KDQ27452.1,407.2,224.9,182.3,1,366.9,251.4,115.5,1
1674,PNP83823.1,225.6,185.2,40.4,1,329,206.9,122.1,1
1675,KZS10136.1,209.6,234.2,-24.6,0,224.1,321,-96.9,0
1676,EFX82190.1,205.3,224.8,-19.5,0,221.7,315.3,-93.6,0
1677,RKL38911.1,240.7,189.3,51.4,1,341.9,209.2,132.7,1
1678,BAF57300.1,169.6,221.1,-51.5,0,190.3,261.9,-71.6,0
1679,KKY29722.1,240.1,414.7,-174.6,0,253.7,433.3,-179.6,0
1680,KLP11444.1,232.7,434.2,-201.5,0,250.8,393.8,-143,0
1681,BAF57385.1,197.5,245.6,-48.1,0,209.5,319.6,-110.1,0
1682,BAF57397.1,185.7,235,-49.3,0,197.3,300.6,-103.3,0
1683,BAF57388.1,188,233.3,-45.3,0,200.9,308,-107.1,0
1684,EFX66407.1,199.6,226.2,-26.6,0,218.6,284.5,-65.9,0
1685,RBQ91517.1,220.6,180,40.6,1,306.8,197.1,109.7,1
1686,BAF57383.1,176.6,214.3,-37.7,0,188,284.4,-96.4,0
1687,BAF57315.1,169.4,193.7,-24.3,0,183.7,244.6,-60.9,0
1688,KFY44339.1,217.9,358.2,-140.3,0,241.4,385.9,-144.5,0
1689,ERT00921.1,231.2,367.4,-136.2,0,255.4,416.4,-161,0
1690,BAF57310.1,159.3,192.6,-33.3,0,178.9,237.1,-58.2,0
1691,XP_016590706.1,216,342.3,-126.3,0,237.8,393.2,-155.4,0
1692,KFZ20531.1,215,354.8,-139.8,0,234.3,383.2,-148.9,0
1693,KIH92363.1,224.6,358.2,-133.6,0,247.5,407.5,-160,0
1694,BAF57426.1,194.6,238.7,-44.1,0,206.5,311.1,-104.6,0
1695,BAF57294.1,173.1,235.3,-62.2,0,195.2,273.8,-78.6,0
1696,BAF57393.1,181.4,216.4,-35,0,193.9,293.4,-99.5,0
1697,BAF57395.1,181.5,236.9,-55.4,0,196.2,303.7,-107.5,0
1698,BAF57306.1,165.4,204.8,-39.4,0,185.4,249.3,-63.9,0
1699,EXF86061.1,325.9,186.9,139,1,326.4,210.8,115.6,1
1700,BAB64563.2,175.9,222.2,-46.3,0,187.7,308.5,-120.8,0
1701,XP_001904407.1,214.8,132.6,82.2,1,236.7,165.2,71.5,1
1702,BAF57381.1,178.1,228.1,-50,0,190.7,296.8,-106.1,0
1703,AAY83390.3,148.1,198,-49.9,0,168.1,264.1,-96,0
1704,BAF57303.1,176.8,243.3,-66.5,0,203.2,280,-76.8,0
1705,BAF57462.1,191.1,225.9,-34.8,0,206.3,292.9,-86.6,0
1706,BAF57296.1,173.6,236.7,-63.1,0,197.2,279.3,-82.1,0
1707,BAF57387.1,179.3,241.2,-61.9,0,196.8,315.8,-119,0
1708,BAF57416.1,181,225.1,-44.1,0,196.2,301.7,-105.5,0
1709,BAF57378.1,198.7,205.4,-6.7,0,208.3,266.8,-58.5,0
1710,BAB64553.1,177.3,217.8,-40.5,0,193.4,305,-111.6,0
1711,BAF57420.1,175,231.5,-56.5,0,192.4,300.6,-108.2,0
1712,BAB64554.1,173.6,215.7,-42.1,0,190.5,302.9,-112.4,0
1713,BAF57380.1,167,209.2,-42.2,0,176.4,266.4,-90,0
1714,AGT15838.1,152.3,199.4,-47.1,0,173.2,245.5,-72.3,0
1715,BAF57430.1,172.9,225.9,-53,0,188.9,298.5,-109.6,0
1716,BAF57298.1,175.4,217.9,-42.5,0,194.6,259.8,-65.2,0
1717,BAC07552.1,157.5,203.9,-46.4,0,172.7,283.4,-110.7,0
1718,EFX65833.1,195.1,216.8,-21.7,0,204.8,298.3,-93.5,0
1719,BAF57392.1,166.3,202.9,-36.6,0,180.9,279.7,-98.8,0
1720,BAF57419.1,168.4,212.7,-44.3,0,184.6,290.4,-105.8,0
1721,BAC07551.1,158.5,210.7,-52.2,0,174,283.7,-109.7,0
1722,OLQ08565.1,184.2,173.5,10.7,1,193.9,197.2,-3.3,0
1723,RMZ71934.1,289.6,464.1,-174.5,0,312.5,478.6,-166.1,0
1724,BAB64565.3,170.5,213.5,-43,0,180.8,300.7,-119.9,0
1725,BAF57429.1,160.4,212,-51.6,0,181.8,278.8,-97,0
1726,KIN00921.1,163,228.3,-65.3,0,172.3,251.3,-79,0
1727,KLU82251.1,288.6,473,-184.4,0,313.1,451.2,-138.1,0
1728,XP_009219509.1,227.5,392.6,-165.1,0,247.3,367.5,-120.2,0
1729,AGU16948.1,152.7,76,76.7,1,248.8,94.5,154.3,1
1730,XP_018125050.1,301.3,450.4,-149.1,0,326.9,467.5,-140.6,0
1731,PQE21522.1,452.3,600.5,-148.2,0,423,636.5,-213.5,0
1732,PTU19722.1,419.6,582.8,-163.2,0,381.3,615.1,-233.8,0
1733,EPS36457.1,386.1,567.7,-181.6,0,353,571.5,-218.5,0
1734,OWP06600.1,820.9,428.7,392.2,1,758.1,483.4,274.7,1
1735,KIO16923.1,568.5,386.9,181.6,1,560.2,410,150.2,1
1736,KIM19676.1,540.2,325.4,214.8,1,537.8,363.5,174.3,1
1737,XP_007916592.1,453.3,238.5,214.8,1,445.5,279.6,165.9,1
1738,GAP90445.2,505.9,258.5,247.4,1,499.7,295.2,204.5,1
1739,CRK36807.1,464.5,262.2,202.3,1,470.4,295.3,175.1,1
1740,XP_957642.2,179.5,248.8,-69.3,0,196.1,289,-92.9,0
1741,CRK14272.1,455.1,249.5,205.6,1,460.1,282.3,177.8,1
1742,CAE85587.1,189.8,258.1,-68.3,0,207.1,298.3,-91.2,0
1743,RAL60839.1,537.9,269.4,268.5,1,512.7,322.9,189.8,1
1744,EFX65841.1,183.4,206.1,-22.7,0,188.8,260.4,-71.6,0
1745,CZT44311.1,480.4,261.8,218.6,1,469.2,290.1,179.1,1
1746,CRK40455.1,329.9,216,113.9,1,335.1,244,91.1,1
1747,XP_009854420.1,225.8,314.1,-88.3,0,244.3,351.7,-107.4,0
1748,XP_002901553.1,277.4,209.5,67.9,1,286.8,218,68.8,1