,A1,A2,A3,A4,B1,B2,B3,B4,accession
1,5,13,5,10,6,8,10,4,P62694.1
2,5,13,5,10,6,8,10,4,XP_006969224.1
3,5,13,5,10,6,8,10,4,AFD50192.1
4,5,13,5,10,6,8,10,4,AFP58843.1
5,5,13,5,10,6,8,10,4,XP_024748275.1
6,5,13,5,10,6,8,10,4,CAA37878.1
7,5,13,5,10,6,8,10,4,AGV05126.1
8,5,13,5,10,6,8,10,4,AER26900.1
9,5,13,5,10,6,8,10,4,4V0Z_A
10,5,13,5,10,6,8,10,4,1EGN_A
11,1,13,5,10,6,8,10,4,prf||1003195A
12,2,13,5,10,6,8,10,4,XP_013954979.1
13,5,13,5,10,6,8,2,4,1Q2E_A
14,5,13,5,10,6,8,10,4,RFU76296.1
15,5,13,5,10,6,8,10,4,5OA5_A
16,2,13,5,10,6,8,10,4,PNP59208.1
17,2,13,5,10,6,8,10,4,OPB45635.1
18,2,13,5,10,6,8,10,4,XP_024771708.1
19,2,13,5,10,6,8,10,4,ADH04808.1
20,2,13,25,10,6,8,10,4,AIK67329.1
21,2,13,5,9,6,8,10,4,KKO99004.1
22,2,13,5,9,6,8,10,4,AFD01232.1
23,0,13,5,10,0,8,10,4,API85495.1
24,5,13,5,10,6,8,10,4,XP_024761559.1
25,5,13,5,10,6,8,10,4,XP_013944336.1
26,5,13,5,10,6,8,10,4,XP_018656467.1
27,5,13,5,9,6,8,10,4,KOS19511.1
28,2,13,5,10,6,8,10,4,2Y9N_A
29,2,13,5,10,6,8,10,4,2YOK_A
30,5,14,7,10,6,8,10,4,ADC91991.1
31,5,13,5,10,6,8,10,4,5O59_A
32,2,13,5,10,6,8,10,5,AGU68246.1
33,2,13,5,10,6,8,10,5,XP_024678753.1
34,2,13,5,10,6,8,10,5,GAQ12141.1
35,5,13,5,9,6,8,10,5,POS70602.1
36,2,13,5,10,6,8,10,5,GAO86104.1
37,2,13,5,10,6,8,10,5,CDF76456.1
38,5,13,5,10,6,8,11,5,KNZ74328.1
39,5,13,5,10,6,8,10,5,RLL93246.1
40,2,13,5,9,6,8,10,5,XP_002484839.1
41,5,13,5,10,6,8,10,5,ATQ35967.1
42,5,13,5,10,6,8,10,5,CRG86514.1
43,5,13,5,10,6,8,10,5,RJE23952.1
44,5,13,5,10,6,8,10,5,XP_751044.1
45,6,13,5,8,6,8,10,5,XP_016645836.1
46,5,13,5,8,6,8,10,5,KFX96390.1
47,5,13,5,10,6,8,10,5,XP_001258278.1
48,2,13,5,10,6,8,10,5,XP_001261835.1
49,2,13,5,10,6,8,10,5,XP_026615684.1
50,6,13,5,8,6,8,10,5,XP_018148593.1
51,2,13,5,10,6,8,10,5,KIN02410.1
52,5,13,5,10,6,8,10,5,GAO88279.1
53,6,13,5,8,6,8,10,5,RKU48744.1
54,5,13,5,8,6,8,10,5,KFY49647.1
55,5,13,5,10,6,8,10,5,GAQ03001.1
56,2,13,5,10,6,8,10,5,AKI32221.1
57,6,13,5,8,6,8,10,5,ORY68870.1
58,2,13,5,9,6,8,10,5,XP_002149324.1
59,2,13,5,9,6,8,10,5,GAM33347.1
60,5,13,5,8,6,8,7,5,KIK52079.1
61,6,13,5,8,6,8,10,5,CAM98445.1
62,2,13,5,9,6,8,10,5,RAO70501.1
63,6,13,5,9,6,8,10,5,AGV05127.1
64,2,13,5,10,6,8,10,5,ALO81606.1
65,2,13,5,9,6,8,10,5,KUL83176.1
66,6,13,5,8,6,8,10,5,PKS11794.1
67,2,13,5,9,6,8,10,5,Q8WZJ4.1
68,2,13,5,10,6,8,10,5,CAM98447.1
69,6,13,5,8,6,8,10,5,XP_007914324.1
70,5,13,5,8,6,8,10,5,KFY36257.1
71,5,13,5,10,6,8,10,5,AIO10971.1
72,6,13,5,9,6,8,10,5,XP_003653508.1
73,5,13,5,10,6,8,10,5,KOS38349.1
74,5,13,5,8,6,8,10,5,KFY52868.1
75,5,13,5,10,6,8,10,5,XP_026610175.1
76,5,13,5,10,6,8,10,5,OQE27742.1
77,2,13,5,10,6,8,10,5,AIL95870.1
78,2,13,5,10,6,8,10,5,AGU68249.1
79,5,13,5,8,6,8,10,5,KFY17701.1
80,2,13,5,10,6,8,10,5,OKP11858.1
81,5,13,5,8,6,8,10,5,KFY87242.1
82,5,13,5,10,6,8,10,5,OQD92068.1
83,5,13,5,10,6,8,10,5,XP_022487591.1
84,2,13,5,10,6,8,10,5,AGU68247.1
85,5,13,5,10,6,8,10,5,OJJ74416.1
86,6,13,5,8,6,8,10,5,XP_009221781.1
87,2,13,5,10,6,8,10,4,AAL16941.1
88,6,13,5,9,6,8,10,5,AGV05131.1
89,5,13,5,10,6,8,10,5,XP_020119425.1
90,2,13,5,10,6,8,10,5,AAL33603.2
91,5,13,5,10,6,8,12,5,XP_025518099.1
92,0,13,5,10,6,8,10,5,XP_015404740.1
93,6,13,5,9,6,8,10,5,XP_003660789.1
94,6,13,5,9,6,8,10,5,CAM98448.1
95,5,13,5,10,6,8,10,5,CZR56432.1
96,5,13,5,10,6,8,12,5,OJI85092.1
97,5,13,5,10,6,8,10,5,OJJ37914.1
98,5,13,5,10,6,8,10,5,KKY37075.1
99,5,13,5,10,6,8,12,5,XP_025568883.1
100,5,13,5,10,6,8,10,5,POS71934.1
101,5,13,5,10,6,8,10,5,XP_024697958.1
102,5,13,5,8,6,8,10,5,OBT58475.1
103,6,13,5,8,6,8,10,5,KZL79690.1
104,5,13,5,9,2,8,10,5,KKY39577.1
105,0,13,5,10,6,8,10,5,ACT65727.1
106,5,13,5,10,6,8,12,5,XP_026626314.1
107,5,13,5,10,6,8,10,5,OQD62701.1
108,0,13,5,10,6,8,10,5,OOF96132.1
109,6,13,5,9,6,8,10,5,AAW64926.1
110,6,13,5,9,6,8,10,5,AGY80096.1
111,5,13,5,10,6,8,10,5,XP_014538681.1
112,5,13,5,10,6,8,12,5,GAA87307.1
113,6,13,5,8,6,8,10,5,XP_003041991.1
114,2,13,5,10,6,8,10,5,XP_001818879.1
115,2,13,5,10,6,8,10,5,AEL78901.1
116,5,13,5,10,6,8,10,5,PMD22162.1
117,5,13,5,8,6,8,7,5,KIK52078.1
118,5,13,5,8,6,8,10,5,KFY71392.1
119,6,13,5,9,6,8,10,5,AGV05125.1
120,0,13,5,10,6,8,10,5,XP_025579250.1
121,0,13,5,10,6,8,10,5,XP_025464797.1
122,6,13,5,8,6,8,10,5,OHX01224.1
123,5,13,5,10,6,8,10,5,OCL10905.1
124,5,13,5,10,6,8,12,5,XP_025392582.1
125,5,13,5,10,6,8,10,5,XP_024667880.1
126,2,13,5,10,6,8,10,5,XP_022390553.1
127,0,13,5,10,6,8,10,5,GAO87766.1
128,2,13,5,10,6,8,10,5,XP_013327603.1
129,6,13,5,8,6,8,10,5,EXF83665.1
130,5,13,5,10,6,8,10,5,CEL05758.1
131,5,13,5,10,6,8,12,5,GAQ36206.1
132,0,13,5,10,6,8,10,5,GAQ03432.1
133,5,13,5,10,6,8,10,5,OQE90785.1
134,5,13,5,10,6,8,12,5,OOF95327.1
135,5,13,5,8,6,8,10,5,OBT78768.1
136,5,13,5,10,6,8,10,5,KUM59674.1
137,0,13,5,10,6,8,10,5,XP_024684265.1
138,6,13,5,8,6,8,10,5,KZL78123.1
139,5,13,5,10,6,8,10,5,RFU25898.1
140,5,13,5,10,6,8,10,5,PLN75717.1
141,6,13,5,8,6,8,10,5,CVK83627.1
142,0,13,5,10,6,8,10,5,XP_750600.1
143,2,13,5,9,6,8,10,5,CBX74419.1
144,5,13,5,10,6,8,10,5,CDM37977.1
145,5,13,5,8,6,8,10,5,OBT85124.1
146,5,13,5,8,6,8,10,5,OBT48364.1
147,6,13,5,8,6,8,10,5,KXH69592.1
148,0,13,5,10,6,8,10,5,XP_001257823.1
149,2,13,5,10,6,8,10,5,CEJ57951.1
150,6,13,5,8,6,8,10,5,KLO96165.1
151,2,13,5,10,6,8,10,5,ACV95805.1
152,6,13,5,8,6,8,10,5,XP_009849826.1
153,5,13,5,10,6,8,8,5,EJD47743.1
154,0,13,5,10,6,8,10,5,OKP11396.1
155,5,13,5,8,6,8,10,5,OBT67170.1
156,6,13,5,8,6,8,10,5,RBA16240.1
157,0,13,5,10,6,8,10,5,PYH90852.1
158,5,13,5,10,6,8,8,5,PPQ86175.1
159,2,13,5,10,6,8,10,5,OOQ88648.1
160,0,13,5,10,6,8,10,5,GAQ38842.1
161,5,13,5,10,6,8,7,5,KIJ47863.1
162,6,13,5,8,6,8,10,5,XP_009254532.1
163,5,13,5,10,6,8,10,5,AAW68437.2
164,5,13,5,10,6,8,10,5,XP_001268257.1
165,2,13,5,10,6,8,10,5,PIG82688.1
166,6,13,5,7,6,8,10,5,WP_085741118.1
167,0,13,5,10,6,8,10,5,GAA85531.1
168,6,13,5,8,6,8,10,5,PTD13216.1
169,6,13,5,8,6,8,10,5,AUS45864.1
170,6,13,5,8,6,8,10,5,PCD18446.1
171,0,13,5,10,6,8,10,5,XP_026610602.1
172,6,13,5,9,6,8,10,5,AAT84320.1
173,5,13,5,8,6,8,10,5,RBR08204.1
174,0,13,5,10,6,8,10,5,PYI05737.1
175,2,13,5,10,6,8,10,5,1Q9H_A
176,6,13,5,8,6,8,10,5,KKA26295.1
177,5,13,5,8,6,8,7,5,GAW07236.1
178,5,13,5,10,6,8,10,5,XP_658098.1
179,5,13,5,10,6,8,10,5,XP_001214180.1
180,5,13,5,10,6,8,12,5,XP_025579710.1
181,0,13,5,10,6,8,10,5,RJE21345.1
182,5,13,5,10,6,8,10,5,Q00548.1
183,0,13,5,10,6,8,10,5,RHZ70917.1
184,5,13,5,10,6,8,7,5,EMD41378.1
185,5,13,5,8,6,8,10,5,XP_003709550.1
186,5,13,5,10,6,8,12,5,ADO21450.1
187,6,13,5,8,6,8,10,5,OBS26631.1
188,6,13,5,8,6,8,10,5,KPA46776.1
189,5,13,5,10,6,8,10,5,KGO74898.1
190,6,13,5,8,6,8,10,5,KPM43848.1
191,5,13,5,8,6,8,10,5,OCL03474.1
192,6,13,5,8,6,8,10,5,XP_003347627.1
193,6,13,5,9,6,8,10,5,AGV05132.1
194,6,13,5,8,6,8,10,5,RGP70583.1
195,6,13,5,8,6,8,10,5,AAS82858.1
196,0,13,5,10,6,8,10,5,XP_025513392.1
197,6,13,5,10,6,8,10,5,KZL68682.1
198,5,13,5,10,6,8,10,5,PSN60334.1
199,5,3,5,8,6,8,10,5,XP_024683778.1
200,0,13,5,10,6,8,10,5,OOQ84669.1
201,6,16,5,9,6,8,10,5,KXH31776.1
202,5,13,5,10,6,8,12,5,XP_025398863.1
203,6,13,5,8,6,8,10,5,KFY14413.1
204,6,13,5,8,6,8,10,5,RFN53142.1
205,5,13,5,10,6,8,10,5,KKY25279.1
206,5,13,5,10,6,8,10,5,KKK12991.1
207,11,13,5,10,6,8,10,5,ADZ44605.1
208,6,13,5,8,6,8,12,5,PSS05283.1
209,5,13,5,8,6,8,10,5,PMD29555.1
210,5,13,5,10,6,8,12,5,XP_025472194.1
211,5,13,5,10,6,8,10,5,KXG52935.1
212,5,13,5,10,6,8,10,5,XP_002562756.1
213,5,13,5,10,6,8,10,5,XP_024740423.1
214,5,13,5,10,6,8,10,5,XP_018071924.1
215,6,13,5,8,6,8,10,5,RMJ11822.1
216,5,13,5,10,6,8,12,5,XP_025547369.1
217,5,13,5,10,6,8,12,5,PYH99051.1
218,5,13,5,10,6,8,10,5,OQE45081.1
219,2,13,5,10,6,8,7,5,KLO10251.1
220,6,13,5,8,6,8,10,5,KIL95094.1
221,6,13,5,8,6,8,10,5,KFY40232.1
222,5,13,5,8,6,8,10,5,PQE21574.1
223,5,13,5,10,6,8,7,5,RDB20782.1
224,6,13,5,8,6,8,10,5,XP_003054277.1
225,5,13,5,10,6,8,10,5,OJI96612.1
226,0,13,5,10,6,8,10,5,KKK13091.1
227,5,13,5,10,6,8,10,5,XP_026601070.1
228,5,13,5,10,6,8,8,5,EJD55681.1
229,5,13,5,10,6,8,10,5,OJJ62476.1
230,5,13,5,10,6,8,12,5,XP_025536085.1
231,6,13,5,8,6,8,10,5,AAX60001.1
232,5,13,5,10,6,8,7,5,EMD37785.1
233,6,13,5,8,6,8,10,5,XP_022479705.1
234,6,13,5,8,6,8,10,5,KKF96734.1
235,6,13,5,8,6,8,10,5,KFX92953.1
236,6,13,5,8,6,8,10,5,XP_008094211.1
237,6,13,5,8,6,8,10,5,AAS82856.1
238,0,13,5,10,6,8,10,5,XP_025543035.1
239,6,13,5,8,6,8,10,5,PNH75385.1
240,6,13,5,8,6,8,10,5,EQB52258.1
241,5,13,5,10,6,8,8,5,KZV84994.1
242,0,13,5,10,6,8,10,5,KKK16539.1
243,6,13,5,8,6,8,10,5,RMJ19031.1
244,5,13,5,10,6,8,7,5,KIJ37522.1
245,6,13,5,8,6,8,10,5,ELA31292.1
246,6,13,5,8,6,8,10,5,XP_018157740.1
247,0,13,5,10,6,8,10,5,OJJ72950.1
248,0,13,5,10,6,8,10,5,OJJ56383.1
249,2,13,5,8,6,8,10,5,KIM94065.1
250,0,13,5,10,6,8,10,5,XP_001212905.1
251,6,13,5,8,6,8,10,5,XP_025587954.1
252,5,13,5,10,6,8,10,5,CZR68514.1
253,5,13,5,8,6,8,10,5,ENH80012.1
254,5,13,5,10,6,8,8,5,KZV94032.1
255,5,13,5,10,6,8,10,5,XP_018065128.1
256,5,13,5,8,6,8,7,5,AAK95563.1
257,5,13,5,10,6,8,12,5,XP_025447227.1
258,5,13,5,10,6,8,10,5,OQE24240.1
259,5,13,5,10,6,8,7,5,KJA25341.1
260,5,13,5,10,6,8,12,5,PYI34595.1
261,6,13,5,10,6,8,10,5,AUS45842.1
262,6,13,5,8,6,8,10,5,XP_018743614.1
263,5,13,5,10,6,8,10,5,XP_024701747.1
264,5,13,5,10,6,8,10,5,OQD87720.1
265,0,13,5,10,6,8,10,5,OQD87155.1
266,0,13,5,10,6,8,10,5,XP_020059320.1
267,5,13,5,8,6,8,10,5,KKY37789.1
268,6,13,5,8,6,8,10,5,EXM24103.1
269,6,13,5,8,6,8,10,5,XP_007827277.1
270,5,13,5,10,6,8,12,5,XP_025533339.1
271,0,13,5,10,6,8,10,5,XP_662780.1
272,5,13,5,10,6,8,10,5,4V1Z_A
273,6,13,5,8,6,8,10,5,KFZ25243.1
274,0,13,5,10,6,8,10,5,PYI27457.1
275,6,13,5,10,6,6,7,5,AFH78149.1
276,6,13,5,8,6,8,10,5,KPM40511.1
277,5,13,5,8,6,8,10,5,KIN07581.1
278,5,13,5,10,6,8,10,5,XP_016597479.1
279,6,13,5,9,6,8,10,5,AXB50469.1
280,5,13,5,10,6,8,10,5,OQE02994.1
281,6,13,5,8,6,8,10,5,CRK28675.1
282,6,13,5,10,6,8,10,5,CCF42634.1
283,0,13,5,10,6,8,10,5,XP_025498704.1
284,6,13,5,8,6,8,10,5,PNP77274.1
285,5,13,5,10,6,8,10,5,PMD48935.1
286,0,13,5,10,6,8,10,5,XP_022493462.1
287,5,13,5,8,6,8,10,5,KFY10639.1
288,6,13,5,9,6,8,10,5,ENH84238.1
289,5,13,5,10,6,8,10,5,XP_025429508.1
290,6,13,5,8,6,8,10,5,OIW31667.1
291,6,13,5,10,6,8,10,5,KZL85448.1
292,5,13,5,10,6,8,7,5,KDR74837.1
293,6,13,5,8,6,8,10,5,ROW00951.1
294,6,13,5,10,6,6,7,5,XP_007307222.1
295,5,13,5,11,6,8,10,5,XP_003833528.1
296,2,13,5,9,6,8,10,5,AEL78900.1
297,0,13,5,10,6,8,10,5,XP_025428630.1
298,5,13,5,10,6,8,7,5,KJA25342.1
299,0,13,5,10,6,8,10,5,OJJ06329.1
300,0,13,5,10,6,8,10,5,XP_025486698.1
301,0,13,5,10,6,8,10,5,XP_024700745.1
302,0,13,5,10,6,8,10,5,OJJ35654.1
303,0,13,5,10,6,8,10,5,XP_022387841.1
304,5,13,5,9,6,8,7,5,KIK70404.1
305,6,13,5,8,6,8,10,5,KDN67552.1
306,6,13,5,8,6,8,10,5,AAS82857.1
307,6,13,5,8,6,8,10,5,P46238.1
308,5,13,5,10,6,8,10,5,KKK24942.1
309,6,13,5,8,6,8,10,5,RNJ58757.1
310,6,13,5,8,6,8,10,5,RGP59830.1
311,5,13,5,8,6,8,7,5,GAW10594.1
312,5,13,5,8,6,8,10,5,XP_018068021.1
313,6,13,5,10,6,8,10,5,OAA61071.1
314,5,13,5,10,6,8,8,5,KZV94040.1
315,5,13,5,10,6,8,7,5,ADN88316.1
316,5,13,5,8,6,8,10,5,CZR58875.1
317,5,13,5,11,6,8,10,5,OAL06487.1
318,0,13,5,10,6,8,10,5,XP_026600870.1
319,0,13,5,10,6,8,10,5,PYI12875.1
320,5,13,5,10,6,8,12,5,O59843.1
321,5,13,5,8,6,8,7,5,KIK57628.1
322,6,13,5,10,6,8,10,5,XP_007913447.1
323,0,13,5,10,6,8,10,5,OQE22327.1
324,6,13,5,10,6,8,10,5,KXX83357.1
325,0,13,5,10,6,8,10,5,XP_015409042.1
326,6,13,5,10,6,8,10,5,XP_016583611.1
327,6,13,5,9,6,8,10,5,AEL22122.1
328,5,13,5,10,6,8,10,5,RAO69446.1
329,6,13,5,10,6,8,7,5,PPQ75293.1
330,6,13,5,9,6,8,10,5,XP_001903333.1
331,2,13,5,9,6,8,10,5,4XEB_A
332,0,13,5,10,6,8,10,5,XP_025403700.1
333,5,13,5,8,6,8,10,5,PVH74670.1
334,5,13,5,10,6,8,10,5,XP_018030942.1
335,5,13,5,8,6,8,10,5,KFY73186.1
336,0,13,5,10,6,8,10,5,KOS36334.1
337,6,13,5,9,6,8,10,5,VBB76653.1
338,2,13,5,10,6,8,10,5,XP_022582518.1
339,6,13,5,8,6,8,10,5,KFY40024.1
340,0,13,5,10,6,8,10,5,XP_002376207.1
341,5,13,5,10,6,8,8,5,KZV87868.1
342,5,13,5,8,6,8,10,5,KUI63569.1
343,6,13,5,8,6,8,10,5,ORY62425.1
344,6,13,5,8,6,8,10,5,KFY94689.1
345,5,13,5,8,6,8,10,5,KFX98284.1
346,5,13,5,10,6,8,10,5,XP_024743467.1
347,2,13,5,10,6,6,7,5,KIJ67443.1
348,6,13,5,9,6,8,10,5,EXF78223.1
349,5,13,5,10,6,8,7,5,CDJ79819.1
350,5,13,5,8,6,8,10,5,XP_001590256.1
351,5,13,5,10,6,8,10,5,PGH04215.1
352,5,13,5,10,6,8,2,5,KZT38150.1
353,6,13,5,8,6,6,10,5,KFA62033.1
354,5,13,5,10,6,8,10,5,CCX33723.1
355,6,13,5,9,6,8,10,5,5W11_A
356,0,13,5,10,6,8,10,5,OQD66934.1
357,5,13,5,10,6,6,7,5,KZP26731.1
358,5,13,5,10,6,8,10,5,KYQ92394.1
359,5,13,5,8,6,8,10,5,XP_001550707.1
360,2,13,5,10,6,8,7,5,KLO11714.1
361,6,13,5,10,6,8,10,5,KIH88199.1
362,6,13,5,8,6,6,10,5,KFA75877.1
363,0,13,5,10,6,8,10,5,AGW24291.1
364,6,13,5,8,6,8,10,5,PNH45221.1
365,0,13,5,10,6,8,10,5,PIG82932.1
366,0,13,5,10,6,8,10,5,KGO77304.1
367,0,13,5,10,6,8,10,5,XP_025550540.1
368,5,13,5,10,6,8,7,5,OCH90239.1
369,0,13,5,10,6,8,10,5,CEN61393.1
370,5,13,5,8,6,8,10,5,XP_018133188.1
371,5,13,5,11,6,8,10,5,XP_008031204.1
372,0,13,5,10,6,8,10,5,XP_014531257.1
373,0,13,5,10,6,8,10,5,KJK66486.1
374,5,13,5,10,6,8,7,5,KDR74808.1
375,6,13,5,3,6,8,10,5,XP_014171382.1
376,5,13,5,11,6,8,10,5,OWY47737.1
377,0,13,5,10,6,8,10,5,CDM33480.1
378,6,13,5,10,6,8,10,5,OIW24890.1
379,5,13,5,8,6,8,10,5,OBT45818.1
380,6,13,5,8,6,8,10,5,ROV93195.1
381,5,13,5,10,6,8,7,5,KDR74807.1
382,6,13,5,8,6,8,10,5,ROW00439.1
383,0,13,5,10,6,8,10,5,XP_001272622.1
384,5,13,5,8,6,8,10,5,RDW61389.1
385,5,13,5,10,6,8,10,5,4ZZT_A
386,6,13,5,8,6,6,10,5,KEY67882.1
387,5,13,5,8,6,8,10,5,PMD30352.1
388,5,13,5,10,6,8,10,5,ORX99021.1
389,5,13,5,10,6,8,7,5,KZV65465.1
390,5,13,5,10,6,8,7,5,PQE27625.1
391,5,13,5,8,6,8,10,5,OBT43925.1
392,0,13,5,10,6,8,10,5,KXG45468.1
393,5,13,5,8,6,8,10,5,OBT79771.1
394,2,13,5,10,6,8,10,5,RMJ28090.1
395,5,13,5,11,6,8,10,5,RII24917.1
396,6,13,5,8,6,8,10,5,OLN86165.1
397,5,13,5,8,6,8,10,5,OBT64007.1
398,6,13,5,10,6,8,8,5,XP_018030994.1
399,5,13,5,10,6,8,7,5,KNZ77904.1
400,5,13,5,8,6,8,10,5,OBT78251.1
401,5,13,5,10,6,8,12,5,RAK78808.1
402,5,13,5,10,6,8,12,5,XP_025501606.1
403,5,13,5,10,6,8,7,5,PQE19578.1
404,5,13,5,8,6,8,10,5,KFZ24653.1
405,5,13,5,8,6,8,10,5,KFY11132.1
406,6,13,5,9,6,8,10,5,XP_022469567.1
407,5,13,5,10,6,8,7,5,KXN82743.1
408,5,13,5,10,6,8,7,5,KDR74810.1
409,6,13,5,10,6,8,10,5,XP_003350595.1
410,5,13,5,8,6,8,10,5,CZT10876.1
411,5,13,5,10,6,8,7,5,XP_001555330.1
412,0,13,5,10,6,8,10,5,KUM60509.1
413,0,13,5,10,6,8,10,5,CRL17112.1
414,6,13,5,10,6,8,10,5,ORY61311.1
415,5,13,5,8,6,8,10,5,KFZ11669.1
416,5,13,5,10,6,8,10,5,EWC47260.1
417,6,13,5,9,6,8,10,5,P15828.2
418,2,13,5,10,6,8,10,5,PMD36707.1
419,5,13,5,10,6,8,7,5,RDB20742.1
420,5,13,5,10,6,8,10,5,XP_025490257.1
421,2,13,5,10,6,8,4,5,XP_001593518.1
422,5,13,5,10,6,8,10,5,EPS37206.1
423,5,13,5,10,6,8,12,5,PYI05517.1
424,6,13,5,8,6,8,10,5,GAW21887.1
425,0,13,5,10,6,8,10,5,OQE08414.1
426,0,13,5,10,6,8,10,5,OQE00996.1
427,0,13,5,10,6,8,10,5,XP_016593736.1
428,5,13,5,8,6,8,10,5,KFX89124.1
429,5,13,5,8,6,8,10,5,RDW71739.1
430,0,13,5,10,6,8,10,5,EYE99640.1
431,5,13,5,10,6,8,11,5,KNZ74329.1
432,5,13,5,8,6,8,10,5,KFX89475.1
433,0,13,5,10,6,8,10,5,BAC07256.1
434,6,13,5,8,6,8,10,5,GAP83010.1
435,0,13,5,10,6,8,10,5,XP_024673154.1
436,5,13,5,8,6,8,10,5,CZT04824.1
437,0,13,5,10,6,8,10,5,ODM23691.1
438,5,13,5,8,6,8,10,5,CEJ81038.1
439,5,13,5,10,6,8,7,5,KDQ16754.1
440,5,13,5,10,6,8,8,5,EJD47754.1
441,6,13,5,9,6,8,10,5,KXH59751.1
442,5,13,5,8,6,8,10,5,RDW66483.1
443,5,13,5,10,6,8,10,5,PVH79537.1
444,5,13,5,10,6,8,12,5,XP_020055541.1
445,6,13,5,8,6,6,7,5,KIO30842.1
446,2,13,5,10,6,8,7,5,KZV75433.1
447,6,13,5,8,6,8,10,5,ENH60968.1
448,1,13,5,7,6,7,10,5,P38676.1
449,0,13,5,10,6,8,10,5,XP_022406041.1
450,5,13,5,10,6,8,2,5,KDN38337.1
451,5,13,5,8,6,8,10,5,OBT60971.1
452,2,12,5,10,6,8,10,5,Q06886.1
453,0,13,5,10,6,8,10,5,XP_002562376.1
454,0,13,5,10,6,8,10,5,OQE90407.1
455,5,13,5,10,6,6,7,5,KZP29337.1
456,7,13,5,10,6,8,10,5,XP_011119724.1
457,5,13,5,8,6,8,10,5,RDL35936.1
458,5,13,5,10,6,8,8,5,EJD53243.1
459,5,13,5,10,6,8,7,5,KXN81905.1
460,5,13,5,10,6,8,7,5,AAT64006.1
461,5,13,5,10,6,8,7,5,OCH88340.1
462,5,13,5,8,6,8,10,5,KFY35180.1
463,5,13,5,10,6,8,8,5,EJD53248.1
464,5,13,5,10,6,8,7,5,APA08612.1
465,6,13,5,10,6,8,7,5,RDB24361.1
466,5,13,5,8,6,8,10,5,KFY17200.1
467,5,13,5,10,6,8,2,5,CUA75811.1
468,6,13,5,10,6,8,10,5,AGV05124.1
469,6,13,5,8,6,8,10,5,EGU81053.1
470,5,13,5,8,6,8,10,5,PQE09460.1
471,6,13,5,10,6,8,10,5,AGV05129.1
472,5,13,5,11,6,8,10,5,XP_014079635.1
473,5,13,5,11,6,8,10,5,XP_007702495.1
474,5,13,5,10,6,8,10,5,PVI03788.1
475,6,13,5,10,6,8,10,5,CAM98446.1
476,0,13,5,10,6,8,10,5,XP_024691088.1
477,5,13,5,10,6,8,8,5,KIM22435.1
478,6,13,5,10,6,8,8,5,KDQ29416.1
479,2,13,5,10,6,8,4,5,XP_024550696.1
480,5,13,5,8,6,8,10,5,KFY85476.1
481,6,13,5,10,6,8,8,5,PPQ99255.1
482,5,13,5,10,6,8,2,5,CUA76416.1
483,5,13,5,10,6,8,7,5,KII85870.1
484,0,13,5,10,6,8,10,5,OQE30246.1
485,5,13,5,10,6,8,7,5,PQE26942.1
486,2,13,5,8,6,8,10,5,ROW08279.1
487,6,13,5,10,6,8,10,5,PKS11422.1
488,5,13,5,10,6,6,7,5,KZP29345.1
489,2,13,5,10,6,8,4,5,EMR83546.1
490,5,13,5,11,6,8,10,5,EFQ90786.1
491,2,13,5,10,6,8,8,5,OBZ73447.1
492,2,13,5,8,6,8,10,5,ROW03477.1
493,0,13,5,10,6,8,10,5,PLN84595.1
494,0,13,5,10,6,8,10,5,OQE45958.1
495,5,13,5,11,6,8,10,5,OAL53425.1
496,5,13,5,8,6,8,10,5,KFY43603.1
497,5,13,5,8,6,8,10,5,CCA94938.1
498,2,13,5,10,6,9,8,5,BAA76365.1
499,5,13,5,10,6,8,2,5,KZT42342.1
500,6,13,5,8,6,6,7,5,KIO22127.1
501,5,13,5,10,6,8,2,5,EUC58409.1
502,5,13,5,11,6,8,10,5,XP_007690051.1
503,6,13,5,10,6,8,10,5,XP_007837045.1
504,5,13,5,8,6,8,10,5,PQE13871.1
505,5,13,5,8,6,8,10,5,KFY30436.1
506,2,13,5,10,6,7,4,5,XP_007391667.1
507,6,13,5,10,6,8,10,5,XP_003650402.1
508,5,13,5,10,6,8,10,5,XP_647587.1
509,5,13,5,11,6,8,10,5,XP_014556760.1
510,5,13,5,10,6,8,2,5,KEP46235.1
511,6,13,5,10,6,8,10,5,EPE10387.1
512,6,13,5,9,6,8,10,5,4CSI_A
513,6,13,5,8,6,8,8,5,ORY11399.1
514,6,13,5,8,6,8,10,5,OLN87954.1
515,6,13,5,10,6,8,10,5,XP_016639261.1
516,5,13,5,10,6,8,8,5,XP_007269363.1
517,5,13,5,10,6,8,8,5,RDB20585.1
518,2,13,5,8,6,8,10,5,KUI69789.1
519,6,13,5,8,6,9,10,6,RNJ57945.1
520,6,13,5,10,6,8,8,5,PVI00561.1
521,6,13,5,9,6,8,10,5,GAW23997.1
522,5,13,5,10,6,8,10,5,XP_008082625.1
523,5,13,5,10,6,8,10,5,XP_003287745.1
524,2,13,5,10,6,7,4,5,KIP07351.1
525,5,13,5,11,6,8,10,5,XP_018379328.1
526,5,13,5,10,6,8,7,5,KDQ11533.1
527,6,13,5,8,6,8,8,5,PPQ91089.1
528,6,13,5,8,6,6,7,5,KIO32104.1
529,5,13,5,10,6,8,7,5,ESZ95596.1
530,5,13,5,8,6,8,10,5,PSR82103.1
531,5,13,5,10,6,8,10,5,4ZZP_A
532,5,13,5,10,6,8,7,5,KDQ08314.1
533,5,13,5,8,6,8,10,5,KFY57321.1
534,2,13,5,10,6,6,2,5,KDQ60879.1
535,5,13,5,10,6,8,7,5,RFU24712.1
536,5,13,5,10,6,8,2,5,KZS88000.1
537,6,13,5,8,6,8,8,5,KDR74830.1
538,5,13,5,10,6,8,2,5,CCO37654.1
539,5,13,5,10,6,8,7,5,XP_007333581.1
540,6,13,5,10,6,8,8,5,OCL10685.1
541,5,13,5,10,6,8,2,5,ELU39808.1
542,5,13,5,10,6,8,8,5,KZV96794.1
543,5,13,5,10,6,8,10,5,4ZZQ_A
544,5,13,5,10,6,8,2,5,KEP49583.1
545,6,13,5,10,6,8,8,5,KDQ29446.1
546,6,12,5,8,6,8,10,5,KFA50817.1
547,5,13,5,10,6,8,7,5,KDQ16044.1
548,5,13,5,10,6,8,10,5,XP_020125604.1
549,5,13,5,10,6,8,2,5,EUC58347.1
550,2,13,5,10,6,8,8,5,BAJ07534.1
551,5,13,5,8,6,9,10,6,CRK11086.1
552,2,13,5,10,6,8,4,5,ESZ96488.1
553,5,13,5,10,6,8,10,5,CZT43176.1
554,5,13,5,10,6,14,7,5,KIJ36208.1
555,5,13,5,10,6,8,10,5,KKY21377.1
556,2,13,5,8,6,8,10,5,KUI52933.1
557,5,13,5,8,6,8,10,5,XP_008081089.1
558,5,13,5,10,6,8,10,5,XP_004357991.1
559,5,13,5,10,6,8,7,5,XP_001596118.1
560,5,13,5,10,6,8,10,5,EOD51529.1
561,5,13,5,8,6,8,10,5,KUI54578.1
562,6,13,5,10,6,8,8,5,KDQ29419.1
563,2,13,5,10,6,8,4,5,PVH82522.1
564,5,13,5,10,6,8,7,5,XP_006463825.1
565,6,12,5,8,6,8,10,5,KFA70453.1
566,5,13,5,10,6,8,2,5,KDN46927.1
567,6,13,5,8,6,8,10,5,CAA68840.1
568,2,13,5,10,6,6,7,5,KIJ62361.1
569,5,13,5,10,6,8,2,5,KZT33759.1
570,5,13,5,10,6,8,2,5,KZS87494.1
571,6,13,5,10,6,8,8,5,RPA85863.1
572,6,13,5,10,6,8,8,5,KDQ28976.1
573,6,13,5,10,6,8,2,5,ELU36802.1
574,5,13,5,10,6,8,7,5,KXN91625.1
575,5,13,5,10,6,8,2,5,CCO32610.1
576,6,13,5,10,6,8,10,5,PGH09860.1
577,5,13,5,10,6,8,2,5,EUC59275.1
578,5,13,5,10,6,8,2,5,CCO33072.1
579,6,13,5,9,6,8,10,5,KXH62566.1
580,5,13,5,10,6,8,2,5,CUA70548.1
581,6,13,5,10,6,8,10,5,KDN65609.1
582,5,13,5,10,6,8,10,5,XP_007296374.1
583,2,13,5,10,6,6,2,5,XP_007388187.1
584,5,13,5,10,6,6,7,5,KZP26727.1
585,2,13,5,8,6,8,8,5,PVF92348.1
586,6,13,5,10,6,8,8,5,XP_018385458.1
587,6,13,5,9,6,8,10,5,KXH36146.1
588,6,8,0,0,6,8,10,5,KLU85411.1
589,6,13,5,10,6,8,7,5,PPR06726.1
590,6,13,5,9,6,8,10,5,KXH45986.1
591,2,13,5,10,6,7,4,5,XP_007401163.1
592,5,13,5,10,6,8,8,5,AAT64007.1
593,5,13,5,10,6,8,10,5,OMP85207.1
594,5,13,5,10,6,8,2,5,EUC59570.1
595,6,13,5,10,6,8,8,5,XP_003837470.1
596,6,13,5,9,6,8,10,5,XP_022475738.1
597,5,13,5,10,6,6,7,5,KZP29034.1
598,2,13,5,10,6,7,4,5,AAB46373.1
599,2,13,5,10,6,7,4,5,XP_007400937.1
600,2,13,5,8,6,8,8,5,PVF92312.1
601,6,13,5,10,6,8,8,5,PPR00364.1
602,5,13,5,10,6,8,7,5,KDR74971.1
603,6,13,5,8,6,8,8,5,PPQ77938.1
604,5,13,5,10,6,8,7,5,KDQ13783.1
605,6,13,5,9,6,8,10,5,ENH81208.1
606,6,13,5,9,6,8,10,5,KZL66563.1
607,2,13,5,10,6,8,7,5,KZV75342.1
608,5,13,5,10,6,8,2,5,KZS96647.1
609,6,13,5,9,6,8,10,5,KZL78322.1
610,6,13,5,10,6,8,10,5,OAA59800.1
611,5,13,5,10,6,8,7,5,KIJ50966.1
612,2,13,5,10,6,9,8,5,BAA76364.1
613,5,13,5,10,6,8,8,5,KIM25002.1
614,5,13,5,10,6,8,7,5,KIJ29046.1
615,6,13,5,8,6,9,10,6,XP_009656415.1
616,2,13,5,10,6,6,2,5,XP_007384596.1
617,6,13,5,10,6,8,8,5,XP_007269625.1
618,5,13,5,10,6,8,2,5,CUA77192.1
619,5,13,5,10,6,8,10,5,XP_004354247.1
620,6,13,5,10,6,8,10,5,XP_008099950.1
621,5,13,5,10,6,8,7,5,XP_007294260.1
622,2,13,5,10,6,9,8,5,BAD16575.1
623,5,13,5,10,6,8,8,5,OCB90904.1
624,5,13,5,10,6,8,7,5,KIJ34263.1
625,6,13,5,10,6,8,8,5,KIY68497.1
626,6,13,5,10,6,8,10,5,PGH13437.1
627,6,13,5,9,7,8,10,5,ENH84678.1
628,6,13,5,10,6,8,8,5,KIY68121.1
629,6,12,1,8,6,8,10,5,KFA73333.1
630,6,13,5,9,6,8,10,5,KDN61204.1
631,6,13,5,10,6,8,8,5,PFH51627.1
632,5,13,5,10,6,6,10,5,XP_012748734.1
633,5,13,5,8,6,8,7,5,KIK58814.1
634,6,13,5,10,6,8,8,5,KDQ28893.1
635,5,13,5,10,6,6,7,5,KZP29331.1
636,5,13,5,10,6,8,7,5,KXN91715.1
637,5,13,5,10,6,8,7,5,KDQ16756.1
638,5,13,5,10,6,6,7,5,BAH59084.1
639,5,13,5,10,6,8,2,5,EUC59442.1
640,2,13,5,10,6,8,8,5,PAV16850.1
641,6,13,5,9,6,8,10,5,CCF41856.1
642,2,13,5,10,6,8,9,5,OBZ74435.1
643,5,13,5,10,6,6,7,5,XP_007773670.1
644,6,13,5,8,6,8,8,5,KIY62046.1
645,2,13,5,10,6,7,4,5,CAA80252.1
646,6,13,5,9,6,8,10,5,ELA29756.1
647,6,13,5,10,6,8,8,5,OAL54287.1
648,6,13,5,9,6,8,10,5,XP_008091285.1
649,5,13,5,10,6,8,8,5,KDQ28942.1
650,5,13,5,10,6,8,8,5,PBK69122.1
651,2,13,5,10,6,7,4,5,KIP10054.1
652,2,13,5,8,6,8,8,5,PVF94991.1
653,6,13,5,10,6,8,8,5,XP_007682689.1
654,6,13,5,10,6,8,8,5,BAQ59234.1
655,6,13,5,10,6,8,10,5,XP_016590202.1
656,4,13,5,10,6,8,9,5,EMD41386.1
657,6,13,5,9,7,8,10,5,AUS45834.1
658,2,13,5,8,6,8,8,5,PVF92349.1
659,6,13,5,10,6,8,8,5,KNG47004.1
660,6,13,5,10,6,8,8,5,RPB22498.1
661,6,13,5,10,6,8,10,5,XP_003386578.1
662,6,13,5,10,6,8,8,5,XP_007711063.1
663,5,13,5,10,6,8,7,5,KDQ16755.1
664,5,13,5,10,6,8,8,5,KDQ28955.1
665,6,13,5,10,6,8,8,5,XP_007694303.1
666,5,13,5,10,6,8,8,5,SJL13708.1
667,5,13,5,10,6,8,10,5,XP_007309483.1
668,5,13,5,10,6,8,8,5,KIM21094.1
669,6,13,5,8,6,8,8,5,KIY69854.1
670,5,13,5,10,6,8,8,5,XP_007360330.1
671,6,13,5,10,6,8,8,5,KZM23976.1
672,5,13,5,10,6,8,7,5,KIJ28439.1
673,5,13,5,10,6,8,2,5,EUC56251.1
674,5,13,5,10,6,6,7,5,KZP10087.1
675,2,13,5,10,6,8,8,5,BAA76363.1
676,6,13,5,10,6,8,8,5,XP_008025548.1
677,5,13,5,10,6,8,2,5,CCO31925.1
678,6,13,5,8,6,9,10,6,RBQ85240.1
679,2,13,5,10,6,7,4,5,CAA82761.1
680,5,13,5,10,6,8,8,5,OCB83901.1
681,5,13,5,10,6,8,8,5,XP_007363020.1
682,2,13,5,10,6,9,8,5,PSR70566.1
683,6,13,5,10,6,8,7,5,PPQ86183.1
684,6,13,5,10,6,8,10,5,KIM23049.1
685,6,13,5,10,6,8,8,5,XP_014084216.1
686,2,13,5,10,6,7,4,5,KIP04535.1
687,5,13,5,10,6,8,12,5,AHI87690.1
688,5,15,5,10,6,6,7,5,KZP24065.1
689,6,13,5,10,6,8,7,5,KDR74809.1
690,2,13,5,10,6,6,2,5,KDQ64435.1
691,5,13,5,10,6,8,8,5,EJD41770.1
692,5,13,5,10,6,8,7,5,CDJ79820.1
693,5,13,5,10,6,8,9,5,OCB88151.1
694,2,13,5,8,6,8,8,5,PVG00368.1
695,6,13,5,10,6,8,8,5,KTB35057.1
696,6,13,5,9,7,8,10,5,KZL81444.1
697,5,13,5,10,6,8,7,5,PVH87632.1
698,6,13,5,10,6,8,8,5,ESK92225.1
699,6,13,5,10,6,8,14,5,OCL12446.1
700,5,13,5,8,6,8,7,5,KIK57629.1
701,2,13,5,10,6,8,4,5,RDW63401.1
702,5,13,5,10,6,8,8,5,BAJ07535.1
703,6,13,5,10,6,8,8,5,XP_009544628.1
704,5,13,5,10,6,6,7,5,KZP29338.1
705,6,13,5,10,6,8,7,5,CZS96657.1
706,6,13,5,10,6,8,8,5,RPD59301.1
707,5,13,5,10,6,8,12,5,EHA26941.1
708,2,13,5,10,6,8,4,5,RDW57293.1
709,5,13,5,10,6,6,7,5,KZP24061.1
710,6,13,5,10,6,8,8,5,RPD64364.1
711,6,13,5,8,6,6,7,5,KIO30425.1
712,5,13,5,10,6,8,8,5,PBK99839.1
713,6,13,5,10,6,8,8,5,OSD03329.1
714,2,13,5,10,6,6,2,5,KDQ59940.1
715,6,13,5,8,6,8,8,5,XP_001798965.1
716,6,13,5,10,6,8,8,5,PPR06743.1
717,6,13,5,10,6,8,10,5,ERS95359.1
718,6,13,5,10,6,8,8,5,PSN61977.1
719,6,13,5,10,6,8,8,5,RMZ72566.1
720,6,13,5,9,6,8,10,5,OTB15818.1
721,6,13,5,10,6,8,8,5,CDO73021.1
722,2,13,5,10,6,9,8,5,PSR72764.1
723,6,13,5,10,6,8,8,5,ORY16703.1
724,2,13,5,8,6,8,10,5,PVF96188.1
725,6,13,5,10,6,8,8,5,OSD03057.1
726,5,13,5,10,6,6,8,5,pir||JC7979
727,2,13,5,10,6,6,2,5,XP_007385833.1
728,5,13,5,10,6,8,7,5,RDL37007.1
729,6,13,5,10,6,8,10,6,OWY46466.1
730,6,13,5,10,6,8,10,5,KIH93361.1
731,6,13,5,8,6,8,10,5,BAF57427.1
732,6,13,5,10,6,8,8,5,XP_018038892.1
733,6,13,5,10,6,8,10,6,OAK99998.1
734,6,13,5,10,6,8,10,5,BAB69425.1
735,5,12,5,10,6,6,7,5,KZP29343.1
736,2,13,5,10,6,6,7,5,KIJ59320.1
737,6,13,5,10,6,8,10,6,KZM28686.1
738,6,13,5,10,6,8,10,6,OSS46742.1
739,6,13,5,8,6,8,8,5,KIM39199.1
740,5,13,5,10,6,3,10,5,PBP23133.1
741,5,13,5,11,6,8,10,5,AAF70170.1
742,6,13,5,9,6,8,10,5,OTA55642.1
743,5,13,5,10,6,8,9,5,OCB88153.1
744,5,13,5,10,6,8,8,5,OSS45006.1
745,5,13,5,10,6,8,2,5,ELU36541.1
746,6,13,5,10,6,8,8,5,CDO77672.1
747,2,13,5,10,6,8,8,5,ADX07301.1
748,6,13,5,10,6,8,8,5,XP_007360649.1
749,3,13,5,10,6,8,7,5,RDW85557.1
750,6,13,5,8,6,6,7,5,KIO32106.1
751,6,13,5,8,6,6,7,5,KIO29104.1
752,5,13,5,11,6,8,10,5,PZC93490.1
753,6,13,5,9,7,8,10,5,OIW22475.1
754,5,13,5,10,6,8,7,5,RPB15720.1
755,5,12,5,10,6,6,7,5,KZP24057.1
756,6,13,5,9,6,8,10,5,XP_007830051.1
757,6,13,5,10,6,8,8,5,EFQ85644.1
758,3,13,5,10,6,8,7,5,RDW75272.1
759,2,13,5,10,6,6,2,5,XP_007388188.1
760,6,13,5,10,6,8,8,5,2XSP_A
761,6,13,5,9,7,8,10,5,OTB20734.1
762,6,13,5,10,6,8,8,5,PIL31386.1
763,6,0,1,0,6,8,10,5,CCF45772.1
764,6,13,5,9,6,8,10,5,GAW12081.1
765,2,13,5,10,6,9,10,5,PSR87218.1
766,6,13,5,9,6,8,10,5,OTB01634.1
767,6,13,5,10,6,8,8,5,PIL25014.1
768,5,13,5,10,6,8,8,5,ABS82449.1
769,6,13,5,10,6,8,8,5,XP_001939369.1
770,6,13,5,10,6,8,10,6,PGH14772.1
771,5,13,5,11,0,8,10,5,XP_001793972.1
772,6,13,5,9,7,8,10,5,KZL77744.1
773,6,13,5,9,6,8,10,5,KLU88254.1
774,2,13,5,10,6,8,7,5,OQO14828.1
775,6,13,5,10,6,8,8,5,RDX51166.1
776,6,13,5,9,6,8,10,5,XP_007912966.1
777,6,13,5,10,6,8,10,6,XP_007696862.1
778,6,13,5,10,6,8,8,5,XP_008032721.1
779,6,13,5,10,6,8,8,5,BAF80326.1
780,6,13,5,9,6,8,10,5,ORY55887.1
781,5,13,5,10,6,8,7,5,XP_018066661.1
782,6,13,5,10,6,8,8,5,CCX05784.1
783,2,13,5,10,6,8,7,5,KIN01384.1
784,6,13,5,10,6,8,8,5,KIM80652.1
785,6,13,5,10,6,8,8,5,PIL31796.1
786,6,13,5,10,6,8,8,5,PVH95218.1
787,5,13,5,10,6,8,8,5,ESK92213.1
788,6,13,5,10,6,8,10,6,XP_007688710.1
789,6,13,5,10,6,8,8,5,OJT09832.1
790,2,13,5,10,6,8,8,5,XP_007673008.1
791,2,0,5,0,6,8,10,5,ACB86851.1
792,6,13,5,10,6,8,10,6,PSN74458.1
793,2,13,5,8,6,8,8,5,OTA25065.1
794,6,13,5,10,6,8,10,6,PSN74518.1
795,2,13,5,8,6,8,8,5,RMY31773.1
796,6,13,5,8,6,9,10,6,ROT38034.1
797,6,13,5,10,6,8,10,6,XP_018035184.1
798,6,13,5,10,6,8,8,5,KDQ27082.1
799,6,13,5,10,6,8,8,5,XP_008038849.1
800,6,13,5,10,6,8,10,6,OAL43114.1
801,7,13,5,10,6,8,7,5,PMD35591.1
802,6,13,5,10,6,8,10,6,PGH01701.1
803,2,13,5,10,6,8,8,5,PAV19410.1
804,6,13,5,10,6,8,10,5,BAF57466.1
805,6,13,5,10,6,8,8,5,KDQ27075.1
806,5,13,5,10,6,8,2,5,KEP49443.1
807,6,13,5,10,6,8,10,5,AKV16370.1
808,6,13,5,10,6,8,8,5,RDX54300.1
809,6,13,5,10,6,8,10,6,XP_014558768.1
810,5,13,5,11,6,8,10,5,XP_001933075.1
811,6,13,5,8,6,8,10,6,ORY17463.1
812,5,13,5,8,6,8,7,5,KIK60233.1
813,6,13,5,10,6,8,8,5,RPD82270.1
814,2,13,5,10,6,8,8,5,PSK38141.1
815,6,13,5,10,6,8,10,5,BAF57469.1
816,6,13,5,9,6,8,10,5,XP_016642695.1
817,5,13,5,10,6,8,8,5,RPB06341.1
818,6,13,5,10,6,8,8,5,ESK92212.1
819,5,13,5,10,6,8,7,5,KNZ72273.1
820,2,13,5,10,6,8,2,5,KDN35441.1
821,6,13,5,10,6,8,10,6,XP_014081814.1
822,6,13,5,8,6,8,8,5,OAL03950.1
823,6,13,5,9,6,8,10,5,XP_016638786.1
824,6,13,5,10,6,8,10,6,XP_008028120.1
825,2,13,5,8,6,8,8,5,RMZ14681.1
826,2,13,5,8,6,8,8,5,RMZ10341.1
827,6,13,5,9,6,8,10,5,KKY31709.1
828,6,13,5,10,6,8,8,5,OSD03237.1
829,5,13,5,10,6,8,8,5,KDQ26525.1
830,2,13,5,8,6,8,8,5,RMY69095.1
831,6,13,5,8,6,6,7,5,KIO25552.1
832,2,13,5,8,6,8,8,5,RMX73146.1
833,6,13,5,9,6,8,10,5,KFH41332.1
834,6,13,5,9,6,8,10,5,ENH88787.1
835,6,13,5,10,6,8,10,5,BAF57465.1
836,2,13,5,10,6,8,2,5,CUA69914.1
837,6,13,5,9,7,8,10,5,OTA88550.1
838,2,13,5,8,6,8,8,5,RMY02589.1
839,2,13,5,8,6,8,8,5,RMY53321.1
840,6,13,5,10,6,8,10,6,XP_003843719.1
841,5,13,5,10,6,8,2,5,CCO30076.1
842,6,13,0,6,6,8,10,5,ELA27029.1
843,6,13,5,10,6,8,8,5,CDO75516.1
844,2,13,5,8,6,8,8,5,OTA30394.1
845,6,13,5,9,6,8,10,5,PKS12972.1
846,2,13,5,8,6,8,8,5,RMY99278.1
847,6,13,5,9,6,8,10,5,AUS45847.1
848,6,13,5,10,6,8,8,5,KDQ27077.1
849,6,13,5,9,6,8,10,5,POS79930.1
850,2,13,5,10,6,8,8,5,PNS18699.1
851,6,13,5,9,7,8,10,5,RKU45105.1
852,2,13,5,10,6,8,4,5,CZT48618.1
853,6,13,5,9,6,8,10,5,XP_007840019.1
854,6,13,5,10,6,8,8,5,CAK18798.1
855,6,13,5,10,6,8,10,6,KNG51834.1
856,5,13,5,10,6,8,8,5,OMP88934.1
857,6,13,5,10,6,8,8,5,KIY62172.1
858,2,13,5,8,6,8,8,5,KFY21962.1
859,2,13,5,10,6,8,8,5,PAV19520.1
860,6,13,5,9,6,8,10,5,EMR67607.1
861,6,14,5,9,7,8,10,5,EMR70594.1
862,6,13,5,9,7,8,10,5,OTA52586.1
863,6,13,5,10,6,8,10,5,BAF57467.1
864,6,13,5,10,6,8,8,5,XP_008032771.1
865,2,13,5,8,6,8,8,5,RMY19941.1
866,6,13,5,10,6,8,8,5,XP_003039008.1
867,2,13,5,10,6,8,2,5,KDN38910.1
868,5,13,5,10,6,8,6,5,XP_001836368.1
869,5,13,5,10,6,8,7,5,CZR52247.1
870,2,13,5,8,6,8,8,5,KFY51671.1
871,6,13,5,9,6,8,10,5,KFA77967.1
872,6,13,5,9,6,8,10,7,RDI80553.1
873,5,13,5,10,6,8,8,5,XP_003029269.1
874,2,13,5,10,6,8,7,5,OQO28419.1
875,2,13,5,10,6,8,8,5,PBK93641.1
876,6,13,5,10,52,8,8,5,PPR00362.1
877,2,13,5,10,6,8,7,5,OQO14372.1
878,6,13,5,10,6,8,8,5,KDQ27097.1
879,6,13,5,8,6,6,7,5,KIO28512.1
880,6,13,5,9,6,8,10,5,PKS05014.1
881,6,13,5,10,6,8,8,5,PBK69204.1
882,5,13,5,11,6,8,10,5,RMZ73897.1
883,5,13,5,10,6,8,6,5,XP_001841626.1
884,2,13,5,10,6,8,2,5,CCO35084.1
885,5,13,5,10,6,8,6,5,XP_001836369.1
886,5,13,5,10,6,6,6,5,KZP24059.1
887,5,13,5,10,6,8,6,5,XP_001836370.2
888,2,13,5,10,6,8,9,5,KZT04277.1
889,6,13,5,9,6,8,10,5,XP_003666507.1
890,6,13,5,10,6,8,8,5,RPD82393.1
891,6,13,5,9,6,8,10,5,XP_003713026.1
892,2,13,5,10,6,8,2,5,EUC55051.1
893,6,13,5,10,6,8,10,5,BAF57302.1
894,6,13,5,10,6,8,8,5,OJT15939.1
895,5,13,5,10,6,8,8,5,OCB92091.1
896,5,13,5,10,6,8,8,5,XP_020133671.1
897,2,13,5,8,6,8,8,5,KEQ63408.1
898,5,13,5,10,6,8,8,5,EOD46148.1
899,6,13,5,10,6,8,8,5,XP_007307038.1
900,6,13,5,9,6,8,10,5,OHW90568.1
901,5,13,5,10,6,8,6,5,XP_001836367.2
902,2,13,5,8,6,8,8,5,XP_013346232.1
903,2,13,5,8,6,8,8,5,XP_013424832.1
904,6,13,5,10,6,8,50,5,PPR02243.1
905,6,13,5,10,6,8,8,5,PBK99760.1
906,6,13,5,10,6,8,8,5,PSN60342.1
907,6,13,5,10,6,8,10,5,BAF57464.1
908,6,0,0,0,6,8,10,5,KFX93646.1
909,6,13,5,9,6,8,10,5,POS72206.1
910,2,13,5,10,6,7,4,5,1GPI_A
911,2,13,5,8,6,8,8,5,CCA72657.1
912,5,13,5,10,6,8,7,5,XP_008086857.1
913,6,13,5,8,6,8,10,5,BAF57422.1
914,6,13,5,9,6,8,10,5,KXH35616.1
915,6,13,5,10,6,12,8,5,OJT14401.1
916,6,13,5,9,7,8,10,5,PKS11792.1
917,6,13,5,9,6,8,10,5,XP_957090.1
918,6,13,5,10,6,8,8,5,CAK18800.1
919,5,13,5,10,6,8,8,5,RDX51039.1
920,6,13,5,9,6,8,10,5,XP_009854730.1
921,6,13,5,9,6,8,10,5,XP_018153042.1
922,6,13,5,9,6,8,10,5,XP_009223722.1
923,6,13,5,10,6,8,10,5,KIY52887.1
924,6,13,5,9,6,8,10,5,EXF80042.1
925,2,13,5,10,6,8,8,5,SJL13626.1
926,6,13,5,9,6,8,10,5,XP_022469744.1
927,6,13,5,9,6,8,9,5,BAF57344.1
928,6,13,5,10,6,8,10,3,ORY01420.1
929,6,13,5,9,6,8,10,5,PNH75077.1
930,6,13,5,9,6,8,10,5,XP_008097850.1
931,5,13,5,10,6,0,10,5,EHL02858.1
932,6,13,5,9,6,8,10,5,KXH25440.1
933,6,13,5,9,6,8,10,5,PNH44921.1
934,6,13,5,9,6,8,10,5,KXX74766.1
935,6,13,5,9,7,8,10,5,XP_009219280.1
936,6,13,5,9,6,8,10,5,PNH54421.1
937,6,13,5,8,6,8,10,5,BAF57425.1
938,2,13,5,10,6,8,8,5,OTA32062.1
939,6,13,5,9,6,8,10,5,KXH62831.1
940,2,13,5,9,7,8,10,5,KXJ88849.1
941,6,13,5,9,6,8,10,5,XP_001225986.1
942,6,9,5,10,6,8,10,5,AGM32530.1
943,6,13,5,10,6,8,8,5,XP_008039631.1
944,6,13,5,9,7,8,10,5,KLU82461.1
945,6,13,5,8,6,8,10,5,BAF57418.1
946,6,13,5,9,6,8,10,5,AAD31545.1
947,6,13,5,8,6,8,10,5,BAF57423.1
948,6,13,5,10,6,8,8,5,OJT07201.1
949,5,0,5,0,6,8,10,5,PBP16287.1
950,5,13,5,10,6,8,8,5,EEB91979.1
951,6,13,5,10,6,8,8,5,RKU46180.1
952,6,13,5,9,7,8,10,5,XP_016645838.1
953,6,13,5,9,6,8,10,5,XP_003720331.1
954,2,13,5,10,6,8,8,5,RMY71362.1
955,6,13,5,9,6,8,10,5,XP_003344013.1
956,6,13,5,9,6,8,10,5,KDN68452.1
957,6,13,5,9,6,8,10,5,OLN96277.1
958,6,13,5,9,6,8,10,5,AAY89412.2
959,6,13,5,9,6,8,10,5,ELA23474.1
960,6,13,5,10,6,8,8,5,KUF92630.1
961,2,13,5,10,3,6,2,5,KDQ59063.1
962,6,13,5,9,6,8,10,5,BAF57342.1
963,2,13,5,8,6,8,8,5,OBT66153.1
964,6,13,5,8,6,8,10,5,BAF57377.1
965,5,13,5,10,6,5,2,5,CUA77027.1
966,6,13,5,9,6,8,10,5,KZL73896.1
967,2,13,5,10,6,8,8,5,OTA25199.1
968,2,13,5,10,6,8,8,5,RMX88744.1
969,6,13,5,10,6,8,8,5,XP_009520749.1
970,6,13,5,10,6,8,9,5,BAF57468.1
971,5,0,0,4,6,8,10,5,OBT55890.1
972,6,13,5,8,6,8,9,5,ADB85437.1
973,6,13,5,10,6,8,10,5,BAF57390.1
974,6,13,5,10,6,8,8,5,RLN21556.1
975,2,13,5,8,6,8,8,5,OBT72953.1
976,2,13,5,8,6,8,8,5,KFZ02543.1
977,6,13,5,9,6,8,10,5,ROT42574.1
978,6,0,3,0,6,8,10,5,GAP88326.2
979,6,13,5,9,6,8,10,5,KFA53816.1
980,2,13,5,8,6,8,8,5,KEQ84078.1
981,2,13,5,8,6,8,8,5,KFZ18927.1
982,6,13,5,10,6,8,10,6,XP_001801296.1
983,6,13,5,10,6,8,8,5,OIW34407.1
984,6,13,5,10,6,8,10,6,AAF70171.1
985,2,13,5,10,6,6,2,5,XP_007384072.1
986,6,13,5,10,6,8,8,5,RLN59059.1
987,6,13,5,10,6,8,8,5,XP_008914865.1
988,6,13,5,9,6,8,10,5,KEY69210.1
989,6,13,5,8,6,8,10,5,BAF57376.1
990,6,13,5,7,6,8,10,5,KFH44057.1
991,2,13,5,8,6,8,8,5,KFY65682.1
992,6,13,5,8,6,8,9,5,ADB85438.1
993,6,13,5,9,6,8,9,5,XP_007415254.1
994,6,13,5,8,6,8,10,5,BAF57389.1
995,6,13,5,10,6,8,8,5,XP_007914695.1
996,2,13,5,8,6,8,8,5,OBW67285.1
997,2,13,5,10,6,8,8,5,RMX96929.1
998,6,13,5,10,6,8,8,5,ETL25714.1
999,6,13,5,10,6,6,8,5,XP_003658767.1
1000,6,13,5,10,6,8,8,5,RAW36579.1
1001,6,13,5,10,6,8,8,5,ETI31880.1
1002,6,13,5,9,7,8,10,5,VBB83558.1
1003,6,13,5,10,6,8,10,5,BAF57382.1
1004,6,13,5,10,6,8,8,5,XP_002904776.1
1005,6,13,5,10,6,8,8,5,XP_024583820.1
1006,5,6,0,0,6,8,2,5,KDN38341.1
1007,2,13,5,10,6,8,8,5,RMX93140.1
1008,6,13,5,9,6,8,10,5,BAF57343.1
1009,2,13,5,8,6,8,8,5,KFY13943.1
1010,6,13,5,10,6,6,9,5,RLN91031.1
1011,2,13,5,10,6,8,2,5,CEL53487.1
1012,6,13,5,10,6,6,9,5,ETM44625.1
1013,2,13,5,10,6,8,8,5,RMY64541.1
1014,6,13,5,10,6,8,9,5,XP_007415255.1
1015,6,13,5,8,6,8,10,5,BAF57394.1
1016,6,13,5,10,6,8,8,5,AUS45832.1
1017,6,13,5,9,6,8,10,5,CAD56667.1
1018,6,13,5,10,6,6,9,5,XP_002902727.1
1019,2,13,5,8,6,8,8,5,OBT41306.1
1020,2,13,5,8,6,8,8,5,KFY03061.1
1021,6,13,5,10,6,8,10,5,KZS17998.1
1022,6,13,5,10,6,8,8,5,RAW36580.1
1023,6,13,5,9,6,8,10,5,CRK13805.1
1024,2,13,5,8,6,8,8,5,KFY31136.1
1025,6,13,5,9,6,8,10,5,2RFW_A
1026,2,13,5,10,6,6,8,5,XP_001220726.1
1027,6,13,5,9,6,8,9,5,XP_007416070.1
1028,6,13,5,8,6,7,8,5,KJA18704.1
1029,6,13,5,9,6,8,10,5,PNH68923.1
1030,2,13,5,8,6,8,8,5,KFX89304.1
1031,6,13,5,9,6,8,10,5,XP_016643068.1
1032,6,13,5,10,6,8,9,5,RPA73165.1
1033,6,13,5,10,6,8,8,5,OWZ06396.1
1034,6,13,5,10,6,6,9,5,XP_009531399.1
1035,6,13,5,10,6,6,9,5,RAW25327.1
1036,5,13,5,10,0,6,7,5,KZP08603.1
1037,2,13,5,8,1,8,8,5,RMZ23105.1
1038,6,13,5,8,6,8,9,5,4GWA_A
1039,2,13,5,10,6,8,7,5,OQO30258.1
1040,6,13,5,8,0,9,10,6,XP_003007044.1
1041,5,0,0,0,6,8,10,0,XP_020434714.1
1042,6,13,5,10,6,8,9,5,CCA94937.1
1043,2,13,5,10,6,8,8,37,RMY07970.1
1044,6,13,5,8,6,6,8,5,KKY34535.1
1045,6,13,5,10,6,8,8,5,RLN66020.1
1046,6,13,5,10,6,8,9,5,XP_018027108.1
1047,6,13,5,10,6,8,8,5,RMX63785.1
1048,6,13,5,9,6,8,10,5,XP_009651846.1
1049,6,13,5,8,6,6,8,5,POS74672.1
1050,6,13,5,10,6,6,8,5,KXX74890.1
1051,6,13,5,10,6,6,9,5,RLN64642.1
1052,6,13,5,9,6,8,10,5,KEY69583.1
1053,5,12,5,11,0,8,10,5,KNG49289.1
1054,2,13,5,10,6,4,4,5,XP_007396985.1
1055,4,13,4,10,6,8,11,5,GAP83183.1
1056,6,13,5,10,6,6,9,5,CCI48599.1
1057,6,0,0,0,6,8,10,0,RBQ76852.1
1058,6,13,5,8,6,8,8,5,BAF57299.1
1059,2,13,5,8,6,8,8,5,KFY43956.1
1060,5,13,5,8,6,8,10,5,ESZ97145.1
1061,6,13,5,10,6,8,8,5,KTB35046.1
1062,6,13,5,10,6,8,10,5,EFX85218.1
1063,2,13,5,10,6,8,0,5,RMZ16639.1
1064,2,13,5,8,6,8,8,5,KXT09663.1
1065,2,13,5,10,6,6,2,5,KDQ64434.1
1066,6,13,5,10,6,6,8,5,VBB72183.1
1067,6,13,5,10,6,6,9,5,RMX63503.1
1068,6,13,5,10,6,6,9,5,CCA21686.1
1069,5,13,5,11,6,8,10,5,PWO17817.1
1070,6,13,6,10,6,8,9,5,XP_007415325.1
1071,5,13,5,10,6,8,8,5,XP_011128405.1
1072,6,13,5,8,6,8,10,5,BAF57309.1
1073,6,8,5,10,6,8,10,5,OAL52628.1
1074,6,13,5,10,6,8,10,5,4XNN_A
1075,6,13,5,10,6,6,8,5,CCI50359.1
1076,6,13,5,9,6,8,10,5,PKS12553.1
1077,6,13,5,10,6,6,9,5,XP_024576735.1
1078,2,13,5,8,6,8,8,5,XP_007928914.1
1079,6,13,5,10,6,6,9,5,RLM96863.1
1080,6,13,5,8,6,8,8,5,AGT15839.1
1081,6,13,5,10,6,8,10,5,XP_023342726.1
1082,2,13,5,10,6,6,4,5,CAA38274.1
1083,6,13,5,8,6,8,10,5,BAF57313.1
1084,6,13,5,10,6,7,9,5,OAA61285.1
1085,5,13,5,10,6,8,8,5,EPS35170.1
1086,5,15,0,23,6,6,7,5,KZP29346.1
1087,2,13,5,8,6,8,8,5,KXT06251.1
1088,6,13,5,9,6,8,10,5,KFA62579.1
1089,6,13,5,10,6,8,9,5,ERS95138.1
1090,2,13,5,10,6,8,6,5,OBZ75906.1
1091,6,13,5,8,6,8,8,5,BAF57308.1
1092,6,13,5,8,6,8,12,5,AGT15840.1
1093,6,13,5,10,6,6,8,5,XP_006695708.1
1094,6,13,5,10,6,6,9,5,RLN77037.1
1095,6,13,5,9,6,8,10,5,KFA66814.1
1096,2,13,5,8,6,8,8,5,EME48496.1
1097,2,13,5,8,6,8,8,5,PKR97084.1
1098,6,13,5,10,6,8,9,5,XP_018027109.1
1099,5,34,35,14,6,8,2,5,KDN35459.1
1100,6,13,5,10,6,8,9,5,AGM37865.1
1101,6,13,1,10,6,8,8,5,KUF92628.1
1102,6,13,5,9,1,8,10,5,KKY35571.1
1103,5,13,5,8,0,8,10,5,EHK97530.1
1104,6,13,5,10,6,6,8,5,AGY80097.1
1105,6,13,5,8,6,8,10,5,BAF57307.1
1106,6,13,0,10,6,8,9,5,XP_009520751.1
1107,6,13,5,10,6,8,9,5,KIH87174.1
1108,5,13,5,8,6,9,8,5,ADB85439.1
1109,6,13,5,8,6,8,10,5,BAF57301.1
1110,6,13,5,8,6,8,10,5,BAF57312.1
1111,6,13,5,10,6,5,10,5,OLQ02135.1
1112,6,13,5,8,6,8,10,5,BAF57297.1
1113,6,13,5,10,6,6,9,5,PLW42863.1
1114,2,13,5,8,6,8,9,5,XP_003852232.1
1115,2,13,5,8,6,8,8,5,XP_023450325.1
1116,2,13,5,8,6,8,9,5,KJX99444.1
1117,5,13,5,9,2,8,7,10,GAT53668.1
1118,6,13,5,8,6,8,10,5,BAG71491.1
1119,1,9,4,10,6,6,4,5,CAA38275.1
1120,2,0,0,0,6,8,8,5,PVF96109.1
1121,6,13,5,10,6,8,9,5,PLW28074.1
1122,2,13,5,8,6,8,8,5,OBT59441.1
1123,2,13,9,10,8,8,10,5,GAT45916.1
1124,6,13,5,8,6,8,10,5,BAF57311.1
1125,6,13,5,10,6,8,9,5,OAV97568.1
1126,5,0,0,0,6,8,7,0,KIJ47804.1
1127,6,13,5,10,6,8,9,5,OAV97564.1
1128,6,13,5,10,6,8,9,5,XP_003331905.1
1129,2,13,5,10,6,6,9,5,KNE97073.1
1130,6,13,5,10,6,8,9,5,KNZ59188.1
1131,6,13,5,10,6,8,9,5,XP_016592602.1
1132,6,14,5,10,7,5,10,5,ADG63074.1
1133,6,13,5,10,6,8,8,5,XP_009520750.1
1134,3,11,4,10,6,8,3,5,KEP49444.1
1135,3,11,4,10,6,8,3,5,EUC56220.1
1136,2,13,5,8,6,8,8,5,PPJ50236.1
1137,0,13,5,10,0,8,10,5,EKG18618.1
1138,6,14,5,10,6,4,8,5,ADG63073.1
1139,6,13,5,10,6,8,9,5,KNE99496.1
1140,2,13,5,9,6,3,10,5,ASK39989.1
1141,6,15,5,13,6,8,9,5,KXX73231.1
1142,6,13,5,10,6,8,9,5,XP_003331897.1
1143,6,13,5,8,6,6,9,5,KNZ56975.1
1144,2,14,5,10,6,10,10,5,OLQ08924.1
1145,2,13,5,10,6,6,9,5,POW10034.1
1146,6,13,5,10,5,6,11,5,KIO27501.1
1147,6,13,5,10,6,8,9,5,GAY02858.1
1148,6,13,5,10,6,8,9,5,KNE99526.1
1149,5,13,6,10,6,8,12,5,AGU16949.1
1150,0,13,5,9,0,8,10,5,CDF76458.1
1151,6,13,5,10,6,6,11,5,KIO21212.1
1152,5,13,5,9,6,6,7,5,KIO23989.1
1153,3,34,5,10,6,6,8,5,KIO27347.1
1154,6,13,5,10,6,6,9,5,XP_003325148.2
1155,0,13,5,10,0,8,8,5,KZV87842.1
1156,4,11,5,10,6,9,1,5,XP_018030115.1
1157,5,13,6,1,7,0,0,3,XP_007412481.1
1158,2,13,5,10,2,2,6,5,CDW73805.1
1159,0,13,5,10,0,8,2,5,CCO34556.1
1160,6,13,5,10,6,6,9,5,OAV91121.1
1161,7,13,5,1,5,0,3,3,OCL07667.1
1162,6,13,5,9,6,8,8,5,RBQ79249.1
1163,5,0,0,7,6,8,2,0,CUA77171.1
1164,6,16,5,9,6,8,7,5,KXH37027.1
1165,6,13,5,9,6,8,8,5,CRK21343.1
1166,6,0,0,0,6,6,9,0,RLN02619.1
1167,2,14,5,10,6,10,10,5,OLP86078.1
1168,6,13,5,9,6,8,8,5,CRK18119.1
1169,4,11,5,10,6,8,2,5,ORY13610.1
1170,2,0,5,0,6,8,8,5,AAD41096.2
1171,3,10,5,1,5,0,0,3,GAT55931.1
1172,5,15,5,9,6,8,5,5,CRK17239.1
1173,6,13,5,10,6,8,9,5,POW05784.1
1174,0,13,5,10,0,8,7,5,PPQ80913.1
1175,7,13,5,1,5,0,3,3,RDL41000.1
1176,6,14,5,6,2,5,8,5,XP_005770716.1
1177,2,0,0,0,6,8,8,0,KFY27597.1
1178,6,13,5,10,6,6,9,5,XP_003325151.1
1179,2,13,5,10,6,0,9,5,XP_008899321.1
1180,5,13,6,1,6,0,0,3,RDI79222.1
1181,7,13,5,1,5,0,3,3,OIW32764.1
1182,2,8,6,1,7,0,1,3,KZP14046.1
1183,6,13,5,10,6,2,10,5,AGM37866.1
1184,2,13,5,10,6,0,9,5,RLN55379.1
1185,2,13,5,10,2,2,2,5,EJY73874.1
1186,6,16,5,9,6,8,7,5,KXH42464.1
1187,2,13,5,10,6,0,9,5,RLN74543.1
1188,2,14,5,10,6,10,10,5,OLQ05972.1
1189,6,15,5,9,6,6,5,5,KZL71246.1
1190,2,13,5,10,6,0,9,5,OWZ04342.1
1191,2,9,5,0,6,0,1,4,PPR04123.1
1192,2,13,5,10,6,6,9,5,POW08321.1
1193,5,6,5,0,0,8,7,5,GAW03175.1
1194,6,11,6,3,6,6,11,5,KDQ28730.1
1195,7,13,5,1,5,0,0,3,CZR67134.1
1196,6,13,5,9,6,8,8,5,RNJ57994.1
1197,0,13,5,6,0,8,9,5,KOO34745.1
1198,6,15,5,8,6,6,10,5,XP_018158912.1
1199,2,13,5,10,6,0,9,5,RAW39452.1
1200,2,13,5,10,6,0,9,5,XP_009527020.1
1201,6,15,5,8,6,6,5,5,KZL85552.1
1202,2,13,5,10,6,0,9,5,OWY98412.1
1203,6,13,5,9,6,8,8,5,XP_009656772.1
1204,7,13,5,1,5,0,0,3,XP_024740754.1
1205,6,16,5,9,6,8,5,5,ELA23765.1
1206,6,15,5,9,6,8,7,5,KFA69645.1
1207,6,13,5,8,6,141,10,6,CRK24563.1
1208,2,9,5,0,6,0,1,4,KDR71392.1
1209,2,0,0,0,3,8,8,5,PVF94990.1
1210,6,13,5,9,6,8,8,5,CRK47348.1
1211,7,13,5,1,5,0,3,3,AUS45846.1
1212,2,12,6,1,6,0,0,3,RDW67636.1
1213,2,13,5,10,6,0,9,5,ETL48594.1
1214,2,9,5,0,6,0,1,4,PPQ70801.1
1215,2,13,5,10,6,0,9,5,XP_008899317.1
1216,8,13,5,1,5,0,3,3,XP_959111.2
1217,2,13,5,10,0,0,9,5,XP_009527014.1
1218,2,13,5,10,8,0,9,5,OWZ15611.1
1219,10,13,5,9,6,8,9,6,KOO34509.1
1220,6,16,5,9,6,8,5,5,EQB46374.1
1221,6,0,0,3,5,6,11,5,KIO27496.1
1222,6,13,5,9,6,8,8,5,CRK16418.1
1223,6,16,5,8,6,5,5,5,ENH83949.1
1224,6,17,5,7,12,13,4,5,XP_008084879.1
1225,6,16,5,9,6,8,6,5,ENH77549.1
1226,8,13,5,1,5,0,3,3,KHE79882.1
1227,7,13,5,1,7,0,0,1,XP_018073185.1
1228,7,13,5,1,6,0,0,1,CZR58529.1
1229,6,13,5,1,5,0,1,3,PMD41034.1
1230,6,13,7,16,7,8,10,5,XP_025374359.1
1231,8,13,5,1,5,0,3,3,XP_009848981.1
1232,2,13,5,10,6,3,8,5,XP_018014717.1
1233,2,13,5,10,5,0,9,5,XP_009530495.1
1234,7,13,5,1,5,0,3,0,PMD36249.1
1235,6,0,45,8,6,8,10,5,BAF57304.1
1236,0,13,5,10,0,6,9,5,KNE97054.1
1237,6,15,5,9,6,8,7,5,KXX81013.1
1238,2,9,5,0,6,0,1,4,KJA25670.1
1239,6,13,5,10,6,3,8,5,XP_018027093.1
1240,7,13,5,1,6,0,0,1,KEY83715.1
1241,7,13,5,1,5,0,0,3,XP_018061549.1
1242,6,13,5,3,6,6,9,5,KDQ32063.1
1243,2,13,4,10,6,6,9,5,POW08326.1
1244,0,13,5,8,0,8,8,5,AAY83392.1
1245,2,13,5,10,6,3,8,5,XP_018027094.1
1246,7,13,5,1,6,0,0,1,OIW30456.1
1247,7,13,5,1,6,0,0,1,RAO66627.1
1248,3,13,5,9,6,2,1,5,XP_003320017.1
1249,3,13,5,1,6,0,0,1,XP_002477827.1
1250,5,13,5,17,6,6,4,5,CCI10223.1
1251,6,13,5,9,6,8,8,5,XP_003000063.1
1252,7,13,5,1,6,0,0,1,GAO84310.1
1253,7,13,5,1,6,0,0,1,OBT55658.1
1254,2,13,5,10,7,3,8,5,XP_018027096.1
1255,5,20,4,9,2,8,7,14,GAT53667.1
1256,2,14,0,10,6,10,10,5,EJK65697.1
1257,8,13,6,1,6,0,0,3,XP_007409501.1
1258,7,13,5,1,6,0,0,1,RLL95915.1
1259,7,13,5,1,6,0,0,1,AGU68559.1
1260,6,13,5,10,6,3,8,5,XP_018027095.1
1261,7,13,5,1,6,0,0,1,AEG74551.1
1262,7,13,5,1,6,0,0,1,XP_001257357.1
1263,7,13,5,1,6,0,0,1,RHZ56946.1
1264,8,13,5,1,5,0,3,3,XP_003349007.2
1265,8,13,5,1,6,0,0,1,KKP04531.1
1266,8,13,5,1,6,0,0,1,CRG91303.1
1267,0,13,5,8,0,6,11,5,KIO27346.1
1268,0,13,5,10,0,5,10,5,OLQ01063.1
1269,8,13,5,1,6,0,0,1,ATQ35969.1
1270,7,13,5,1,6,0,0,1,GAQ03870.1
1271,4,15,5,5,6,0,8,6,EPS37981.1
1272,7,13,5,1,6,0,0,1,XP_022384332.1
1273,7,13,5,1,6,0,0,1,PCH04144.1
1274,7,13,5,1,6,0,0,1,OBT72511.1
1275,7,13,5,1,6,0,0,1,XP_024684773.1
1276,7,13,5,1,6,0,0,1,CEJ57932.1
1277,7,13,5,1,6,0,0,1,OOQ88667.1
1278,6,3,2,9,6,8,9,5,XP_001221752.1
1279,2,13,5,10,0,0,9,5,KUG02309.1
1280,0,14,4,10,0,8,3,5,CEL59238.1
1281,8,13,5,1,6,0,0,1,XP_024769765.1
1282,8,13,5,1,6,0,0,1,XP_003653757.1
1283,7,13,5,1,6,0,0,1,AUS45853.1
1284,8,13,5,1,6,0,0,1,RKU42608.1
1285,7,13,5,1,6,0,0,1,KUL87051.1
1286,7,13,5,1,6,0,0,1,KJK67409.1
1287,2,13,5,10,0,0,9,5,RLN43739.1
1288,8,13,5,1,6,0,0,1,RFU77467.1
1289,7,13,5,1,6,0,0,1,KFX42352.1
1290,7,13,5,1,6,0,0,1,OKP11847.1
1291,8,13,5,1,6,0,0,1,AAX28897.1
1292,7,13,5,1,6,0,0,1,AEL78899.1
1293,2,13,5,10,0,0,9,5,RLN05676.1
1294,2,13,5,10,0,0,9,5,RLN57611.1
1295,3,13,5,9,6,0,1,5,POW06523.1
1296,7,13,5,1,6,0,0,1,EIT75638.1
1297,7,13,5,1,7,0,0,1,OKP12134.1
1298,8,13,5,1,6,0,0,1,AFD50194.1
1299,8,13,5,1,6,0,0,1,XP_003663441.1
1300,8,13,5,1,6,0,0,1,Q12714.1
1301,7,13,5,1,6,0,0,1,XP_015403008.1
1302,4,13,5,0,7,0,3,3,AUS45859.1
1303,8,13,5,1,6,0,0,1,XP_018661465.1
1304,3,13,5,1,7,0,3,3,XP_007826775.1
1305,0,13,5,10,0,8,7,5,PPQ73410.1
1306,8,13,5,1,6,0,0,1,AMP44569.1
1307,3,13,5,9,6,0,1,5,KNE93994.1
1308,3,13,5,1,7,0,3,3,OHW99465.1
1309,7,13,5,1,6,0,0,1,KIM97048.1
1310,7,13,5,1,6,0,0,1,XP_013328908.1
1311,7,13,5,1,6,0,0,1,OJJ32625.1
1312,7,13,5,1,6,0,0,1,XP_026614649.1
1313,5,13,5,1,7,0,3,3,KFA53421.1
1314,3,13,5,7,8,2,4,5,KNF01766.1
1315,3,13,5,1,7,0,3,3,KXH40255.1
1316,8,13,5,1,6,0,0,1,AEO17039.1
1317,3,13,5,1,7,0,3,3,ORY66024.1
1318,7,13,5,1,6,0,0,1,PQE23689.1
1319,3,13,5,7,8,2,4,5,POW14050.1
1320,7,13,5,1,7,0,0,1,ACT53749.1
1321,8,13,5,1,6,0,0,1,PKK52653.1
1322,7,13,5,1,3,0,0,1,AUS45843.1
1323,8,13,5,1,6,0,0,1,OTA02599.1
1324,7,13,5,1,6,0,0,1,XP_001272393.1
1325,3,13,5,7,8,2,4,5,XP_003336529.1
1326,7,13,5,1,6,0,0,1,XP_001217286.1
1327,3,13,5,1,7,0,3,3,OTA91901.1
1328,8,13,5,1,7,0,0,1,XP_018034582.1
1329,3,13,5,1,7,0,3,3,OTA59750.1
1330,8,13,5,1,2,0,0,2,XP_003653476.1
1331,8,13,5,1,7,0,0,1,KKK18832.1
1332,3,13,5,1,7,0,3,3,KDN69973.1
1333,3,13,5,1,7,0,3,3,KZL66977.1
1334,5,13,5,1,7,0,3,3,EWC46684.1
1335,7,13,5,1,5,0,0,1,PKS10364.1
1336,5,13,5,0,7,0,3,3,KLU90594.1
1337,3,13,5,1,7,0,3,3,XP_018163442.1
1338,7,13,5,1,6,0,0,1,EPS32968.1
1339,7,13,5,1,6,0,0,1,XP_001217291.1
1340,2,15,3,9,6,0,2,5,GAT45921.1
1341,8,13,5,1,6,0,0,1,AEC03714.1
1342,7,13,5,1,7,0,0,1,PLN74894.1
1343,5,13,5,1,7,0,3,3,PSK53969.1
1344,3,13,5,7,8,2,4,5,OAV90639.1
1345,3,13,5,1,7,0,3,3,OTB11111.1
1346,8,13,5,1,6,0,0,1,AFJ54161.1
1347,7,13,5,1,7,0,0,1,OQE31641.1
1348,8,13,5,1,6,0,0,1,XP_024761505.1
1349,7,13,5,1,3,0,0,1,OIW25376.1
1350,3,13,5,1,8,0,0,1,EPE09822.1
1351,7,13,5,1,6,0,0,1,XP_024678968.1
1352,5,13,5,8,6,6,4,5,CCI11379.1
1353,3,13,5,1,7,0,3,4,XP_006694959.1
1354,7,13,5,1,6,0,0,1,PIG85971.1
1355,7,13,5,1,7,0,0,1,XP_007674700.1
1356,3,13,5,9,8,0,1,5,KNZ61518.1
1357,3,0,5,3,9,2,1,5,OAV97201.1
1358,3,13,5,1,7,0,3,3,KXH63092.1
1359,8,13,5,1,6,0,0,2,KUI65264.1
1360,7,13,5,1,6,0,0,1,GAQ05521.1
1361,8,13,5,1,6,0,0,1,PNP43187.1
1362,9,13,5,1,6,0,0,1,XP_024706865.1
1363,7,13,5,1,6,0,0,1,XP_001270378.1
1364,7,13,5,1,6,0,0,1,XP_001262790.1
1365,3,13,5,7,8,2,4,5,PLW09840.1
1366,8,13,5,1,6,0,0,1,PNP60528.1
1367,4,13,5,0,7,0,3,3,RKU43060.1
1368,0,13,5,10,0,0,9,5,POM57471.1
1369,4,13,5,1,7,0,3,3,KFA70565.1
1370,4,13,5,1,7,0,3,3,RPA74006.1
1371,3,13,5,1,7,0,3,3,EXF78288.1
1372,3,12,4,2,7,6,1,4,BAF57463.1
1373,4,13,5,0,7,0,3,3,OIW26693.1
1374,7,13,5,1,6,0,0,1,KMK55866.1
1375,3,13,5,1,7,0,3,3,XP_003042167.1
1376,3,13,5,1,7,0,3,3,XP_008100077.1
1377,3,13,5,1,7,0,3,3,XP_022477955.1
1378,14,13,5,1,7,0,0,1,OTA74810.1
1379,7,13,5,1,6,0,0,1,AEC03713.1
1380,3,13,5,1,7,0,3,3,EQB47096.1
1381,7,13,5,1,3,0,0,1,OAA66765.1
1382,3,13,5,1,7,0,3,3,KPM42577.1
1383,7,13,5,1,6,0,0,1,GAO85828.1
1384,3,13,6,1,7,0,2,3,XP_003721274.1
1385,3,13,5,1,7,0,2,3,KXJ89812.1
1386,3,13,5,1,7,0,3,3,PSN71505.1
1387,3,13,5,1,7,0,3,3,KXX78202.1
1388,3,13,5,1,7,0,3,3,XP_003664606.1
1389,8,13,5,1,6,0,0,2,ROV90657.1
1390,5,13,5,0,7,0,3,3,XP_009220936.1
1391,4,13,5,0,7,0,3,3,KFZ12993.1
1392,3,13,5,1,7,0,3,3,ELA27492.1
1393,8,13,5,1,6,0,0,1,XP_013944369.1
1394,8,13,5,1,7,0,0,1,KKK20241.1
1395,7,13,5,1,6,0,0,1,XP_026613706.1
1396,3,13,5,1,7,0,3,3,RMJ13969.1
1397,7,13,5,1,7,0,0,1,KEQ64414.1
1398,7,13,5,1,6,0,0,1,KEY79368.1
1399,3,13,6,1,7,0,2,3,AEX97159.1
1400,7,13,5,1,5,0,0,1,XP_016642496.1
1401,8,13,5,1,6,0,0,2,PSR83220.1
1402,3,13,5,1,7,0,3,3,ELA33398.1
1403,7,13,5,1,8,0,0,1,OTB13622.1
1404,10,13,5,1,2,0,0,2,XP_956431.1
1405,3,13,5,1,7,0,0,1,OAA55269.1
1406,8,13,5,1,6,0,0,2,KUI59283.1
1407,7,13,5,1,7,0,0,1,XP_013431068.1
1408,3,13,5,1,7,0,3,3,OTB03595.1
1409,7,13,5,1,7,0,0,1,XP_022491793.1
1410,5,13,5,1,7,0,3,3,POS68602.1
1411,5,13,5,1,7,0,3,3,RPA73852.1
1412,4,13,5,1,7,0,3,3,XP_001935476.1
1413,4,13,5,1,7,0,3,3,PKS11374.1
1414,7,13,5,1,3,0,0,1,XP_016587043.1
1415,7,13,5,1,6,0,3,3,ELQ38641.1
1416,4,13,5,0,7,0,3,3,PMD45505.1
1417,3,13,5,1,7,0,3,3,RFN49478.1
1418,3,13,5,1,7,0,3,3,ENH84097.1
1419,7,13,5,1,6,0,0,1,ROV96533.1
1420,3,13,5,1,7,0,3,3,XP_009650886.1
1421,8,13,5,1,6,0,0,1,XP_013952935.1
1422,7,13,5,1,6,0,0,1,ADR78837.1
1423,4,13,5,1,7,0,3,3,KZM21550.1
1424,3,13,5,1,7,0,3,3,RBR23191.1
1425,7,13,5,1,6,0,0,1,RHZ66275.1
1426,3,13,5,1,7,0,3,3,EQB57198.1
1427,7,13,5,1,6,0,0,1,XP_018125963.1
1428,4,13,5,1,7,0,3,3,XP_016639308.1
1429,7,13,5,1,6,0,0,1,KFZ00907.1
1430,4,13,5,1,7,0,3,3,XP_003720295.1
1431,4,13,5,1,7,0,3,3,VBB79487.1
1432,3,13,5,1,7,0,3,3,EXA41331.1
1433,3,13,5,1,7,0,3,3,OLN87910.1
1434,4,13,5,0,7,0,3,3,XP_007291601.1
1435,5,13,5,1,7,0,3,3,EPS41805.1
1436,7,13,5,1,7,0,0,1,OQD79223.1
1437,4,13,5,1,7,0,3,3,ELQ67794.1
1438,3,13,5,1,7,0,3,3,ORY11044.1
1439,3,13,5,1,7,0,3,3,ENH84869.1
1440,8,13,5,1,6,0,0,1,XP_001229968.1
1441,3,13,5,1,7,0,3,3,CAD56666.1
1442,10,13,5,1,2,0,0,2,XP_009854773.1
1443,4,13,5,1,7,0,3,3,KFY44167.1
1444,10,13,5,1,2,0,0,2,XP_003348034.1
1445,3,13,5,1,7,0,3,3,RKL44928.1
1446,2,13,5,10,0,0,0,5,RLN43737.1
1447,5,13,5,1,7,0,3,3,XP_011125285.1
1448,3,13,5,1,7,0,3,3,KZL85729.1
1449,7,13,5,1,6,0,0,1,OQN98347.1
1450,3,13,5,1,7,0,3,3,PNP85135.1
1451,7,13,5,1,6,0,0,1,KUI66808.1
1452,3,13,5,1,7,0,3,3,EMR63988.1
1453,4,13,5,1,7,0,3,3,EFQ91197.1
1454,7,13,5,1,6,0,0,1,KUI58119.1
1455,4,13,5,1,7,0,3,3,KFY17939.1
1456,3,13,5,1,7,0,3,3,KIL92162.1
1457,7,13,5,1,6,0,0,1,KKK13555.1
1458,4,13,5,1,7,0,3,3,KFH42209.1
1459,7,13,5,1,6,0,0,1,OQO03793.1
1460,4,13,5,0,6,0,3,3,RFU23655.1
1461,4,13,5,1,7,0,3,3,Q12622.1
1462,6,0,5,0,6,6,11,5,KIO22627.1
1463,3,13,5,1,7,0,3,3,2OVW_A
1464,6,15,5,8,6,6,0,5,KDN67726.1
1465,3,13,4,2,7,6,1,4,BAF57417.1
1466,4,13,6,1,7,0,3,3,RPA78534.1
1467,4,13,5,1,7,0,3,3,KNG49974.1
1468,4,13,5,1,7,0,3,3,XP_018384981.1
1469,3,13,5,1,7,0,3,3,OBS23353.1
1470,4,13,5,1,7,0,3,3,XP_001903720.1
1471,2,13,5,10,6,0,9,5,OWZ00802.1
1472,2,6,0,0,2,2,2,5,EJY79292.1
1473,8,13,5,1,6,0,0,1,1EG1_A
1474,9,13,5,1,6,0,0,1,CEL06627.1
1475,3,13,5,1,7,0,3,3,1OVW_A
1476,4,13,5,1,7,0,3,3,KZL85384.1
1477,8,13,5,1,6,0,0,1,5W0A_A
1478,4,13,5,1,7,0,3,3,OLN81951.1
1479,4,13,5,1,7,0,3,3,XP_018151835.1
1480,4,13,5,0,2,0,3,3,KFY79001.1
1481,4,13,5,0,7,0,3,3,XP_008082686.1
1482,4,13,5,1,7,0,3,3,KFA70766.1
1483,2,13,5,10,0,0,0,5,RLN58891.1
1484,3,13,5,1,7,0,3,3,XP_011320549.1
1485,4,13,5,1,7,0,3,3,2A39_A
1486,4,13,5,1,7,0,3,3,OSS52874.1
1487,3,13,5,1,7,0,3,3,PTD04164.1
1488,3,13,5,1,7,0,3,3,CRK47963.1
1489,6,24,5,8,6,8,1,5,OBT57087.1
1490,7,13,5,1,7,0,0,1,XP_024671592.1
1491,3,13,5,1,7,0,3,3,XP_009260949.1
1492,8,13,6,1,6,0,0,3,XP_007409658.1
1493,7,13,5,1,6,0,0,1,KXX82701.1
1494,4,13,5,1,7,0,3,3,KZL75277.1
1495,4,13,5,1,7,0,3,3,KFA50685.1
1496,4,13,5,0,2,0,3,3,KFY53438.1
1497,4,13,5,1,7,0,3,3,KDN60249.1
1498,4,13,5,1,7,0,3,3,EXF72999.1
1499,4,13,5,1,7,0,3,3,XP_014551036.1
1500,3,13,5,1,7,0,3,3,PVI01840.1
1501,8,13,5,1,6,0,0,1,XP_661022.1
1502,8,13,5,1,6,0,0,1,GAW21670.1
1503,4,13,5,1,7,0,3,3,PGH03602.1
1504,4,13,5,0,2,0,3,3,KFY35206.1
1505,4,13,5,1,7,0,3,3,CZT06667.1
1506,4,13,5,1,7,0,3,3,1OJI_A
1507,4,13,5,0,2,0,3,3,KFZ23731.1
1508,8,13,5,1,7,0,0,1,PSR81291.1
1509,3,13,5,1,7,0,3,3,RGP67342.1
1510,3,13,5,1,7,0,3,3,XP_025584106.1
1511,4,13,5,0,7,0,3,3,PVH76851.1
1512,5,13,5,1,7,0,3,3,PNS21313.1
1513,4,13,5,0,2,0,3,3,KFY14813.1
1514,4,13,5,0,7,0,3,3,CZT12735.1
1515,4,13,5,0,7,0,3,3,CZT52897.1
1516,6,0,4,1,6,8,7,5,KFA81107.1
1517,4,13,5,1,7,0,3,3,PVH83766.1
1518,4,13,5,1,7,0,3,3,KFY04245.1
1519,3,13,5,1,7,0,3,3,RGP63876.1
1520,7,13,5,2,6,0,0,1,XP_001906344.1
1521,4,13,5,1,7,0,3,3,XP_022469278.1
1522,4,13,5,1,7,0,3,3,XP_014073814.1
1523,4,13,5,0,2,0,3,3,XP_018128216.1
1524,4,13,5,1,7,0,3,3,AAK19621.1
1525,6,0,4,1,6,8,7,5,KEY69368.1
1526,4,13,5,0,2,0,3,3,KFY81472.1
1527,7,13,5,1,7,0,0,1,XP_024689105.1
1528,4,13,5,1,7,0,3,3,KXH33301.1
1529,4,13,5,1,7,0,3,3,OAL43067.1
1530,7,13,5,1,3,0,0,1,KIH86576.1
1531,4,13,5,0,2,0,3,3,OBT63731.1
1532,6,13,5,8,6,8,1,5,XP_018135161.1
1533,7,13,5,2,6,0,0,1,VBB80398.1
1534,4,13,5,1,7,0,3,3,XP_008024638.1
1535,7,13,5,1,3,0,0,1,XP_003345850.1
1536,4,13,5,1,7,0,3,3,KFY47794.1
1537,7,13,5,1,6,0,0,1,ROV90444.1
1538,4,13,5,1,7,0,3,3,KXH60722.1
1539,2,13,5,10,0,0,0,5,RLN55381.1
1540,4,13,5,0,2,0,2,3,OBT51334.1
1541,4,13,5,1,7,0,3,3,XP_007701837.1
1542,4,13,5,0,2,0,3,3,OBT81281.1
1543,4,13,5,1,7,0,3,3,KFZ11545.1
1544,4,13,5,1,7,0,3,3,KFY21901.1
1545,4,13,5,1,7,0,3,3,KFY07944.1
1546,4,13,5,1,7,0,3,3,XP_007714097.1
1547,7,13,5,1,7,0,0,1,RMZ11953.1
1548,4,13,5,0,2,0,3,3,OBT74322.1
1549,3,13,5,1,7,0,3,3,GAW20298.1
1550,4,13,5,1,7,0,3,3,XP_007691315.1
1551,3,13,5,1,7,0,3,3,GAP88255.2
1552,4,13,5,1,7,0,3,3,XP_014079628.1
1553,4,13,5,0,2,0,3,3,KFY25003.1
1554,4,13,5,1,7,0,3,3,XP_007702164.1
1555,8,13,5,1,6,0,0,1,AAM54071.1
1556,7,13,5,1,7,0,0,1,RMY62672.1
1557,4,13,5,0,2,0,3,3,OBT46120.1
1558,8,13,5,1,6,0,0,1,XP_026606673.1
1559,7,13,5,1,6,0,0,1,ROW06316.1
1560,7,13,5,1,7,0,0,1,OTA30467.1
1561,4,13,5,1,7,0,3,3,XP_007690044.1
1562,7,13,5,1,7,0,0,1,RMY91014.1
1563,7,13,5,1,7,0,0,1,OTA32532.1
1564,7,13,5,1,7,0,0,1,RMX79629.1
1565,4,13,5,1,7,0,3,3,OBT83480.1
1566,4,13,5,1,7,0,3,3,OBT39142.1
1567,8,13,5,1,7,0,0,1,OJJ00937.1
1568,7,13,5,1,7,0,0,1,RMZ05143.1
1569,8,13,5,1,6,0,0,1,PYH94160.1
1570,7,13,5,2,6,3,0,0,XP_011127257.1
1571,3,13,5,1,7,0,0,1,XP_014170719.1
1572,8,13,5,1,7,0,0,1,OJJ61614.1
1573,4,13,5,0,2,0,3,3,KFX93759.1
1574,4,13,5,0,2,0,3,3,KFY05095.1
1575,4,13,5,1,7,0,3,3,OBT74011.1
1576,6,15,5,8,11,2,10,5,VBB81035.1
1577,4,13,5,1,7,0,3,3,XP_008099372.1
1578,4,13,5,0,7,0,3,3,PGG99346.1
1579,7,13,5,1,7,0,0,1,RMX75445.1
1580,4,13,5,1,7,0,3,3,OAL03143.1
1581,7,13,5,1,6,0,0,1,POS69885.1
1582,4,13,5,1,7,0,3,3,XP_014550478.1
1583,4,13,5,1,7,0,3,3,XP_007688323.1
1584,4,13,5,1,7,0,3,3,XP_014074599.1
1585,4,13,5,1,8,0,3,3,RMZ69756.1
1586,23,13,5,1,7,0,0,1,XP_025551065.1
1587,4,13,5,0,6,0,3,3,OWP05017.1
1588,7,13,5,1,8,0,0,1,OTB06064.1
1589,8,13,5,1,6,0,0,0,XP_024749210.1
1590,11,13,5,1,6,0,0,1,XP_025397816.1
1591,4,13,5,1,7,0,3,3,XP_018031386.1
1592,4,13,5,1,7,0,3,3,XP_007699991.1
1593,7,13,5,1,7,0,0,1,KFX95479.1
1594,7,13,5,1,7,0,0,1,KFX95062.1
1595,7,13,5,1,7,0,0,1,RMZ23329.1
1596,3,13,6,1,0,0,2,3,EAQ70834.1
1597,4,13,5,1,7,0,3,3,KFY33986.1
1598,7,13,5,1,7,0,0,1,KFY41376.1
1599,4,13,5,1,7,0,3,3,OBT63025.1
1600,3,13,5,1,7,0,3,3,ROT36704.1
1601,5,0,0,0,6,6,4,0,KZP29026.1
1602,7,13,5,1,7,0,0,1,EWC44736.1
1603,4,13,5,1,7,0,3,3,KFZ02040.1
1604,3,12,4,2,7,6,1,4,BAF57386.1
1605,7,13,5,1,0,0,0,1,RMJ22283.1
1606,3,7,4,10,6,0,3,5,CUA75473.1
1607,7,13,5,1,6,0,0,1,KKK15988.1
1608,7,13,7,9,6,11,7,5,PKS08567.1
1609,7,13,4,0,6,0,0,1,RFU35774.1
1610,7,13,5,1,6,0,0,1,OBT57787.1
1611,3,13,5,1,7,0,3,3,XP_001226402.1
1612,5,15,5,2,8,0,3,1,KKA28489.1
1613,5,10,5,2,6,4,0,0,XP_025576959.1
1614,8,13,5,1,0,0,0,1,GAP87383.2
1615,9,13,6,1,8,0,3,3,KLU90884.1
1616,0,13,5,8,6,0,1,5,KIO25536.1
1617,0,13,5,1,0,0,0,1,OTA67792.1
1618,2,13,5,10,6,0,4,5,XP_007391663.1
1619,0,13,5,10,0,0,9,5,RLN52506.1
1620,7,13,5,1,3,0,0,1,EGZ68083.1
1621,4,0,0,0,2,0,3,3,KFY23569.1
1622,5,10,5,2,6,4,0,0,PYI10672.1
1623,4,13,5,1,0,0,3,3,XP_001803151.1
1624,7,13,5,1,3,0,0,1,ORY00089.1
1625,1,8,4,2,6,6,7,5,KXN91647.1
1626,7,13,5,1,3,0,0,1,AUS45854.1
1627,3,13,5,1,3,0,0,1,PMD20389.1
1628,7,13,5,1,3,0,0,1,XP_003649482.1
1629,5,12,5,2,6,4,0,0,PYH97044.1
1630,4,13,5,0,0,0,3,3,EHK96098.1
1631,5,13,5,1,0,0,3,3,KKY30234.1
1632,7,13,5,1,3,0,0,1,OAA58934.1
1633,6,15,5,8,11,2,0,5,CDP29257.1
1634,7,13,5,1,3,0,0,1,PVI03099.1
1635,8,13,5,1,3,0,0,1,PKS06079.1
1636,7,13,5,1,3,0,0,1,RDL36776.1
1637,5,14,5,2,3,0,1,0,BAF57305.1
1638,7,13,5,1,3,0,0,1,KFZ17183.1
1639,3,13,5,1,3,0,0,1,PMD43144.1
1640,5,12,4,2,4,0,1,0,BAF57398.1
1641,7,13,5,1,3,0,0,1,XP_018067218.1
1642,7,13,5,1,1,0,0,1,XP_014174976.1
1643,7,13,5,1,3,0,0,1,PVH81057.1
1644,7,13,5,1,3,0,0,1,KFY16141.1
1645,7,13,5,1,3,0,0,1,KFY98137.1
1646,3,13,5,1,3,0,0,1,CZR52860.1
1647,6,12,5,2,4,4,1,0,BAF57314.1
1648,7,13,5,1,3,0,0,1,OTA64206.1
1649,5,11,4,3,4,0,1,0,BAF57396.1
1650,7,7,6,1,9,8,0,5,EGU79668.1
1651,6,13,5,2,4,0,1,0,BAF57295.1
1652,7,7,6,1,9,8,0,5,SCO76346.1
1653,5,14,5,2,3,0,1,0,BAF57374.1
1654,7,13,5,1,3,0,0,1,XP_007841266.1
1655,5,14,5,2,3,0,1,0,BAF57424.1
1656,8,13,5,1,3,0,0,1,XP_016644738.1
1657,3,13,5,1,7,0,3,3,CRK31706.1
1658,5,12,4,2,4,0,1,0,BAF57379.1
1659,3,13,5,1,3,0,0,1,OTB03263.1
1660,7,7,6,1,9,8,0,5,XP_023437757.1
1661,7,13,5,1,3,0,0,1,OTA84776.1
1662,7,7,6,1,9,8,0,5,CVL03983.1
1663,7,13,5,1,3,0,0,1,KFX96407.1
1664,1,5,4,0,1,2,0,2,KZS07709.1
1665,7,7,6,1,9,8,0,5,CVL08831.1
1666,7,13,5,1,5,0,3,0,OCK99149.1
1667,7,13,5,1,3,0,0,1,OTB19472.1
1668,7,13,5,1,3,0,0,1,XP_018126203.1
1669,5,12,4,2,4,0,1,0,BAF57384.1
1670,7,7,6,1,9,8,0,5,XP_018758261.1
1671,5,12,4,2,4,0,1,0,BAF57391.1
1672,7,13,5,1,3,0,0,1,KFY15750.1
1673,1,13,5,10,6,0,8,0,KDQ27452.1
1674,7,7,6,1,9,8,0,5,PNP83823.1
1675,1,5,4,0,1,2,0,1,KZS10136.1
1676,1,5,4,0,1,2,0,1,EFX82190.1
1677,7,7,6,1,9,8,0,5,RKL38911.1
1678,5,12,5,2,3,0,1,0,BAF57300.1
1679,7,13,5,1,0,0,0,1,KKY29722.1
1680,3,13,4,1,7,0,0,0,KLP11444.1
1681,9,11,4,2,4,0,1,0,BAF57385.1
1682,5,11,4,2,4,0,1,0,BAF57397.1
1683,5,11,4,2,4,0,1,0,BAF57388.1
1684,1,5,4,0,1,2,0,2,EFX66407.1
1685,7,0,1,0,9,8,0,5,RBQ91517.1
1686,5,11,4,2,4,0,1,1,BAF57383.1
1687,2,13,5,2,4,0,1,0,BAF57315.1
1688,7,13,5,1,3,0,0,1,KFY44339.1
1689,3,13,5,1,3,0,0,1,ERT00921.1
1690,2,13,5,2,5,0,1,0,BAF57310.1
1691,3,13,5,1,3,0,0,1,XP_016590706.1
1692,7,13,5,1,3,0,0,1,KFZ20531.1
1693,3,13,5,1,3,0,0,1,KIH92363.1
1694,5,11,4,2,4,0,1,0,BAF57426.1
1695,5,15,7,2,4,0,1,0,BAF57294.1
1696,6,11,4,2,4,0,1,0,BAF57393.1
1697,5,11,4,2,4,0,1,0,BAF57395.1
1698,2,13,5,2,5,0,1,0,BAF57306.1
1699,6,16,5,9,6,0,0,5,EXF86061.1
1700,6,11,4,2,5,0,1,0,BAB64563.2
1701,6,15,5,8,0,2,0,5,XP_001904407.1
1702,9,11,4,2,4,0,1,0,BAF57381.1
1703,7,11,4,2,7,0,1,0,AAY83390.3
1704,5,15,7,2,4,0,1,0,BAF57303.1
1705,5,11,4,2,3,0,1,0,BAF57462.1
1706,5,15,7,2,4,0,1,0,BAF57296.1
1707,5,11,4,2,4,0,0,0,BAF57387.1
1708,5,11,4,2,4,0,1,0,BAF57416.1
1709,5,12,4,3,3,0,1,0,BAF57378.1
1710,6,11,4,2,5,0,1,0,BAB64553.1
1711,5,11,4,2,4,0,1,0,BAF57420.1
1712,6,11,4,2,5,0,1,0,BAB64554.1
1713,5,11,4,2,4,0,1,0,BAF57380.1
1714,2,13,5,2,5,0,1,0,AGT15838.1
1715,5,11,4,2,4,0,1,0,BAF57430.1
1716,2,13,5,2,5,0,1,0,BAF57298.1
1717,5,11,4,2,5,0,1,0,BAC07552.1
1718,1,6,3,0,1,2,0,4,EFX65833.1
1719,6,11,4,2,4,0,1,0,BAF57392.1
1720,5,11,4,2,4,0,0,0,BAF57419.1
1721,6,11,4,2,5,0,1,0,BAC07551.1
1722,8,11,5,18,2,1,1,5,OLQ08565.1
1723,4,13,5,1,7,0,0,3,RMZ71934.1
1724,6,11,4,2,5,0,1,0,BAB64565.3
1725,5,11,4,2,4,0,1,0,BAF57429.1
1726,7,13,0,1,7,0,0,0,KIN00921.1
1727,3,13,5,1,7,0,0,3,KLU82251.1
1728,3,13,4,0,7,0,0,3,XP_009219509.1
1729,1,8,5,6,6,0,18,0,AGU16948.1
1730,7,13,5,1,6,0,0,1,XP_018125050.1
1731,7,13,5,1,6,0,0,1,PQE21522.1
1732,7,13,5,1,6,0,0,1,PTU19722.1
1733,7,13,5,1,6,0,0,1,EPS36457.1
1734,5,13,5,10,6,8,10,5,OWP06600.1
1735,6,5,0,2,6,6,7,0,KIO16923.1
1736,0,13,5,10,0,8,8,5,KIM19676.1
1737,0,13,5,9,0,8,10,5,XP_007916592.1
1738,6,0,0,0,6,8,10,0,GAP90445.2
1739,6,0,0,0,6,8,10,0,CRK36807.1
1740,7,6,5,1,3,0,0,1,XP_957642.2
1741,6,0,0,0,6,8,10,0,CRK14272.1
1742,7,6,5,1,3,0,0,1,CAE85587.1
1743,0,13,5,8,0,8,10,5,RAL60839.1
1744,0,6,3,0,0,2,0,4,EFX65841.1
1745,6,13,5,8,6,10,1,5,CZT44311.1
1746,5,0,0,0,6,8,5,0,CRK40455.1
1747,7,1,5,1,3,0,0,1,XP_009854420.1
1748,2,6,5,10,0,0,0,5,XP_002901553.1